country,bracket,SC,SG,SN,SI,World_SC,World_SG,World_SN,World_SI
IT,p0p5,23847,27898,36841,13844,23847,6490,3660,740
IT,p5p10,24500,28383,37889,16060,24500,14624,5717,1637
IT,p10p15,25189,29810,38996,21728,25189,22087,6660,2513
IT,p15p20,25918,32508,40167,27680,25918,23951,7960,3473
IT,p20p25,26693,34335,41413,31455,26693,24254,9733,4552
IT,p25p30,27520,35731,42741,34210,27520,25038,12272,5864
IT,p30p35,28407,37850,44164,37640,28407,25993,16202,7418
IT,p35p40,29361,39763,45697,40462,29361,26751,20681,9102
IT,p40p45,30395,42950,47358,44858,30395,27369,23390,10889
IT,p45p50,31523,45478,49171,48329,31523,27843,25628,12767
IT,p50p55,32765,47375,51165,50954,32765,28272,28225,14787
IT,p55p60,34145,48950,53382,53152,34145,28844,31057,17157
IT,p60p65,35698,50757,55877,55694,35698,29439,34205,19988
IT,p65p70,37475,53401,58731,59479,37475,31136,37069,23657
IT,p70p75,39551,56565,62065,64046,39551,33459,40182,28319
IT,p75p80,42047,60591,66073,69918,42047,36812,43634,34469
IT,p80p85,45178,65254,71104,76755,45178,42947,47913,43127
IT,p85p90,49390,71351,77869,86025,49390,51687,53775,55262
IT,p90p95,55876,82752,88287,104002,55876,66917,63057,77180
IT,p95p99,68072,119465,107876,155162,68072,116851,81112,146982
IT,p99p100,91861,359421,146087,466817,91861,494714,119309,624578
BR,p0p5,25789,23964,22797,2925,25789,7018,3958,800
BR,p5p10,26495,25693,23446,3410,26495,15815,6182,1771
BR,p10p15,27240,26005,24131,4452,27240,23885,7203,2718
BR,p15p20,28029,26658,24856,6372,28029,25901,8608,3756
BR,p20p25,28867,27843,25626,8219,28867,26229,10525,4923
BR,p25p30,29761,28429,26448,9483,29761,27077,13271,6341
BR,p30p35,30719,29136,27329,11190,30719,28110,17521,8022
BR,p35p40,31751,29748,28277,13104,31751,28929,22365,9843
BR,p40p45,32870,30009,29305,14179,32870,29597,25294,11776
BR,p45p50,34090,30277,30427,15439,34090,30110,27715,13807
BR,p50p55,35433,30409,31661,16120,35433,30574,30523,15991
BR,p55p60,36925,30583,33033,16934,36925,31193,33586,18553
BR,p60p65,38605,30996,34577,18638,38605,31835,36990,21616
BR,p65p70,40526,31501,36343,21164,40526,33671,40087,25583
BR,p70p75,42771,32591,38406,24717,42771,36183,43454,30624
BR,p75p80,45470,34701,40886,28991,45470,39810,47186,37276
BR,p80p85,48857,37789,43999,35270,48857,46443,51814,46638
BR,p85p90,53412,46298,48186,48290,53412,55896,58154,59762
BR,p90p95,60425,71819,54632,85228,60425,72366,68191,83464
BR,p95p99,73614,165065,66754,214387,73614,126366,87717,158949
BR,p99p100,99340,609525,90399,791653,99340,534994,129023,675432
CN,p0p5,30569,30872,44810,5430,30569,8319,4691,949
CN,p5p10,31406,31617,46086,7512,31406,18747,7328,2099
CN,p10p15,32289,33322,47432,10427,32289,28313,8538,3222
CN,p15p20,33224,34728,48857,13851,33224,30703,10204,4452
CN,p20p25,34218,35822,50371,18012,34218,31091,12476,5835
CN,p25p30,35278,36831,51987,22545,35278,32096,15731,7517
CN,p30p35,36414,37967,53718,27567,36414,33320,20768,9509
CN,p35p40,37637,40401,55583,32846,37637,34291,26511,11668
CN,p40p45,38963,43013,57603,38254,38963,35083,29983,13959
CN,p45p50,40409,45863,59808,43953,40409,35691,32852,16366
CN,p50p55,42001,49660,62234,49967,42001,36241,36181,18955
CN,p55p60,43770,54122,64930,56231,43770,36975,39812,21993
CN,p60p65,45761,58910,67965,62796,45761,37737,43846,25623
CN,p65p70,48039,63824,71436,69650,48039,39912,47518,30326
CN,p70p75,50699,69046,75491,77090,50699,42890,51509,36301
CN,p75p80,53898,75031,80367,85770,53898,47189,55933,44186
CN,p80p85,57913,82925,86486,97355,57913,55052,61418,55283
CN,p85p90,63312,95579,94715,116623,63312,66257,68934,70840
CN,p90p95,71626,122846,107386,158300,71626,85780,80832,98935
CN,p95p99,87260,206013,131213,267570,87260,149789,103976,188413
CN,p99p100,117754,751265,177691,975745,117754,634163,152939,800633
IN,p0p5,30109,29439,28016,4704,30109,8194,4621,935
IN,p5p10,30933,31526,28814,8039,30933,18464,7218,2067
IN,p10p15,31803,32884,29655,10367,31803,27887,8409,3173
IN,p15p20,32724,33588,30546,11986,32724,30240,10050,4385
IN,p20p25,33702,34122,31493,13328,33702,30623,12289,5747
IN,p25p30,34747,34477,32503,14412,34747,31613,15494,7403
IN,p30p35,35865,34811,33586,15593,35865,32819,20456,9366
IN,p35p40,37070,35102,34752,16836,37070,33775,26111,11492
IN,p40p45,38376,35314,36015,17863,38376,34555,29532,13749
IN,p45p50,39801,35584,37393,19220,39801,35154,32357,16120
IN,p50p55,41368,35911,38910,20616,41368,35695,35637,18670
IN,p55p60,43111,36284,40595,22168,43111,36418,39212,21661
IN,p60p65,45072,36634,42493,23870,45072,37168,43186,25237
IN,p65p70,47315,36991,44663,25907,47315,39311,46802,29869
IN,p70p75,49936,37769,47199,28323,49936,42244,50733,35754
IN,p75p80,53087,39434,50247,31609,53087,46479,55091,43520
IN,p80p85,57041,41825,54073,36560,57041,54223,60493,54451
IN,p85p90,62359,44976,59218,42883,62359,65259,67896,69773
IN,p90p95,70547,84427,67140,100817,70547,84488,79615,97445
IN,p95p99,85946,180337,82037,234222,85946,147534,102411,185576
IN,p99p100,115981,865977,111096,1124733,115981,624613,150636,788577
US,p0p5,30816,22042,51350,3353,30816,8386,4729,957
US,p5p10,31659,33938,52812,11623,31659,18898,7387,2116
US,p10p15,32549,36864,54354,21594,32549,28541,8607,3248
US,p15p20,33492,39105,55988,29792,33492,30950,10286,4488
US,p20p25,34494,41309,57723,34308,34494,31342,12577,5882
US,p25p30,35562,42868,59575,37550,35562,32355,15858,7577
US,p30p35,36707,44944,61558,41854,36707,33589,20936,9585
US,p35p40,37941,47565,63695,46568,37941,34567,26724,11762
US,p40p45,39277,50260,66010,50688,39277,35366,30225,14071
US,p45p50,40735,53164,68537,54783,40735,35979,33117,16498
US,p50p55,42339,56704,71316,59609,42339,36533,36473,19108
US,p55p60,44123,60538,74406,64903,44123,37273,40133,22170
US,p60p65,46130,64391,77884,70280,46130,38041,44200,25829
US,p65p70,48426,68550,81862,76208,48426,40234,47901,30570
US,p70p75,51108,73638,86509,83550,51108,43236,51924,36594
US,p75p80,54333,80013,92097,92861,54333,47570,56384,44542
US,p80p85,58380,88108,99109,104907,58380,55496,61913,55729
US,p85p90,63823,99486,108538,122407,63823,66791,69489,71411
US,p90p95,72203,120706,123059,155469,72203,86471,81483,99733
US,p95p99,87963,198528,150364,257849,87963,150997,104815,189932
US,p99p100,118703,922481,203625,1198120,118703,639276,154172,807088
CA,p0p5,27004,31979,38027,17528,27004,7349,4144,838
CA,p5p10,27744,32281,39109,18793,27744,16561,6474,1854
CA,p10p15,28524,32860,40251,21457,28524,25011,7542,2846
CA,p15p20,29350,33550,41461,24555,29350,27122,9014,3933
CA,p20p25,30228,34916,42746,27453,30228,27466,11022,5155
CA,p25p30,31164,36732,44117,31183,31164,28353,13897,6640
CA,p30p35,32168,38731,45586,35306,32168,29435,18347,8400
CA,p35p40,33248,40867,47168,39476,33248,30292,23419,10307
CA,p40p45,34419,43578,48883,43717,34419,30992,26487,12331
CA,p45p50,35697,46500,50754,47884,35697,31529,29021,14458
CA,p50p55,37103,49574,52812,52075,37103,32015,31962,16745
CA,p55p60,38666,52651,55100,56321,38666,32663,35169,19428
CA,p60p65,40425,55758,57676,60648,40425,33336,38734,22635
CA,p65p70,42437,59086,60622,65379,42437,35258,41977,26790
CA,p70p75,44787,62826,64063,70727,44787,37889,45502,32068
CA,p75p80,47614,66977,68201,76779,47614,41686,49411,39033
CA,p80p85,51160,71975,73393,84099,51160,48633,54256,48837
CA,p85p90,55929,78415,80376,93768,55929,58531,60895,62579
CA,p90p95,63274,88495,91129,109339,63274,75777,71406,87398
CA,p95p99,77084,113539,111350,146900,77084,132323,91852,166442
CA,p99p100,104023,373133,150791,484626,104023,560214,135105,707273
DE,p0p5,27825,32482,47940,15792,27825,7572,4270,864
DE,p5p10,28587,33628,49304,21150,28587,17064,6670,1910
DE,p10p15,29391,36299,50744,28960,29391,25772,7772,2933
DE,p15p20,30242,39853,52269,36275,30242,27947,9288,4052
DE,p20p25,31147,41957,53889,40434,31147,28301,11357,5311
DE,p25p30,32112,44414,55618,44306,32112,29215,14319,6842
DE,p30p35,33145,47367,57470,48588,33145,30330,18904,8655
DE,p35p40,34259,50267,59465,52548,34259,31213,24131,10621
DE,p40p45,35466,53215,61626,56597,35466,31935,27292,12706
DE,p45p50,36782,56103,63985,60603,36782,32488,29903,14897
DE,p50p55,38231,58699,66580,64241,38231,32988,32934,17254
DE,p55p60,39841,60861,69465,67342,39841,33656,36238,20019
DE,p60p65,41654,62283,72712,69369,41654,34350,39911,23323
DE,p65p70,43727,64528,76425,72567,43727,36330,43253,27604
DE,p70p75,46149,67938,80764,77552,46149,39041,46886,33043
DE,p75p80,49061,72490,85980,84219,49061,42954,50913,40220
DE,p80p85,52715,77459,92526,91531,52715,50111,55906,50321
DE,p85p90,57630,86499,101330,105364,57630,60310,62747,64482
DE,p90p95,65197,103333,114886,131978,65197,78081,73577,90055
DE,p95p99,79428,165266,140378,214648,79428,136345,94644,171502
DE,p99p100,107185,616953,190101,801301,107185,577245,139213,728775
PE,p0p5,28654,5115,19604,619,28654,7798,4397,889
PE,p5p10,29438,10834,20162,1310,29438,17572,6869,1967
PE,p10p15,30266,16107,20751,1948,30266,26539,8003,3020
PE,p15p20,31143,21887,21375,2647,31143,28779,9565,4173
PE,p20p25,32074,27966,22037,3633,32074,29143,11695,5470
PE,p25p30,33068,28871,22744,4908,33068,30085,14746,7046
PE,p30p35,34133,29248,23502,6354,34133,31233,19467,8913
PE,p35p40,35279,30300,24317,8062,35279,32143,24850,10937
PE,p40p45,36522,31287,25201,9856,36522,32886,28105,13084
PE,p45p50,37878,32133,26166,11810,37878,33455,30794,15341
PE,p50p55,39370,32876,27227,13952,39370,33971,33915,17768
PE,p55p60,41028,33493,28407,16473,41028,34658,37318,20615
PE,p60p65,42894,34132,29734,19417,42894,35373,41100,24018
PE,p65p70,45029,34924,31253,23101,45029,37412,44541,28426
PE,p70p75,47523,36258,33027,27543,47523,40203,48282,34027
PE,p75p80,50522,38853,35160,32820,50522,44233,52429,41418
PE,p80p85,54285,42914,37837,40904,54285,51603,57571,51820
PE,p85p90,59346,51229,41437,53376,59346,62106,64615,66402
PE,p90p95,67139,68157,46981,77292,67139,80406,75768,92737
PE,p95p99,81793,123014,57405,156674,81793,140406,97463,176609
PE,p99p100,110377,510525,77739,663071,110377,594435,143358,750477
JP,p0p5,30284,32485,42188,9312,30284,8242,4648,940
JP,p5p10,31113,34114,43388,12949,31113,18572,7260,2079
JP,p10p15,31988,35443,44656,17654,31988,28049,8458,3192
JP,p15p20,32914,36524,45998,22531,32914,30416,10109,4411
JP,p20p25,33899,37721,47423,27638,33899,30801,12360,5781
JP,p25p30,34949,40251,48945,33011,34949,31797,15585,7447
JP,p30p35,36074,43002,50574,38706,36074,33010,20575,9420
JP,p35p40,37286,46001,52330,44523,37286,33972,26264,11559
JP,p40p45,38600,49765,54232,50340,38600,34756,29704,13829
JP,p45p50,40033,53233,56308,55186,40033,35359,32546,16214
JP,p50p55,41609,55760,58591,58623,41609,35903,35844,18779
JP,p55p60,43362,57699,61130,61301,43362,36630,39441,21788
JP,p60p65,45335,59028,63987,63132,45335,37385,43438,25384
JP,p65p70,47591,59420,67255,63668,47591,39541,47075,30043
JP,p70p75,50227,59782,71073,64168,50227,42490,51029,35963
JP,p75p80,53396,60091,75664,64597,53396,46749,55412,43774
JP,p80p85,57374,60817,81425,65617,57374,54539,60846,54768
JP,p85p90,62722,67666,89172,75347,62722,65640,68291,70180
JP,p90p95,70959,98937,101101,122322,70959,84981,80079,98013
JP,p95p99,86447,216006,123534,280549,86447,148394,103007,186657
JP,p99p100,116657,562774,167291,730932,116657,628254,151514,793173
AU,p0p5,27355,30307,36383,10417,27355,7444,4198,849
AU,p5p10,28103,31139,37419,12656,28103,16775,6557,1878
AU,p10p15,28893,32427,38512,17834,28893,25336,7640,2883
AU,p15p20,29730,33478,39669,22773,29730,27474,9131,3984
AU,p20p25,30619,34367,40899,25882,30619,27822,11164,5221
AU,p25p30,31568,35710,42210,28483,31568,28721,14077,6726
AU,p30p35,32585,37450,43616,32093,32585,29817,18585,8509
AU,p35p40,33679,39526,45130,36378,33679,30685,23723,10441
AU,p40p45,34865,42264,46771,41392,34865,31394,26830,12491
AU,p45p50,36160,45419,48560,46164,36160,31938,29397,14645
AU,p50p55,37584,48035,50530,49782,37584,32430,32377,16962
AU,p55p60,39167,50726,52719,53448,39167,33087,35625,19680
AU,p60p65,40949,53795,55183,57690,40949,33768,39236,22928
AU,p65p70,42987,57057,58002,62243,42987,35715,42521,27137
AU,p70p75,45368,60808,61294,67588,45368,38380,46092,32484
AU,p75p80,48231,65322,65254,74099,48231,42227,50051,39539
AU,p80p85,51823,70860,70222,82188,51823,49263,54960,49470
AU,p85p90,56654,77763,76903,92441,56654,59290,61685,63390
AU,p90p95,64094,88252,87191,108564,64094,76759,72332,88531
AU,p95p99,78084,118745,106538,153531,78084,134038,93042,168600
AU,p99p100,105371,363896,144274,472629,105371,567476,136857,716441
KR,p0p5,29920,34005,44346,13557,29920,8143,4592,929
KR,p5p10,30739,35035,45608,17515,30739,18349,7173,2054
KR,p10p15,31604,36057,46940,22087,31604,27712,8357,3154
KR,p15p20,32519,36828,48351,25959,32519,30051,9988,4358
KR,p20p25,33492,38297,49849,29660,33492,30431,12212,5711
KR,p25p30,34529,40018,51448,33122,34529,31415,15397,7357
KR,p30p35,35641,41829,53162,36882,35641,32613,20328,9307
KR,p35p40,36838,43807,55007,40987,36838,33563,25948,11420
KR,p40p45,38136,46215,57006,45265,38136,34339,29347,13663
KR,p45p50,39552,49044,59188,49570,39552,34934,32155,16019
KR,p50p55,41109,52133,61589,53896,41109,35472,35414,18553
KR,p55p60,42841,55509,64257,58497,42841,36190,38967,21526
KR,p60p65,44790,59284,67260,63719,44790,36936,42916,25079
KR,p65p70,47019,63453,70696,69558,47019,39065,46509,29682
KR,p70p75,49623,68044,74709,76118,49623,41980,50416,35531
KR,p75p80,52755,73659,79534,84273,52755,46188,54746,43248
KR,p80p85,56684,81374,85590,95599,56684,53884,60115,54110
KR,p85p90,61969,92448,93733,112434,61969,64851,67471,69336
KR,p90p95,70106,109195,106273,139102,70106,83959,79116,96835
KR,p95p99,85408,152877,129854,198558,85408,146611,101770,184414
KR,p99p100,115255,624386,175849,810955,115255,620705,149694,783643
ID,p0p5,35547,35993,43338,6893,35547,9674,5455,1103
ID,p5p10,36520,37823,44572,10404,36520,21799,8521,2441
ID,p10p15,37547,39274,45874,13269,37547,32924,9928,3747
ID,p15p20,38634,40225,47252,15583,38634,35702,11866,5177
ID,p20p25,39790,40960,48717,17898,39790,36154,14508,6785
ID,p25p30,41023,41519,50279,20247,41023,37323,18293,8741
ID,p30p35,42343,42090,51954,23046,42343,38746,24151,11057
ID,p35p40,43766,42825,53757,26136,43766,39875,30828,13568
ID,p40p45,45308,43516,55711,29696,45308,40796,34866,16232
ID,p45p50,46990,44765,57843,33777,46990,41503,38202,19031
ID,p50p55,48840,47040,60189,38309,48840,42142,42073,22042
ID,p55p60,50897,49644,62797,43715,50897,42996,46295,25574
ID,p60p65,53213,52894,65732,50296,53213,43882,50987,29795
ID,p65p70,55861,57876,69090,58278,55861,46412,55256,35264
ID,p70p75,58955,64666,73011,67753,58955,49874,59897,42212
ID,p75p80,62676,72803,77727,79013,62676,54874,65041,51381
ID,p80p85,67344,82774,83645,93245,67344,64017,71420,64286
ID,p85p90,73622,96897,91604,113954,73622,77047,80159,82375
ID,p90p95,83290,119500,103859,149084,83290,99749,93995,115046
ID,p95p99,101469,220578,126903,286487,101469,174182,120908,219095
ID,p99p100,136930,914310,171854,1187509,136930,737432,177844,931011
ZA,p0p5,27642,26722,17817,3329,27642,7522,4242,858
ZA,p5p10,28398,27669,18324,4111,28398,16951,6626,1898
ZA,p10p15,29197,27907,18859,4890,29197,25602,7720,2913
ZA,p15p20,30042,28075,19426,5556,30042,27762,9227,4026
ZA,p20p25,30941,28188,20028,6257,30941,28114,11282,5276
ZA,p25p30,31899,28615,20670,6927,31899,29022,14225,6797
ZA,p30p35,32926,29109,21359,7577,32926,30129,18780,8598
ZA,p35p40,34033,29534,22100,8239,34033,31007,23972,10550
ZA,p40p45,35231,29937,22903,8980,35231,31723,27112,12622
ZA,p45p50,36539,30286,23780,9725,36539,32273,29706,14799
ZA,p50p55,37978,30596,24744,10458,37978,32770,32716,17140
ZA,p55p60,39578,31062,25817,11538,39578,33434,35999,19886
ZA,p60p65,41379,31613,27023,13118,41379,34123,39647,23169
ZA,p65p70,43438,32197,28403,15341,43438,36090,42967,27422
ZA,p70p75,45844,32855,30016,18422,45844,38783,46576,32825
ZA,p75p80,48737,33844,31955,23063,48737,42670,50576,39954
ZA,p80p85,52367,36748,34387,30181,52367,49780,55536,49989
ZA,p85p90,57249,43818,37659,43211,57249,59912,62332,64056
ZA,p90p95,64767,65392,42697,74184,64767,77565,73091,89460
ZA,p95p99,78903,131988,52171,170105,78903,135444,94019,170369
ZA,p99p100,106477,449655,70651,584013,106477,573431,138293,723959
TR,p0p5,26887,27970,37657,6559,26887,7317,4126,835
TR,p5p10,27623,29931,38728,10564,27623,16488,6445,1846
TR,p10p15,28400,31100,39859,14018,28400,24903,7509,2834
TR,p15p20,29222,31382,41057,15202,29222,27004,8975,3916
TR,p20p25,30096,31765,42330,17036,30096,27346,10974,5132
TR,p25p30,31028,32507,43688,20304,31028,28230,13836,6611
TR,p30p35,32027,32777,45143,21638,32027,29307,18267,8363
TR,p35p40,33104,32996,46710,22950,33104,30161,23317,10262
TR,p40p45,34269,33663,48407,25154,34269,30857,26371,12277
TR,p45p50,35542,35023,50260,27840,35542,31392,28895,14395
TR,p50p55,36942,36115,52298,30083,36942,31875,31823,16672
TR,p55p60,38497,37212,54564,32379,38497,32521,35016,19343
TR,p60p65,40249,38674,57115,35385,40249,33191,38565,22536
TR,p65p70,42252,40534,60032,39047,42252,35105,41794,26673
TR,p70p75,44592,43139,63440,43149,44592,37724,45304,31928
TR,p75p80,47406,46649,67537,48155,47406,41505,49196,38863
TR,p80p85,50937,53830,72679,58059,50937,48421,54020,48624
TR,p85p90,55686,72086,79594,84495,55686,58276,60630,62307
TR,p90p95,62998,110308,90243,141760,62998,75447,71095,87018
TR,p95p99,76749,217927,110266,283044,76749,131747,91452,165718
TR,p99p100,103570,997583,149324,1295663,103570,557775,134517,704193
NG,p0p5,31033,11994,11782,1450,31033,8445,4763,963
NG,p5p10,31883,25035,12118,3027,31883,19031,7439,2131
NG,p10p15,32779,30920,12472,4175,32779,28743,8667,3271
NG,p15p20,33729,31241,12846,5154,33729,31169,10359,4520
NG,p20p25,34737,31471,13245,6018,34737,31563,12666,5924
NG,p25p30,35813,31623,13669,6882,35813,32583,15970,7631
NG,p30p35,36967,32104,14125,7748,36967,33826,21084,9653
NG,p35p40,38209,32769,14615,8637,38209,34812,26913,11845
NG,p40p45,39554,33365,15146,9618,39554,35616,30438,14171
NG,p45p50,41023,33886,15726,10656,41023,36233,33351,16615
NG,p50p55,42638,34376,16364,11792,42638,36791,36731,19243
NG,p55p60,44434,34911,17072,13044,44434,37536,40416,22326
NG,p60p65,46456,35407,17870,14453,46456,38310,44512,26012
NG,p65p70,48768,35890,18783,16123,48768,40518,48239,30786
NG,p70p75,51469,36329,19849,18078,51469,43541,52291,36852
NG,p75p80,54717,36860,21132,20593,54717,47906,56782,44857
NG,p80p85,58793,37643,22740,24069,58793,55888,62351,56122
NG,p85p90,64273,39253,24904,29639,64273,67263,69980,71915
NG,p90p95,72714,45628,28236,42427,72714,87082,82059,100437
NG,p95p99,88584,70313,34501,78931,88584,152064,105555,191274
NG,p99p100,119542,202652,46722,261355,119542,643792,155261,812790
FR,p0p5,24000,32132,42883,26632,24000,6531,3683,745
FR,p5p10,24657,32750,44104,27928,24657,14718,5753,1648
FR,p10p15,25350,35666,45392,33795,25350,22229,6703,2530
FR,p15p20,26084,39542,46756,40042,26084,24105,8011,3495
FR,p20p25,26864,41625,48205,42971,26864,24410,9795,4581
FR,p25p30,27697,42924,49751,44737,27697,25199,12351,5901
FR,p30p35,28588,45466,51408,48217,28588,26160,16305,7465
FR,p35p40,29549,47739,53193,51363,29549,26922,20813,9160
FR,p40p45,30590,50149,55126,54730,30590,27544,23540,10959
FR,p45p50,31725,51384,57236,56485,31725,28021,25792,12849
FR,p50p55,32975,54280,59557,60626,32975,28453,28406,14882
FR,p55p60,34364,57534,62137,65351,34364,29029,31256,17266
FR,p60p65,35927,59490,65042,68164,35927,29627,34424,20116
FR,p65p70,37715,61584,68364,71260,37715,31335,37306,23809
FR,p70p75,39804,64674,72245,75757,39804,33673,40440,28500
FR,p75p80,42316,67001,76911,79216,42316,37048,43913,34690
FR,p80p85,45468,69836,82767,83558,45468,43222,48219,43403
FR,p85p90,49706,75710,90641,92561,49706,52018,54120,55616
FR,p90p95,56234,80984,102768,100827,56234,67346,63461,77674
FR,p95p99,68507,114374,125570,148549,68507,117600,81632,147923
FR,p99p100,92449,384848,170049,499841,92449,497881,120073,628577
RU,p0p5,24140,23546,32306,2899,24140,6569,3705,749
RU,p5p10,24800,24509,33226,4684,24800,14804,5787,1657
RU,p10p15,25498,26739,34196,9233,25498,22358,6742,2544
RU,p15p20,26236,28239,35224,14032,26236,24245,8058,3516
RU,p20p25,27021,29007,36315,17420,27021,24552,9852,4608
RU,p25p30,27858,29373,37480,19151,27858,25346,12423,5936
RU,p30p35,28755,29727,38728,21105,28755,26312,16400,7509
RU,p35p40,29721,30448,40073,23067,29721,27079,20935,9214
RU,p40p45,30768,31431,41529,24965,30768,27705,23677,11023
RU,p45p50,31910,32320,43119,26788,31910,28185,25942,12924
RU,p50p55,33167,33311,44867,28868,33167,28619,28572,14969
RU,p55p60,34564,34583,46811,31475,34564,29198,31438,17367
RU,p60p65,36137,35907,48999,34205,36137,29800,34625,20234
RU,p65p70,37935,37680,51502,37129,37935,31518,37524,23948
RU,p70p75,40036,39825,54426,40366,40036,33869,40675,28666
RU,p75p80,42563,43108,57941,44907,42563,37264,44169,34893
RU,p80p85,45733,47306,62352,50683,45733,43474,48501,43656
RU,p85p90,49996,53305,68285,59145,49996,52322,54435,55941
RU,p90p95,56562,78916,77420,97692,56562,67739,63831,78127
RU,p95p99,68907,155145,94599,201503,68907,118286,82108,148786
RU,p99p100,92988,1011532,128107,1313780,92988,500785,120773,632244
ES,p0p5,26269,30534,34757,14276,26269,7149,4031,815
ES,p5p10,26988,31838,35746,20398,26988,16110,6297,1804
ES,p10p15,27747,33566,36790,25923,27747,24330,7337,2769
ES,p15p20,28551,34810,37896,28405,28551,26384,8769,3826
ES,p20p25,29405,36358,39070,31626,29405,26718,10721,5014
ES,p25p30,30316,37448,40324,33860,30316,27581,13519,6459
ES,p30p35,31292,38013,41666,35053,31292,28634,17847,8171
ES,p35p40,32343,39514,43113,38023,32343,29468,22782,10027
ES,p40p45,33482,41690,44680,41459,33482,30149,25766,11995
ES,p45p50,34725,43571,46390,44267,34725,30671,28231,14064
ES,p50p55,36093,46137,48271,47816,36093,31143,31092,16289
ES,p55p60,37613,47549,50363,49746,37613,31774,34212,18899
ES,p60p65,39324,49183,52717,51969,39324,32429,37679,22019
ES,p65p70,41282,51746,55409,55520,41282,34298,40834,26060
ES,p70p75,43568,54389,58555,59204,43568,36857,44264,31195
ES,p75p80,46317,57404,62337,63491,46317,40552,48065,37971
ES,p80p85,49767,61117,67083,68806,49767,47309,52779,47507
ES,p85p90,54407,65411,73465,75082,54407,56937,59237,60875
ES,p90p95,61551,75918,83294,90684,61551,73714,69462,85019
ES,p95p99,74986,108294,101775,138799,74986,128720,89351,161911
ES,p99p100,101191,392220,137825,509416,101191,544962,131427,688017
GB,p0p5,26612,32304,40756,20738,26612,7242,4084,826
GB,p5p10,27341,34723,41916,27720,27341,16320,6380,1827
GB,p10p15,28110,37630,43140,33686,28110,24648,7433,2805
GB,p15p20,28924,39518,44436,37581,28924,26729,8883,3876
GB,p20p25,29789,41152,45814,40339,29789,27067,10862,5080
GB,p25p30,30712,42381,47283,42226,30712,27942,13695,6544
GB,p30p35,31701,43329,48858,43688,31701,29008,18080,8278
GB,p35p40,32766,44427,50554,45254,32766,29853,23079,10158
GB,p40p45,33920,45824,52391,47200,33920,30542,26102,12152
GB,p45p50,35179,47317,54397,49229,35179,31072,28600,14248
GB,p50p55,36565,49459,56603,52142,36565,31550,31498,16502
GB,p55p60,38105,51361,59055,54774,38105,32189,34659,19146
GB,p60p65,39838,54112,61816,58593,39838,32852,38171,22306
GB,p65p70,41821,56659,64973,62179,41821,34747,41368,26401
GB,p70p75,44137,59336,68661,66015,44137,37339,44842,31603
GB,p75p80,46922,62778,73096,70963,46922,41081,48693,38467
GB,p80p85,50417,67723,78661,78181,50417,47927,53469,48128
GB,p85p90,55118,74895,86145,88793,55118,57681,60012,61671
GB,p90p95,62355,87451,97670,108174,62355,74677,70370,86130
GB,p95p99,75966,126684,119342,164397,75966,130402,90519,164026
GB,p99p100,102513,452021,161614,587086,102513,552083,133144,697007
SA,p0p5,31848,33303,57228,8156,31848,8667,4888,989
SA,p5p10,32720,35305,58857,12155,32720,19531,7635,2187
SA,p10p15,33640,36273,60576,14707,33640,29498,8895,3357
SA,p15p20,34614,37274,62396,18543,34614,31987,10631,4638
SA,p20p25,35650,37625,64331,20254,35650,32392,12999,6079
SA,p25p30,36754,38179,66394,22615,36754,33439,16390,7831
SA,p30p35,37938,38822,68605,25655,37938,34715,21638,9907
SA,p35p40,39212,39379,70986,28427,39212,35726,27620,12156
SA,p40p45,40593,41518,73567,33048,40593,36552,31238,14543
SA,p45p50,42100,44054,76382,38286,42100,37185,34227,17051
SA,p50p55,43758,46603,79480,43573,43758,37758,37696,19749
SA,p55p60,45602,49707,82923,48979,45602,38522,41478,22913
SA,p60p65,47676,56141,86800,58245,47676,39316,45681,26695
SA,p65p70,50049,63080,91233,67794,50049,41583,49506,31595
SA,p70p75,52821,72313,96412,80869,52821,44685,53664,37820
SA,p75p80,56154,81063,102639,93593,56154,49164,58274,46035
SA,p80p85,60337,93809,110453,112633,60337,57356,63988,57597
SA,p85p90,65962,116271,120963,148270,65962,69030,71818,73804
SA,p90p95,74624,148472,137145,192836,74624,89370,84215,103075
SA,p95p99,90911,302085,167576,392349,90911,156058,108328,196298
SA,p99p100,122682,1577523,226933,2048891,122682,660702,159340,834140
EG,p0p5,29330,32528,34287,11607,29330,7982,4501,910
EG,p5p10,30133,33747,35262,14603,30133,17987,7031,2014
EG,p10p15,30980,34263,36292,16739,30980,27165,8192,3091
EG,p15p20,31877,34578,37383,18316,31877,29458,9790,4272
EG,p20p25,32831,34841,38542,19523,32831,29831,11971,5598
EG,p25p30,33848,35256,39778,21237,33848,30795,15094,7212
EG,p30p35,34937,35681,41102,23218,34937,31970,19927,9123
EG,p35p40,36111,35800,42529,23859,36111,32901,25436,11195
EG,p40p45,37383,36206,44075,25992,37383,33661,28768,13393
EG,p45p50,38771,37303,45762,28614,38771,34244,31520,15703
EG,p50p55,40298,38328,47618,30611,40298,34772,34715,18187
EG,p55p60,41995,39289,49681,32591,41995,35476,38198,21101
EG,p60p65,43906,40739,52003,35613,43906,36207,42069,24584
EG,p65p70,46091,42549,54659,39358,46091,38294,45592,29096
EG,p70p75,48644,44609,57762,43264,48644,41151,49421,34829
EG,p75p80,51714,47859,61493,48251,51714,45276,53665,42394
EG,p80p85,55565,54621,66175,57651,55565,52820,58928,53042
EG,p85p90,60746,69888,72471,79274,60746,63571,66139,67968
EG,p90p95,68722,97046,82166,120554,68722,82302,77555,94924
EG,p95p99,83722,168701,100398,219109,83722,143717,99761,180775
EG,p99p100,112980,799321,135960,1038160,112980,608454,146739,768176
MX,p0p5,33384,22500,31794,2721,33384,9085,5123,1036
MX,p5p10,34298,23052,32699,2787,34298,20473,8003,2292
MX,p10p15,35263,29640,33654,3720,35263,30921,9324,3519
MX,p15p20,36284,33848,34665,6581,36284,33530,11144,4862
MX,p20p25,37369,34854,35740,8758,37369,33955,13625,6372
MX,p25p30,38527,36069,36886,10703,38527,35052,17180,8209
MX,p30p35,39767,36995,38115,12711,39767,36389,22681,10385
MX,p35p40,41103,37754,39438,14564,41103,37449,28952,12742
MX,p40p45,42551,38444,40871,16720,42551,38314,32744,15244
MX,p45p50,44131,38907,42435,18614,44131,38978,35878,17874
MX,p50p55,45869,39415,44156,21100,45869,39579,39514,20701
MX,p55p60,47801,40042,46069,23788,47801,40380,43478,24018
MX,p60p65,49976,40698,48223,26925,49976,41212,47885,27983
MX,p65p70,52463,41688,50686,30842,52463,43588,51894,33119
MX,p70p75,55369,44497,53563,36653,55369,46840,56253,39644
MX,p75p80,58863,48548,57023,44989,58863,51535,61084,48255
MX,p80p85,63247,56150,61364,57213,63247,60123,67075,60375
MX,p85p90,69143,71817,67203,79147,69143,72359,75282,77364
MX,p90p95,78223,99460,76193,119954,78223,93680,88276,108047
MX,p95p99,95296,221159,93099,287243,95296,163585,113552,205765
MX,p99p100,128599,875627,126076,1137266,128599,692569,167025,874371
PK,p0p5,27154,27897,23996,6130,27154,7390,4167,843
PK,p5p10,27897,29604,24679,9277,27897,16652,6509,1864
PK,p10p15,28681,30606,25400,11576,28681,25150,7584,2862
PK,p15p20,29512,31147,26163,13199,29512,27272,9064,3955
PK,p20p25,30395,31561,26974,14745,30395,27617,11082,5183
PK,p25p30,31336,31861,27840,16194,31336,28510,13974,6677
PK,p30p35,32345,32171,28767,17688,32345,29598,18448,8446
PK,p35p40,33432,32534,29765,19187,33432,30460,23549,10364
PK,p40p45,34609,32901,30847,20838,34609,31164,26633,12399
PK,p45p50,35894,33238,32028,22648,35894,31703,29181,14538
PK,p50p55,37308,33682,33327,24676,37308,32192,32139,16837
PK,p55p60,38879,34759,34771,26918,38879,32844,35364,19535
PK,p60p65,40648,36104,36396,29611,40648,33520,38948,22760
PK,p65p70,42671,37621,38255,32778,42671,35453,42209,26938
PK,p70p75,45035,39418,40426,36492,45035,38098,45754,32245
PK,p75p80,47877,41944,43037,41075,47877,41917,49684,39249
PK,p80p85,51443,46112,46314,47244,51443,48901,54556,49106
PK,p85p90,56238,52905,50721,56589,56238,58854,61232,62925
PK,p90p95,63623,66106,57506,75469,63623,76196,71800,87881
PK,p95p99,77510,110977,70266,141416,77510,133054,92359,167362
PK,p99p100,104598,446787,95155,580289,104598,563309,135852,711180
TW,p0p5,32961,33790,51628,7748,32961,8970,5058,1023
TW,p5p10,33863,35045,53097,9575,33863,20214,7902,2263
TW,p10p15,34816,36290,54648,12014,34816,30529,9206,3474
TW,p15p20,35824,37457,56290,14921,35824,33105,11003,4800
TW,p20p25,36896,38414,58035,18413,36896,33524,13453,6292
TW,p25p30,38039,39333,59896,22641,38039,34608,16962,8105
TW,p30p35,39263,40409,61891,27806,39263,35928,22394,10253
TW,p35p40,40583,42472,64039,33236,40583,36975,28585,12581
TW,p40p45,42012,45211,66367,38832,42012,37829,32329,15051
TW,p45p50,43572,48137,68907,44886,43572,38484,35423,17647
TW,p50p55,45288,51931,71702,51441,45288,39077,39013,20439
TW,p55p60,47195,56734,74808,58409,47195,39868,42927,23714
TW,p60p65,49342,62203,78305,65896,49342,40690,47278,27628
TW,p65p70,51798,67985,82305,73928,51798,43036,51237,32699
TW,p70p75,54667,74236,86977,82819,54667,46247,55540,39142
TW,p75p80,58117,81557,92595,93444,58117,50882,60310,47644
TW,p80p85,62445,91274,99644,107758,62445,59361,66225,59609
TW,p85p90,68267,106524,109125,131147,68267,71442,74328,76383
TW,p90p95,77231,140097,123724,181403,77231,92493,87158,106678
TW,p95p99,94088,253743,151177,329562,94088,161512,112113,203158
TW,p99p100,126969,1066108,204725,1384664,126969,683792,164908,863290
VN,p0p5,30540,29917,33549,4801,30540,8311,4687,948
VN,p5p10,31375,32159,34504,8452,31375,18728,7321,2097
VN,p10p15,32258,33728,35512,11365,32258,28286,8530,3219
VN,p15p20,33192,34722,36579,13870,33192,30673,10194,4448
VN,p20p25,34185,35437,37713,16347,34185,31061,12464,5829
VN,p25p30,35244,35937,38922,18734,35244,32065,15716,7509
VN,p30p35,36378,36529,40219,21339,36378,33288,20748,9500
VN,p35p40,37601,37133,41615,24112,37601,34258,26485,11657
VN,p40p45,38925,37699,43127,27040,38925,35049,29954,13945
VN,p45p50,40370,39028,44778,30154,40370,35657,32820,16350
VN,p50p55,41960,40719,46594,33541,41960,36206,36146,18937
VN,p55p60,43727,42550,48613,37347,43727,36939,39773,21971
VN,p60p65,45717,44752,50885,41911,45717,37700,43804,25598
VN,p65p70,47992,47927,53484,47375,47992,39874,47472,30296
VN,p70p75,50650,52583,56520,54140,50650,42849,51459,36266
VN,p75p80,53846,58500,60170,62249,53846,47144,55879,44143
VN,p80p85,57857,65666,64752,72288,57857,54999,61359,55230
VN,p85p90,63251,76612,70912,88110,63251,66193,68867,70771
VN,p90p95,71557,94031,80399,114397,71557,85697,80754,98839
VN,p95p99,87175,162820,98239,211471,87175,149645,103876,188231
VN,p99p100,117640,592693,133036,769791,117640,633550,152791,799860
BD,p0p5,31823,33089,29884,7866,31823,8660,4884,988
BD,p5p10,32694,35034,30735,11594,32694,19516,7629,2185
BD,p10p15,33613,36046,31633,14048,33613,29474,8888,3354
BD,p15p20,34587,36650,32583,15958,34587,31962,10623,4635
BD,p20p25,35621,37099,33593,17794,35621,32367,12988,6074
BD,p25p30,36725,37451,34671,19521,36725,33413,16377,7825
BD,p30p35,37907,37850,35825,21363,37907,34687,21620,9899
BD,p35p40,39181,38341,37069,23402,39181,35698,27598,12146
BD,p40p45,40561,38760,38416,25461,40561,36522,31213,14531
BD,p45p50,42067,39183,39886,27802,42067,37155,34199,17038
BD,p50p55,43724,40136,41504,30402,43724,37727,37665,19733
BD,p55p60,45565,41652,43302,33351,45565,38492,41445,22895
BD,p60p65,47638,43357,45326,36899,47638,39285,45645,26674
BD,p65p70,50009,45395,47641,41091,50009,41550,49467,31570
BD,p70p75,52779,47789,50346,45873,52779,44649,53622,37790
BD,p75p80,56109,51589,53598,51848,56109,49125,58227,45998
BD,p80p85,60289,57421,57678,60014,60289,57311,63938,57551
BD,p85p90,65909,66398,63166,72471,65909,68975,71761,73746
BD,p90p95,74564,83452,71617,97228,74564,89299,84147,102993
BD,p95p99,90839,136057,87508,174458,90839,155934,108241,196141
BD,p99p100,122584,548112,118504,711889,122584,660176,159213,833475
ET,p0p5,29890,10583,7338,1280,29890,8134,4587,928
ET,p5p10,30708,19349,7547,2340,30708,18330,7165,2052
ET,p10p15,31572,25313,7767,3061,31572,27684,8348,3150
ET,p15p20,32486,29378,8001,3667,32486,30021,9978,4353
ET,p20p25,33458,29842,8249,4241,33458,30401,12199,5705
ET,p25p30,34495,30043,8513,4814,34495,31383,15382,7350
ET,p30p35,35605,30207,8797,5360,35605,32581,20307,9298
ET,p35p40,36801,30334,9102,5916,36801,33530,25922,11409
ET,p40p45,38098,30436,9433,6524,38098,34304,29317,13649
ET,p45p50,39512,30677,9794,7149,39512,34899,32123,16003
ET,p50p55,41068,31203,10191,7818,41068,35436,35378,18534
ET,p55p60,42798,31716,10633,8550,42798,36154,38928,21504
ET,p60p65,44745,32210,11130,9399,44745,36899,42873,25054
ET,p65p70,46972,32699,11698,10405,46972,39026,46463,29652
ET,p70p75,49574,33194,12362,11553,49574,41938,50365,35495
ET,p75p80,52702,33802,13161,13040,52702,46141,54691,43205
ET,p80p85,56627,34454,14163,15121,56627,53830,60055,54056
ET,p85p90,61907,35248,15510,18627,61907,64786,67403,69267
ET,p90p95,70036,37239,17585,26404,70036,83875,79037,96738
ET,p95p99,85322,49110,21487,48736,85322,146464,101668,184230
ET,p99p100,115140,105017,29098,127802,115140,620083,149544,782858
KE,p0p5,28655,11039,9294,1335,28655,7798,4398,889
KE,p5p10,29439,20811,9558,2516,29439,17573,6869,1967
KE,p10p15,30267,27264,9837,3335,30267,26540,8003,3020
KE,p15p20,31143,28594,10133,3979,31143,28780,9565,4173
KE,p20p25,32075,28781,10447,4557,32075,29144,11695,5470
KE,p25p30,33069,28943,10782,5099,33069,30086,14746,7046
KE,p30p35,34133,29076,11141,5653,34133,31234,19468,8913
KE,p35p40,35280,29171,11528,6212,35280,32144,24850,10937
KE,p40p45,36523,29370,11947,6794,36523,32886,28105,13085
KE,p45p50,37879,29862,12404,7430,37879,33456,30795,15341
KE,p50p55,39370,30415,12907,8213,39370,33971,33915,17768
KE,p55p60,41029,30917,13466,9082,41029,34659,37318,20615
KE,p60p65,42895,31407,14096,10112,42895,35373,41101,24018
KE,p65p70,45030,32011,14816,11513,45030,37413,44542,28427
KE,p70p75,47524,32669,15657,13276,47524,40204,48283,34028
KE,p75p80,50523,33255,16668,15373,50523,44234,52430,41419
KE,p80p85,54286,33852,17937,18168,54286,51605,57572,51821
KE,p85p90,59347,34929,19644,23113,59347,62108,64617,66403
KE,p90p95,67140,40079,22272,35180,67140,80408,75770,92739
KE,p95p99,81795,65054,27214,73120,81795,140409,97465,176613
KE,p99p100,110380,161278,36853,208134,110380,594449,143361,750494
CD,p0p5,30260,3102,3825,375,30260,8235,4644,939
CD,p5p10,31088,5909,3934,715,31088,18557,7254,2078
CD,p10p15,31962,8081,4049,977,31962,28027,8452,3189
CD,p15p20,32888,9952,4171,1203,32888,30392,10101,4407
CD,p20p25,33872,11759,4300,1422,33872,30777,12350,5776
CD,p25p30,34921,13675,4438,1654,34921,31772,15572,7441
CD,p30p35,36046,15494,4585,1874,36046,32984,20559,9413
CD,p35p40,37257,17548,4745,2122,37257,33944,26242,11550
CD,p40p45,38569,19600,4917,2370,38569,34729,29680,13818
CD,p45p50,40001,21716,5105,2626,40001,35330,32520,16201
CD,p50p55,41576,24352,5312,2945,41576,35874,35816,18764
CD,p55p60,43327,27390,5543,3312,43327,36601,39409,21770
CD,p60p65,45298,29893,5802,3717,45298,37355,43403,25364
CD,p65p70,47553,30190,6098,4214,47553,39509,47037,30019
CD,p70p75,50187,30404,6444,4869,50187,42456,50988,35934
CD,p75p80,53354,30632,6860,5669,53354,46712,55367,43739
CD,p80p85,57328,30978,7383,6923,57328,54496,60797,54724
CD,p85p90,62672,32337,8085,9090,62672,65587,68237,70123
CD,p90p95,70902,34417,9167,14122,70902,84913,80014,97935
CD,p95p99,86377,40765,11201,32618,86377,148275,102925,186508
CD,p99p100,116563,97868,15168,117515,116563,627751,151393,792539
