key,en,it,fr,es,pt,de,ru,tr,ar,zh,zh_TW,ja,ko,hi,ur,bn,id,vi,am,sw
ui.left,Left,Sinistra,Gauche,Izquierda,Esquerda,Links,Слева,Sol,يسار,左,左,左,왼쪽,बायाँ,بائیں,বাম,Kiri,Bên trái,ግራ,Kushoto
ui.right,Right,Destra,Droite,Derecha,Direita,Rechts,Справа,Sağ,يمين,右,右,右,오른쪽,दायाँ,دائیں,ডান,Kanan,Bên phải,ቀኝ,Kulia
ui.loading,Loading data…,Caricamento dei dati…,Chargement des données…,Cargando los datos…,A carregar os dados…,Daten werden geladen…,Загрузка данных…,Veriler yükleniyor…,جارٍ تحميل البيانات…,正在加载数据…,正在載入資料…,データを読み込んでいます…,데이터를 불러오는 중…,डेटा लोड हो रहा है…,ڈیٹا لوڈ ہو رہا ہے…,ডেটা লোড হচ্ছে…,Memuat data…,Đang tải dữ liệu…,መረጃ በመጫን ላይ…,Inapakia data…
ui.load_error,Could not load the data: ,Caricamento dei dati non riuscito: ,Impossible de charger les données : ,No se pudieron cargar los datos: ,Não foi possível carregar os dados: ,Daten konnten nicht geladen werden: ,Не удалось загрузить данные: ,Veriler yüklenemedi: ,تعذّر تحميل البيانات: ,无法加载数据：,無法載入資料：,データを読み込めませんでした: ,데이터를 불러오지 못했습니다: ,डेटा लोड नहीं हो सका: ,ڈیٹا لوڈ نہیں ہو سکا: ,ডেটা লোড করা যায়নি: ,Gagal memuat data: ,Không thể tải dữ liệu: ,መረጃውን መጫን አልተቻለም፦ ,Imeshindwa kupakia data: 
ui.load_error_hint, — open this page through a web server., — apri questa pagina tramite un web server., — ouvrez cette page via un serveur web., — abra esta página a través de un servidor web., — abra esta página através de um servidor web., — öffnen Sie diese Seite über einen Webserver., — откройте эту страницу через веб-сервер., — bu sayfayı bir web sunucusu üzerinden açın., — افتح هذه الصفحة عبر خادم ويب., — 请通过网页服务器打开本页面。, — 請透過網頁伺服器開啟本頁面。, — このページはウェブサーバー経由で開いてください。, — 이 페이지를 웹 서버를 통해 열어 주세요., — इस पेज को वेब सर्वर से खोलें।, — یہ صفحہ ویب سرور کے ذریعے کھولیں۔, — এই পৃষ্ঠাটি ওয়েব সার্ভারের মাধ্যমে খুলুন।, — buka halaman ini melalui server web., — hãy mở trang này qua một máy chủ web., — ይህን ገጽ በዌብ ሰርቨር ይክፈቱ።, — fungua ukurasa huu kupitia seva ya wavuti.
ui.error,Error: ,Errore: ,Erreur : ,Error: ,Erro: ,Fehler: ,Ошибка: ,Hata: ,خطأ: ,错误：,錯誤：,エラー: ,오류: ,त्रुटि: ,خرابی: ,ত্রুটি: ,Kesalahan: ,Lỗi: ,ስህተት፦ ,Hitilafu: 
attr.hours,Working hours (full-time),Ore di lavoro (full-time),Temps de travail (temps plein),Jornada laboral (tiempo completo),Horas de trabalho (tempo integral),Arbeitszeit (Vollzeit),Рабочее время (полная занятость),Çalışma süresi (tam zamanlı),ساعات العمل (دوام كامل),工作时间（全职）,工作時間（全職）,労働時間（フルタイム）,근로시간 (전일제),काम के घंटे (पूर्णकालिक),کام کے اوقات (کل وقتی),কর্মঘণ্টা (পূর্ণকালীন),Jam kerja (penuh waktu),Giờ làm việc (toàn thời gian),የሥራ ሰዓት (ሙሉ ጊዜ),Saa za kazi (muda kamili)
attr.income_full,Your household's net monthly income,Reddito mensile netto del suo nucleo familiare,Revenu mensuel net de votre ménage,Ingreso mensual neto de su hogar,Rendimento mensal líquido do seu agregado,Monatliches Nettoeinkommen Ihres Haushalts,Чистый месячный доход вашей семьи,Hanenizin aylık net geliri,الدخل الشهري الصافي لأسرتك,您家庭的每月净收入,您家庭的每月淨收入,世帯の月間手取り収入,가구의 월 순소득,आपके परिवार की मासिक शुद्ध आय,آپ کے گھرانے کی ماہانہ خالص آمدنی,আপনার পরিবারের মাসিক নিট আয়,Pendapatan bersih bulanan rumah tangga Anda,Thu nhập ròng hàng tháng của hộ gia đình bạn,የቤተሰብዎ ወርሃዊ የተጣራ ገቢ,Mapato halisi ya mwezi ya kaya yako
attr.income_short,Your income,Il suo reddito,Votre revenu,Su ingreso,O seu rendimento,Ihr Einkommen,Ваш доход,Geliriniz,دخلك,您的收入,您的收入,あなたの収入,귀하의 소득,आपकी आय,آپ کی آمدنی,আপনার আয়,Pendapatan Anda,Thu nhập của bạn,የእርስዎ ገቢ,Mapato yako
attr.income_current,currently: ,attuale: ,actuellement : ,actualmente: ,atualmente: ,derzeit: ,сейчас: ,şu anda: ,حاليًا: ,当前：,目前：,現在: ,현재: ,वर्तमान: ,فی الحال: ,বর্তমানে: ,saat ini: ,hiện tại: ,አሁን፦ ,sasa: 
attr.bf,Diet and flights,Alimentazione e voli,Alimentation et avion,Alimentación y vuelos,Alimentação e voos,Ernährung und Flüge,Питание и авиаперелёты,Beslenme ve uçuşlar,الغذاء والرحلات الجوية,饮食与航空出行,飲食與航空出行,食生活と航空機の利用,식생활과 항공 이용,आहार और हवाई यात्रा,خوراک اور ہوائی سفر,খাদ্যাভ্যাস ও বিমান ভ্রমণ,Pola makan dan penerbangan,Chế độ ăn và các chuyến bay,አመጋገብና በረራዎች,Lishe na safari za ndege
attr.ps,Public services,Servizi pubblici,Services publics,Servicios públicos,Serviços públicos,Öffentliche Dienstleistungen,Общественные услуги,Kamu hizmetleri,الخدمات العامة,公共服务,公共服務,公共サービス,공공 서비스,सार्वजनिक सेवाएँ,عوامی خدمات,সরকারি সেবা,Layanan publik,Dịch vụ công,የሕዝብ አገልግሎቶች,Huduma za umma
attr.temp,Global warming,Riscaldamento globale,Réchauffement climatique,Calentamiento global,Aquecimento global,Globale Erwärmung,Глобальное потепление,Küresel ısınma,الاحتباس الحراري,全球变暖,全球暖化,地球温暖化,지구 온난화,वैश्विक तापन,عالمی حدت,বৈশ্বিক উষ্ণায়ন,Pemanasan global,Nóng lên toàn cầu,የዓለም ሙቀት መጨመር,Ongezeko la joto duniani
ps.increased,More public services,Più servizi pubblici,Plus de services publics,Más servicios públicos,Mais serviços públicos,Mehr öffentliche Dienstleistungen,Больше общественных услуг,Daha fazla kamu hizmeti,خدمات عامة أكثر,更多公共服务,更多公共服務,公共サービスの拡充,공공 서비스 확대,अधिक सार्वजनिक सेवाएँ,زیادہ عوامی خدمات,বেশি সরকারি সেবা,Lebih banyak layanan publik,Nhiều dịch vụ công hơn,ተጨማሪ የሕዝብ አገልግሎቶች,Huduma zaidi za umma
ps.increased_long,"Spending on education, health and public services rises from 20% to 23% of GNI. Financed by a flat-rate tax of {rate}% on all cash incomes.","La spesa per istruzione, sanità e servizi pubblici sale dal 20% al 23% del RNL. Finanziata da un'imposta proporzionale del {rate}% su tutti i redditi monetari.","Les dépenses d'éducation, de santé et de services publics passent de 20 % à 23 % du RNB. Financées par un impôt proportionnel de {rate} % sur tous les revenus monétaires.","El gasto en educación, sanidad y servicios públicos sube del 20% al 23% del RNB. Financiado con un impuesto proporcional del {rate}% sobre todos los ingresos monetarios.","A despesa em educação, saúde e serviços públicos sobe de 20% para 23% do RNB. Financiada por um imposto proporcional de {rate}% sobre todos os rendimentos monetários.","Die Ausgaben für Bildung, Gesundheit und öffentliche Dienstleistungen steigen von 20 % auf 23 % des BNE. Finanziert durch eine proportionale Steuer von {rate} % auf alle Geldeinkommen.","Расходы на образование, здравоохранение и общественные услуги растут с 20% до 23% ВНД. Финансируются пропорциональным налогом {rate}% на все денежные доходы.","Eğitim, sağlık ve kamu hizmetlerine yapılan harcama GSMH'nin %20'sinden %23'üne çıkar. Tüm parasal gelirler üzerinden %{rate} oranında düz bir vergiyle finanse edilir.",ينمو الإنفاق على التعليم والصحة والخدمات العامة من 20% إلى 23% من الدخل القومي الإجمالي، ويُموَّل بضريبة نسبية قدرها {rate}% على جميع الدخول النقدية.,教育、医疗和公共服务支出从国民总收入的20%提高到23%，由对所有现金收入征收{rate}%的比例税来提供资金。,教育、醫療與公共服務支出從國民所得毛額的20%提高到23%，由對所有現金收入課徵{rate}%的比例稅來支應。,教育・医療・公共サービスへの支出がGNIの20%から23%に増えます。すべての現金所得に対する{rate}%の比例税で賄われます。,교육·의료·공공 서비스 지출이 GNI의 20%에서 23%로 늘어납니다. 모든 현금 소득에 대한 {rate}%의 비례세로 재원을 마련합니다.,"शिक्षा, स्वास्थ्य और सार्वजनिक सेवाओं पर व्यय सकल राष्ट्रीय आय के 20% से बढ़कर 23% हो जाता है। इसे सभी नकद आय पर {rate}% की समान दर वाले कर से वित्तपोषित किया जाता है।",تعلیم، صحت اور عوامی خدمات پر اخراجات مجموعی قومی آمدنی کے 20% سے بڑھ کر 23% ہو جاتے ہیں۔ اس کی مالی اعانت تمام نقد آمدنیوں پر {rate}% کے یکساں ٹیکس سے ہوتی ہے۔,"শিক্ষা, স্বাস্থ্য ও সরকারি সেবায় ব্যয় জিএনআই-এর ২০% থেকে বেড়ে ২৩% হয়। সব নগদ আয়ের উপর {rate}% হারে সমহারে করের মাধ্যমে অর্থায়ন করা হয়।","Belanja untuk pendidikan, kesehatan, dan layanan publik naik dari 20% menjadi 23% PNB. Dibiayai oleh pajak proporsional sebesar {rate}% atas semua pendapatan tunai.","Chi tiêu cho giáo dục, y tế và dịch vụ công tăng từ 20% lên 23% GNI. Được tài trợ bằng thuế tỷ lệ {rate}% trên mọi thu nhập bằng tiền.",ለትምህርት፣ ለጤናና ለሕዝብ አገልግሎቶች የሚወጣው ወጪ ከጠቅላላ ብሔራዊ ገቢ 20% ወደ 23% ይጨምራል። በሁሉም የገንዘብ ገቢዎች ላይ በሚጣል {rate}% ተመጣጣኝ ግብር ይሸፈናል።,"Matumizi ya elimu, afya na huduma za umma yanapanda kutoka 20% hadi 23% ya Pato la Taifa. Yanagharimiwa na kodi ya kiwango kimoja ya {rate}% kwa mapato yote ya fedha."
ps.stable,No change,Nessuna variazione,Aucun changement,Sin cambios,Sem alteração,Keine Änderung,Без изменений,Değişiklik yok,دون تغيير,无变化,無變化,変化なし,변화 없음,कोई बदलाव नहीं,کوئی تبدیلی نہیں,কোনো পরিবর্তন নেই,Tidak ada perubahan,Không thay đổi,ለውጥ የለም,Hakuna mabadiliko
ps.stable_long,Public services remain at their current level (20% of GNI).,I servizi pubblici restano al livello attuale (20% del RNL).,Les services publics restent à leur niveau actuel (20 % du RNB).,Los servicios públicos se mantienen en su nivel actual (20% del RNB).,Os serviços públicos mantêm-se no nível atual (20% do RNB).,Die öffentlichen Dienstleistungen bleiben auf dem heutigen Niveau (20 % des BNE).,Общественные услуги остаются на нынешнем уровне (20% ВНД).,Kamu hizmetleri mevcut düzeyinde kalır (GSMH'nin %20'si).,تبقى الخدمات العامة عند مستواها الحالي (20% من الدخل القومي الإجمالي).,公共服务维持现有水平（国民总收入的20%）。,公共服務維持現有水準（國民所得毛額的20%）。,公共サービスは現在の水準（GNIの20%）のままです。,공공 서비스는 현재 수준(GNI의 20%)을 유지합니다.,सार्वजनिक सेवाएँ वर्तमान स्तर (सकल राष्ट्रीय आय का 20%) पर बनी रहती हैं।,عوامی خدمات اپنی موجودہ سطح (مجموعی قومی آمدنی کا 20%) پر برقرار رہتی ہیں۔,সরকারি সেবা বর্তমান স্তরেই (জিএনআই-এর ২০%) থাকে।,Layanan publik tetap pada tingkat saat ini (20% PNB).,Dịch vụ công giữ nguyên mức hiện tại (20% GNI).,የሕዝብ አገልግሎቶች በአሁኑ ደረጃ (የጠቅላላ ብሔራዊ ገቢ 20%) ይቆያሉ።,Huduma za umma zinabaki katika kiwango cha sasa (20% ya Pato la Taifa).
bf.none,No change,Nessuna variazione,Aucun changement,Sin cambios,Sem alteração,Keine Änderung,Без изменений,Değişiklik yok,دون تغيير,无变化,無變化,変化なし,변화 없음,कोई बदलाव नहीं,کوئی تبدیلی نہیں,কোনো পরিবর্তন নেই,Tidak ada perubahan,Không thay đổi,ለውጥ የለም,Hakuna mabadiliko
bf.beef,Less beef (2 meat portions a month)<br>Prices tripled,Meno prodotti bovini (2 porzioni di carne al mese)<br>Prezzi triplicati,Moins de bœuf (2 portions de viande par mois)<br>Prix triplés,Menos carne de vacuno (2 raciones de carne al mes)<br>Precios triplicados,Menos carne bovina (2 porções de carne por mês)<br>Preços triplicados,Weniger Rindfleisch (2 Fleischportionen pro Monat)<br>Preise verdreifacht,Меньше говядины (2 порции мяса в месяц)<br>Цены втрое выше,Daha az sığır eti (ayda 2 porsiyon et)<br>Fiyatlar üç katına çıkar,لحم بقري أقل (حصتان من اللحم شهريًا)<br>أسعار مضاعفة ثلاث مرات,减少牛肉（每月2份肉）<br>价格上涨两倍,減少牛肉（每月2份肉）<br>價格上漲兩倍,牛肉を削減（月2食分）<br>価格は3倍,소고기 감축 (월 2회분)<br>가격 3배,कम गोमांस (महीने में 2 बार मांस)<br>कीमतें तिगुनी,کم گائے کا گوشت (ماہانہ 2 حصے)<br>قیمتیں تین گنا,কম গরুর মাংস (মাসে ২ বার মাংস)<br>দাম তিন গুণ,Lebih sedikit daging sapi (2 porsi daging per bulan)<br>Harga naik tiga kali lipat,Ít thịt bò hơn (2 khẩu phần thịt mỗi tháng)<br>Giá tăng gấp ba,ያነሰ የበሬ ሥጋ (በወር 2 ጊዜ ሥጋ)<br>ዋጋ በሦስት እጥፍ,Nyama ya ng'ombe kidogo (mara 2 kwa mwezi)<br>Bei mara tatu zaidi
bf.flights,"Fewer flights (2,500 km a year)<br>Prices tripled",Meno voli (2.500 km all'anno)<br>Prezzi triplicati,Moins d'avion (2 500 km par an)<br>Prix triplés,Menos vuelos (2.500 km al año)<br>Precios triplicados,Menos voos (2 500 km por ano)<br>Preços triplicados,Weniger Flüge (2.500 km pro Jahr)<br>Preise verdreifacht,Меньше авиаперелётов (2500 км в год)<br>Цены втрое выше,Daha az uçuş (yılda 2.500 km)<br>Fiyatlar üç katına çıkar,رحلات جوية أقل (2500 كم سنويًا)<br>أسعار مضاعفة ثلاث مرات,减少航空出行（每年2500公里）<br>价格上涨两倍,減少航空出行（每年2500公里）<br>價格上漲兩倍,"航空機の利用を削減（年2,500km）<br>価格は3倍","항공 이용 감축 (연 2,500km)<br>가격 3배","कम हवाई यात्रा (प्रति वर्ष 2,500 किमी)<br>कीमतें तिगुनी","کم ہوائی سفر (سالانہ 2,500 کلومیٹر)<br>قیمتیں تین گنا","কম বিমান ভ্রমণ (বছরে ২,৫০০ কিমি)<br>দাম তিন গুণ",Lebih sedikit penerbangan (2.500 km per tahun)<br>Harga naik tiga kali lipat,Ít chuyến bay hơn (2.500 km mỗi năm)<br>Giá tăng gấp ba,"ያነሱ በረራዎች (በዓመት 2,500 ኪሜ)<br>ዋጋ በሦስት እጥፍ","Safari chache za ndege (km 2,500 kwa mwaka)<br>Bei mara tatu zaidi"
bf.both,"Less beef (2 meat portions a month)<br>Fewer flights (2,500 km a year)<br>Prices tripled",Meno prodotti bovini (2 porzioni di carne al mese)<br>Meno voli (2.500 km all'anno)<br>Prezzi triplicati,Moins de bœuf (2 portions de viande par mois)<br>Moins d'avion (2 500 km par an)<br>Prix triplés,Menos carne de vacuno (2 raciones de carne al mes)<br>Menos vuelos (2.500 km al año)<br>Precios triplicados,Menos carne bovina (2 porções de carne por mês)<br>Menos voos (2 500 km por ano)<br>Preços triplicados,Weniger Rindfleisch (2 Fleischportionen pro Monat)<br>Weniger Flüge (2.500 km pro Jahr)<br>Preise verdreifacht,Меньше говядины (2 порции мяса в месяц)<br>Меньше авиаперелётов (2500 км в год)<br>Цены втрое выше,Daha az sığır eti (ayda 2 porsiyon et)<br>Daha az uçuş (yılda 2.500 km)<br>Fiyatlar üç katına çıkar,لحم بقري أقل (حصتان من اللحم شهريًا)<br>رحلات جوية أقل (2500 كم سنويًا)<br>أسعار مضاعفة ثلاث مرات,减少牛肉（每月2份肉）<br>减少航空出行（每年2500公里）<br>价格上涨两倍,減少牛肉（每月2份肉）<br>減少航空出行（每年2500公里）<br>價格上漲兩倍,"牛肉を削減（月2食分）<br>航空機の利用を削減（年2,500km）<br>価格は3倍","소고기 감축 (월 2회분)<br>항공 이용 감축 (연 2,500km)<br>가격 3배","कम गोमांस (महीने में 2 बार मांस)<br>कम हवाई यात्रा (प्रति वर्ष 2,500 किमी)<br>कीमतें तिगुनी","کم گائے کا گوشت (ماہانہ 2 حصے)<br>کم ہوائی سفر (سالانہ 2,500 کلومیٹر)<br>قیمتیں تین گنا","কম গরুর মাংস (মাসে ২ বার মাংস)<br>কম বিমান ভ্রমণ (বছরে ২,৫০০ কিমি)<br>দাম তিন গুণ",Lebih sedikit daging sapi (2 porsi daging per bulan)<br>Lebih sedikit penerbangan (2.500 km per tahun)<br>Harga naik tiga kali lipat,Ít thịt bò hơn (2 khẩu phần thịt mỗi tháng)<br>Ít chuyến bay hơn (2.500 km mỗi năm)<br>Giá tăng gấp ba,"ያነሰ የበሬ ሥጋ (በወር 2 ጊዜ ሥጋ)<br>ያነሱ በረራዎች (በዓመት 2,500 ኪሜ)<br>ዋጋ በሦስት እጥፍ","Nyama ya ng'ombe kidogo (mara 2 kwa mwezi)<br>Safari chache za ndege (km 2,500 kwa mwaka)<br>Bei mara tatu zaidi"
chart.nat_bottom,Poorest 10% in {country},10% più povero in {country},10 % les plus pauvres en {country},10% más pobre de {country},10% mais pobre de {country},Ärmste 10 % in {country},10% беднейших в стране {country},{country} içinde en yoksul %10,أفقر 10% في {country},{country}最贫穷的10%,{country}最貧窮的10%,{country}の下位10%,{country} 하위 10%,{country} में सबसे गरीब 10%,{country} میں غریب ترین 10%,{country}-এর দরিদ্রতম ১০%,10% termiskin di {country},10% nghèo nhất ở {country},በ{country} ድሃው 10%,10% maskini zaidi {country}
chart.nat_median,Typical income,Reddito tipico,Revenu typique,Ingreso típico,Rendimento típico,Typisches Einkommen,Типичный доход,Tipik gelir,الدخل النموذجي,典型收入,典型收入,標準的な収入,일반적인 소득,सामान्य आय,عام آمدنی,সাধারণ আয়,Pendapatan tipikal,Thu nhập điển hình,የተለመደ ገቢ,Mapato ya kawaida
chart.nat_top,Richest 10% in {country},10% più ricco in {country},10 % les plus riches en {country},10% más rico de {country},10% mais rico de {country},Reichste 10 % in {country},10% богатейших в стране {country},{country} içinde en zengin %10,أغنى 10% في {country},{country}最富有的10%,{country}最富有的10%,{country}の上位10%,{country} 상위 10%,{country} में सबसे अमीर 10%,{country} میں امیر ترین 10%,{country}-এর ধনীতম ১০%,10% terkaya di {country},10% giàu nhất ở {country},በ{country} ሀብታሙ 10%,10% tajiri zaidi {country}
chart.nat_title,Incomes in {country},Redditi in {country},Revenus en {country},Ingresos en {country},Rendimentos em {country},Einkommen in {country},Доходы: {country},{country} gelirleri,الدخول في {country},{country}的收入,{country}的收入,{country}の収入,{country}의 소득,{country} में आय,{country} میں آمدنی,{country}-এ আয়,Pendapatan di {country},Thu nhập ở {country},በ{country} ገቢዎች,Mapato {country}
chart.world_bottom,Poorest 10% worldwide,10% più povero del mondo,10 % les plus pauvres au monde,10% más pobre del mundo,10% mais pobre do mundo,Ärmste 10 % weltweit,10% беднейших в мире,Dünyada en yoksul %10,أفقر 10% في العالم,全球最贫穷的10%,全球最貧窮的10%,世界の下位10%,세계 하위 10%,दुनिया में सबसे गरीब 10%,دنیا میں غریب ترین 10%,বিশ্বের দরিদ্রতম ১০%,10% termiskin di dunia,10% nghèo nhất thế giới,በዓለም ድሃው 10%,10% maskini zaidi duniani
chart.world_median,Typical income,Reddito tipico,Revenu typique,Ingreso típico,Rendimento típico,Typisches Einkommen,Типичный доход,Tipik gelir,الدخل النموذجي,典型收入,典型收入,標準的な収入,일반적인 소득,सामान्य आय,عام آمدنی,সাধারণ আয়,Pendapatan tipikal,Thu nhập điển hình,የተለመደ ገቢ,Mapato ya kawaida
chart.world_top,Richest 10% worldwide,10% più ricco del mondo,10 % les plus riches au monde,10% más rico del mundo,10% mais rico do mundo,Reichste 10 % weltweit,10% богатейших в мире,Dünyada en zengin %10,أغنى 10% في العالم,全球最富有的10%,全球最富有的10%,世界の上位10%,세계 상위 10%,दुनिया में सबसे अमीर 10%,دنیا میں امیر ترین 10%,বিশ্বের ধনীতম ১০%,10% terkaya di dunia,10% giàu nhất thế giới,በዓለም ሀብታሙ 10%,10% tajiri zaidi duniani
chart.world_title,Incomes worldwide,Redditi nel mondo,Revenus dans le monde,Ingresos en el mundo,Rendimentos no mundo,Einkommen weltweit,Доходы в мире,Dünyadaki gelirler,الدخول في العالم,全球收入,全球收入,世界の収入,세계의 소득,दुनिया भर में आय,دنیا بھر میں آمدنی,বিশ্বজুড়ে আয়,Pendapatan di dunia,Thu nhập trên thế giới,በዓለም ገቢዎች,Mapato duniani
unit.per_month,/month,/mese,/mois,/mes,/mês,/Monat,/мес.,/ay,/شهر,/月,/月,/月,/월,/माह,/ماہ,/মাস,/bulan,/tháng,/ወር,/mwezi
country.IT,Italy,Italia,,,,,,,,,,,,,,,,,,
country.BR,Brazil,,,,Brasil,,,,,,,,,,,,,,,
country.CN,China,,,,,,,,,中国,,,,,,,,,,
country.IN,India,,,,,,,,,,,,,भारत,,,,,,
country.US,United States,,,,,,,,,,,,,,,,,,,
country.CA,Canada,,,,,,,,,,,,,,,,,,,
country.DE,Germany,,,,,Deutschland,,,,,,,,,,,,,,
country.PE,Peru,,,Perú,,,,,,,,,,,,,,,,
country.JP,Japan,,,,,,,,,,,日本,,,,,,,,
country.AU,Australia,,,,,,,,,,,,,,,,,,,
country.KR,South Korea,,,,,,,,,,,,대한민국,,,,,,,
country.ID,Indonesia,,,,,,,,,,,,,,,,Indonesia,,,
country.ZA,South Africa,,,,,,,,,,,,,,,,,,,
country.TR,Turkey,,,,,,,Türkiye,,,,,,,,,,,,
country.NG,Nigeria,,,,,,,,,,,,,,,,,,,
country.FR,France,,France,,,,,,,,,,,,,,,,,
country.RU,Russia,,,,,,Россия,,,,,,,,,,,,,
country.ES,Spain,,,España,,,,,,,,,,,,,,,,
country.GB,United Kingdom,,,,,,,,,,,,,,,,,,,
country.SA,Saudi Arabia,,,,,,,,المملكة العربية السعودية,,,,,,,,,,,
country.EG,Egypt,,,,,,,,مصر,,,,,,,,,,,
country.MX,Mexico,,,México,,,,,,,,,,,,,,,,
country.PK,Pakistan,,,,,,,,,,,,,,پاکستان,,,,,
country.TW,Taiwan,,,,,,,,,,臺灣,,,,,,,,,
country.VN,Vietnam,,,,,,,,,,,,,,,,,Việt Nam,,
country.BD,Bangladesh,,,,,,,,,,,,,,,বাংলাদেশ,,,,
country.ET,Ethiopia,,,,,,,,,,,,,,,,,,ኢትዮጵያ,
country.KE,Kenya,,,,,,,,,,,,,,,,,,,Kenya
country.CD,DR Congo,,République démocratique du Congo,,,,,,,,,,,,,,,,,
