country,ratio
AE,0.8336
AR,0.7734
AU,0.7929
BD,0.9224
BR,0.7475
CA,0.7828
CD,0.8771
CI,0.7881
CL,0.9036
CN,0.8861
CO,0.8818
DE,0.8065
DK,0.6738
DZ,0.8396
EG,0.8502
ES,0.7614
ET,0.8664
FR,0.6957
GB,0.7714
ID,1.0304
IN,0.8727
IR,1.0141
IT,0.6912
JP,0.8778
KE,0.8306
KR,0.8673
MA,0.6667
ML,0.7625
MM,0.889
MX,0.9677
NE,0.8328
NG,0.8995
NL,0.7155
NO,0.653
NZ,0.7523
OA,0.7962
OB,0.7821
OC,0.7898
OD,0.8073
OE,0.8728
OH,0.8733
OI,0.9185
OJ,0.8353
PH,0.7968
PK,0.7871
QM,0.7273
RU,0.6997
RW,0.7767
SA,0.9232
SD,0.9487
SE,0.7252
TH,0.9219
TR,0.7793
TW,0.9554
US,0.8932
VN,0.8852
ZA,0.8012
