country,gpercentile,cash_income_2025
AE,0,551
AE,1,551
AE,2,551
AE,3,551
AE,4,551
AE,5,825
AE,6,1398
AE,7,1993
AE,8,2603
AE,9,3223
AE,10,3776
AE,11,4411
AE,12,5051
AE,13,5694
AE,14,6342
AE,15,6992
AE,16,7646
AE,17,8302
AE,18,8959
AE,19,9619
AE,20,9783
AE,21,10083
AE,22,10356
AE,23,10607
AE,24,10836
AE,25,11079
AE,26,11310
AE,27,11552
AE,28,11793
AE,29,12025
AE,30,12244
AE,31,12492
AE,32,12825
AE,33,13192
AE,34,13598
AE,35,14109
AE,36,14631
AE,37,15180
AE,38,15749
AE,39,16596
AE,40,17485
AE,41,18445
AE,42,19449
AE,43,20482
AE,44,21508
AE,45,22212
AE,46,22819
AE,47,23430
AE,48,24046
AE,49,24599
AE,50,24942
AE,51,25314
AE,52,25671
AE,53,26036
AE,54,26445
AE,55,26905
AE,56,27377
AE,57,27899
AE,58,28495
AE,59,29106
AE,60,29688
AE,61,30278
AE,62,30867
AE,63,31452
AE,64,32060
AE,65,32684
AE,66,33316
AE,67,33971
AE,68,34758
AE,69,35574
AE,70,36421
AE,71,37325
AE,72,38240
AE,73,39035
AE,74,39859
AE,75,40744
AE,76,41608
AE,77,42475
AE,78,43396
AE,79,44342
AE,80,45817
AE,81,47605
AE,82,49951
AE,83,52834
AE,84,56202
AE,85,60216
AE,86,65495
AE,87,71790
AE,88,79094
AE,89,87706
AE,90,96989
AE,91,106854
AE,92,118509
AE,93,131533
AE,94,145147
AE,95,160461
AE,96,180015
AE,97,208808
AE,98,260488
AE,99,410373
AE,99.1,427971
AE,99.2,448453
AE,99.3,474164
AE,99.4,504102
AE,99.5,545180
AE,99.6,593360
AE,99.7,673226
AE,99.8,837051
AE,99.9,1019664
AE,99.91,1074558
AE,99.92,1137671
AE,99.93,1211822
AE,99.94,1304695
AE,99.95,1426728
AE,99.96,1583801
AE,99.97,1858364
AE,99.98,2446037
AE,99.99,3046332
AE,99.991,3240048
AE,99.992,3448849
AE,99.993,3722576
AE,99.994,4060039
AE,99.995,4546426
AE,99.996,5264624
AE,99.997,6346807
AE,99.998,8145591
AE,99.999,18077520
AR,0,3382
AR,1,3382
AR,2,3382
AR,3,3382
AR,4,3382
AR,5,3382
AR,6,3382
AR,7,3382
AR,8,3382
AR,9,3382
AR,10,3382
AR,11,3850
AR,12,4401
AR,13,4775
AR,14,5072
AR,15,5386
AR,16,5593
AR,17,5941
AR,18,6078
AR,19,6315
AR,20,4757
AR,21,4867
AR,22,4949
AR,23,5203
AR,24,5424
AR,25,5590
AR,26,5682
AR,27,5837
AR,28,6044
AR,29,6113
AR,30,6263
AR,31,6401
AR,32,6548
AR,33,6694
AR,34,6830
AR,35,6971
AR,36,7155
AR,37,7169
AR,38,7291
AR,39,7365
AR,40,6817
AR,41,6941
AR,42,7160
AR,43,7347
AR,44,7459
AR,45,7681
AR,46,7791
AR,47,7952
AR,48,8041
AR,49,8116
AR,50,8169
AR,51,8334
AR,52,8576
AR,53,8797
AR,54,9032
AR,55,9317
AR,56,9600
AR,57,9743
AR,58,9814
AR,59,10120
AR,60,10040
AR,61,10263
AR,62,10396
AR,63,10603
AR,64,10912
AR,65,11055
AR,66,11312
AR,67,11659
AR,68,11900
AR,69,12156
AR,70,12516
AR,71,12759
AR,72,12906
AR,73,13267
AR,74,13676
AR,75,14091
AR,76,14484
AR,77,14841
AR,78,15338
AR,79,15798
AR,80,16086
AR,81,16358
AR,82,17011
AR,83,17844
AR,84,18773
AR,85,19658
AR,86,20489
AR,87,21645
AR,88,23068
AR,89,24547
AR,90,26040
AR,91,27931
AR,92,30679
AR,93,33475
AR,94,38253
AR,95,44243
AR,96,51824
AR,97,63792
AR,98,89423
AR,99,114901
AR,99.1,123429
AR,99.2,131257
AR,99.3,142801
AR,99.4,151891
AR,99.5,160705
AR,99.6,166521
AR,99.7,189996
AR,99.8,229047
AR,99.9,232779
AR,99.91,235102
AR,99.92,247337
AR,99.93,256362
AR,99.94,259712
AR,99.95,257792
AR,99.96,261181
AR,99.97,269440
AR,99.98,313204
AR,99.99,355429
AR,99.991,358394
AR,99.992,359248
AR,99.993,360243
AR,99.994,362239
AR,99.995,464426
AR,99.996,501674
AR,99.997,538920
AR,99.998,622416
AR,99.999,619084
AU,0,6791
AU,1,6791
AU,2,6791
AU,3,6791
AU,4,6791
AU,5,7040
AU,6,7565
AU,7,8115
AU,8,8678
AU,9,9249
AU,10,8896
AU,11,9474
AU,12,10052
AU,13,10631
AU,14,11210
AU,15,11788
AU,16,12377
AU,17,12939
AU,18,13486
AU,19,14077
AU,20,12110
AU,21,12482
AU,22,12877
AU,23,13284
AU,24,13605
AU,25,14006
AU,26,14402
AU,27,14816
AU,28,15211
AU,29,15649
AU,30,15915
AU,31,16369
AU,32,16918
AU,33,17474
AU,34,17957
AU,35,18497
AU,36,18995
AU,37,19465
AU,38,20050
AU,39,20490
AU,40,20495
AU,41,20938
AU,42,21491
AU,43,22099
AU,44,22599
AU,45,23249
AU,46,23900
AU,47,24596
AU,48,25292
AU,49,25957
AU,50,26387
AU,51,27168
AU,52,27909
AU,53,28618
AU,54,29274
AU,55,29923
AU,56,30574
AU,57,31053
AU,58,31460
AU,59,31914
AU,60,31918
AU,61,32290
AU,62,32541
AU,63,32856
AU,64,33245
AU,65,33574
AU,66,34065
AU,67,34595
AU,68,35123
AU,69,35814
AU,70,36557
AU,71,37417
AU,72,38447
AU,73,39511
AU,74,40709
AU,75,41888
AU,76,43186
AU,77,44508
AU,78,45822
AU,79,47189
AU,80,48859
AU,81,50132
AU,82,51387
AU,83,52725
AU,84,54046
AU,85,55298
AU,86,56509
AU,87,58152
AU,88,59594
AU,89,61185
AU,90,62923
AU,91,64496
AU,92,66468
AU,93,68778
AU,94,71914
AU,95,76199
AU,96,82601
AU,97,94275
AU,98,121472
AU,99,150296
AU,99.1,159562
AU,99.2,171082
AU,99.3,184733
AU,99.4,199543
AU,99.5,222281
AU,99.6,246845
AU,99.7,286739
AU,99.8,360173
AU,99.9,432531
AU,99.91,454372
AU,99.92,461946
AU,99.93,493394
AU,99.94,536036
AU,99.95,569070
AU,99.96,630789
AU,99.97,749849
AU,99.98,989344
AU,99.99,1230552
AU,99.991,1313564
AU,99.992,1398955
AU,99.993,1505182
AU,99.994,1653335
AU,99.995,1854460
AU,99.996,2172468
AU,99.997,2681935
AU,99.998,3937521
AU,99.999,25711139
BD,0,156
BD,1,156
BD,2,156
BD,3,156
BD,4,156
BD,5,230
BD,6,379
BD,7,531
BD,8,684
BD,9,837
BD,10,992
BD,11,1146
BD,12,1301
BD,13,1456
BD,14,1611
BD,15,1766
BD,16,1922
BD,17,2077
BD,18,2233
BD,19,2388
BD,20,2361
BD,21,2415
BD,22,2472
BD,23,2524
BD,24,2577
BD,25,2626
BD,26,2677
BD,27,2735
BD,28,2786
BD,29,2839
BD,30,2892
BD,31,2947
BD,32,3006
BD,33,3065
BD,34,3124
BD,35,3187
BD,36,3245
BD,37,3300
BD,38,3361
BD,39,3418
BD,40,3461
BD,41,3521
BD,42,3578
BD,43,3638
BD,44,3710
BD,45,3778
BD,46,3853
BD,47,3914
BD,48,3987
BD,49,4060
BD,50,4138
BD,51,4214
BD,52,4293
BD,53,4371
BD,54,4457
BD,55,4538
BD,56,4628
BD,57,4719
BD,58,4812
BD,59,4909
BD,60,5001
BD,61,5107
BD,62,5227
BD,63,5334
BD,64,5453
BD,65,5579
BD,66,5696
BD,67,5832
BD,68,5961
BD,69,6092
BD,70,6230
BD,71,6370
BD,72,6514
BD,73,6658
BD,74,6830
BD,75,7009
BD,76,7179
BD,77,7362
BD,78,7560
BD,79,7784
BD,80,8013
BD,81,8261
BD,82,8520
BD,83,8794
BD,84,9104
BD,85,9458
BD,86,9825
BD,87,10257
BD,88,10730
BD,89,11279
BD,90,11673
BD,91,12534
BD,92,13522
BD,93,14832
BD,94,16533
BD,95,18456
BD,96,21182
BD,97,25641
BD,98,33863
BD,99,41951
BD,99.1,45248
BD,99.2,49080
BD,99.3,53702
BD,99.4,59680
BD,99.5,68261
BD,99.6,79990
BD,99.7,98949
BD,99.8,140319
BD,99.9,190816
BD,99.91,202367
BD,99.92,215549
BD,99.93,231622
BD,99.94,252336
BD,99.95,278651
BD,99.96,315063
BD,99.97,374451
BD,99.98,489959
BD,99.99,616295
BD,99.991,653408
BD,99.992,696623
BD,99.993,748769
BD,99.994,816125
BD,99.995,905238
BD,99.996,1030579
BD,99.997,1224541
BD,99.998,1586921
BD,99.999,3819769
BR,0,2420
BR,1,2420
BR,2,2420
BR,3,2420
BR,4,2420
BR,5,2420
BR,6,2420
BR,7,2420
BR,8,2420
BR,9,2420
BR,10,2420
BR,11,2420
BR,12,2420
BR,13,2420
BR,14,2576
BR,15,2785
BR,16,2955
BR,17,3125
BR,18,3276
BR,19,3406
BR,20,2314
BR,21,2491
BR,22,2661
BR,23,2772
BR,24,2804
BR,25,2811
BR,26,2935
BR,27,2990
BR,28,3098
BR,29,3168
BR,30,3202
BR,31,3305
BR,32,3371
BR,33,3513
BR,34,3615
BR,35,3779
BR,36,3824
BR,37,3984
BR,38,4071
BR,39,4245
BR,40,3816
BR,41,3820
BR,42,3808
BR,43,3818
BR,44,3852
BR,45,3966
BR,46,4052
BR,47,4174
BR,48,4204
BR,49,4290
BR,50,4443
BR,51,4531
BR,52,4531
BR,53,4528
BR,54,4528
BR,55,4540
BR,56,4560
BR,57,4558
BR,58,4580
BR,59,4733
BR,60,4543
BR,61,4669
BR,62,4794
BR,63,4966
BR,64,5086
BR,65,5213
BR,66,5418
BR,67,5612
BR,68,5625
BR,69,5855
BR,70,6139
BR,71,6329
BR,72,6614
BR,73,6910
BR,74,7004
BR,75,7328
BR,76,7652
BR,77,8015
BR,78,8357
BR,79,8453
BR,80,8729
BR,81,9342
BR,82,9857
BR,83,10459
BR,84,11089
BR,85,11938
BR,86,12910
BR,87,13857
BR,88,15203
BR,89,16646
BR,90,18284
BR,91,20395
BR,92,22858
BR,93,25837
BR,94,29996
BR,95,36146
BR,96,44268
BR,97,56700
BR,98,83947
BR,99,111995
BR,99.1,119341
BR,99.2,126509
BR,99.3,141488
BR,99.4,156304
BR,99.5,176646
BR,99.6,198146
BR,99.7,223138
BR,99.8,299146
BR,99.9,363561
BR,99.91,374420
BR,99.92,412642
BR,99.93,451791
BR,99.94,496059
BR,99.95,533707
BR,99.96,560379
BR,99.97,582432
BR,99.98,613101
BR,99.99,629778
BR,99.991,634339
BR,99.992,636265
BR,99.993,636654
BR,99.994,683867
BR,99.995,781017
BR,99.996,896798
BR,99.997,891683
BR,99.998,902327
BR,99.999,936915
CA,0,7578
CA,1,7578
CA,2,7578
CA,3,7578
CA,4,7578
CA,5,7748
CA,6,8144
CA,7,8578
CA,8,9036
CA,9,9509
CA,10,8959
CA,11,9454
CA,12,9957
CA,13,10466
CA,14,10982
CA,15,11503
CA,16,12036
CA,17,12556
CA,18,13067
CA,19,13615
CA,20,11361
CA,21,11923
CA,22,12401
CA,23,13106
CA,24,13381
CA,25,13734
CA,26,14193
CA,27,14591
CA,28,15104
CA,29,15527
CA,30,15650
CA,31,16082
CA,32,16572
CA,33,17022
CA,34,17393
CA,35,17740
CA,36,18091
CA,37,18320
CA,38,18923
CA,39,19415
CA,40,19031
CA,41,19328
CA,42,19744
CA,43,20173
CA,44,20622
CA,45,20980
CA,46,21306
CA,47,21538
CA,48,22082
CA,49,22438
CA,50,22611
CA,51,22890
CA,52,23258
CA,53,23652
CA,54,24028
CA,55,24434
CA,56,24963
CA,57,25379
CA,58,25707
CA,59,26161
CA,60,26324
CA,61,26810
CA,62,27244
CA,63,27730
CA,64,28255
CA,65,28731
CA,66,29417
CA,67,29894
CA,68,30352
CA,69,31049
CA,70,31514
CA,71,32033
CA,72,32722
CA,73,33309
CA,74,33971
CA,75,34565
CA,76,35293
CA,77,36125
CA,78,36925
CA,79,37731
CA,80,39026
CA,81,39942
CA,82,40815
CA,83,41645
CA,84,42876
CA,85,43909
CA,86,44922
CA,87,46555
CA,88,48172
CA,89,49838
CA,90,51950
CA,91,54078
CA,92,56738
CA,93,60301
CA,94,64838
CA,95,70993
CA,96,80459
CA,97,96176
CA,98,127165
CA,99,157981
CA,99.1,168370
CA,99.2,181649
CA,99.3,197414
CA,99.4,216822
CA,99.5,244680
CA,99.6,279252
CA,99.7,340221
CA,99.8,468901
CA,99.9,609695
CA,99.91,655174
CA,99.92,689102
CA,99.93,759107
CA,99.94,851610
CA,99.95,941175
CA,99.96,1086897
CA,99.97,1329429
CA,99.98,1788368
CA,99.99,2256799
CA,99.991,2420232
CA,99.992,2586286
CA,99.993,2785254
CA,99.994,3045297
CA,99.995,3391103
CA,99.996,3867495
CA,99.997,4604061
CA,99.998,6099408
CA,99.999,14613838
CD,0,20
CD,1,20
CD,2,20
CD,3,20
CD,4,20
CD,5,26
CD,6,39
CD,7,52
CD,8,65
CD,9,78
CD,10,91
CD,11,104
CD,12,117
CD,13,131
CD,14,144
CD,15,157
CD,16,171
CD,17,184
CD,18,198
CD,19,211
CD,20,203
CD,21,211
CD,22,218
CD,23,225
CD,24,234
CD,25,241
CD,26,249
CD,27,257
CD,28,265
CD,29,271
CD,30,277
CD,31,285
CD,32,291
CD,33,299
CD,34,306
CD,35,315
CD,36,323
CD,37,335
CD,38,339
CD,39,349
CD,40,354
CD,41,364
CD,42,372
CD,43,380
CD,44,388
CD,45,397
CD,46,404
CD,47,415
CD,48,423
CD,49,434
CD,50,445
CD,51,457
CD,52,466
CD,53,477
CD,54,490
CD,55,502
CD,56,513
CD,57,528
CD,58,542
CD,59,554
CD,60,572
CD,61,587
CD,62,604
CD,63,618
CD,64,635
CD,65,652
CD,66,669
CD,67,686
CD,68,703
CD,69,721
CD,70,748
CD,71,768
CD,72,791
CD,73,815
CD,74,838
CD,75,868
CD,76,899
CD,77,931
CD,78,964
CD,79,1001
CD,80,1052
CD,81,1106
CD,82,1164
CD,83,1231
CD,84,1298
CD,85,1377
CD,86,1460
CD,87,1545
CD,88,1642
CD,89,1793
CD,90,1961
CD,91,2133
CD,92,2352
CD,93,2670
CD,94,3129
CD,95,3705
CD,96,4505
CD,97,5875
CD,98,8492
CD,99,10318
CD,99.1,10905
CD,99.2,11571
CD,99.3,12388
CD,99.4,13367
CD,99.5,14732
CD,99.6,16554
CD,99.7,19319
CD,99.8,24518
CD,99.9,29984
CD,99.91,31757
CD,99.92,33873
CD,99.93,35918
CD,99.94,38528
CD,99.95,42350
CD,99.96,47022
CD,99.97,54729
CD,99.98,69531
CD,99.99,84465
CD,99.991,88516
CD,99.992,93743
CD,99.993,100344
CD,99.994,108545
CD,99.995,119222
CD,99.996,133931
CD,99.997,157995
CD,99.998,201072
CD,99.999,439084
CI,0,10
CI,1,10
CI,2,10
CI,3,10
CI,4,10
CI,5,38
CI,6,96
CI,7,155
CI,8,215
CI,9,276
CI,10,337
CI,11,398
CI,12,460
CI,13,521
CI,14,583
CI,15,645
CI,16,706
CI,17,771
CI,18,832
CI,19,898
CI,20,920
CI,21,943
CI,22,961
CI,23,991
CI,24,1020
CI,25,1050
CI,26,1082
CI,27,1119
CI,28,1147
CI,29,1168
CI,30,1192
CI,31,1229
CI,32,1252
CI,33,1274
CI,34,1304
CI,35,1338
CI,36,1367
CI,37,1393
CI,38,1413
CI,39,1450
CI,40,1482
CI,41,1517
CI,42,1546
CI,43,1580
CI,44,1614
CI,45,1647
CI,46,1669
CI,47,1700
CI,48,1732
CI,49,1777
CI,50,1824
CI,51,1874
CI,52,1930
CI,53,1986
CI,54,2042
CI,55,2090
CI,56,2129
CI,57,2178
CI,58,2244
CI,59,2314
CI,60,2382
CI,61,2434
CI,62,2518
CI,63,2628
CI,64,2709
CI,65,2748
CI,66,2791
CI,67,2871
CI,68,2954
CI,69,3011
CI,70,3075
CI,71,3163
CI,72,3256
CI,73,3342
CI,74,3434
CI,75,3544
CI,76,3660
CI,77,3768
CI,78,3880
CI,79,4010
CI,80,4196
CI,81,4414
CI,82,4650
CI,83,4894
CI,84,5181
CI,85,5527
CI,86,5911
CI,87,6328
CI,88,6791
CI,89,7254
CI,90,7885
CI,91,8621
CI,92,9409
CI,93,10589
CI,94,11797
CI,95,14099
CI,96,17089
CI,97,21816
CI,98,36001
CI,99,44679
CI,99.1,47785
CI,99.2,51313
CI,99.3,55530
CI,99.4,60549
CI,99.5,67226
CI,99.6,75975
CI,99.7,89010
CI,99.8,112535
CI,99.9,135457
CI,99.91,141930
CI,99.92,149145
CI,99.93,157873
CI,99.94,169188
CI,99.95,182854
CI,99.96,201614
CI,99.97,230751
CI,99.98,282637
CI,99.99,332544
CI,99.991,347433
CI,99.992,364011
CI,99.993,383810
CI,99.994,408542
CI,99.995,439814
CI,99.996,482136
CI,99.997,544231
CI,99.998,658296
CI,99.999,1145070
CL,0,3201
CL,1,3201
CL,2,3201
CL,3,3201
CL,4,3201
CL,5,3201
CL,6,3201
CL,7,3201
CL,8,3201
CL,9,3201
CL,10,3201
CL,11,3201
CL,12,3201
CL,13,3201
CL,14,3201
CL,15,3201
CL,16,3335
CL,17,3841
CL,18,4232
CL,19,4570
CL,20,3494
CL,21,3682
CL,22,3916
CL,23,4167
CL,24,4465
CL,25,4606
CL,26,4769
CL,27,5027
CL,28,5258
CL,29,5399
CL,30,5511
CL,31,5551
CL,32,5680
CL,33,5936
CL,34,6080
CL,35,6277
CL,36,6485
CL,37,6642
CL,38,6910
CL,39,7112
CL,40,6907
CL,41,7019
CL,42,7118
CL,43,7319
CL,44,7539
CL,45,7792
CL,46,8025
CL,47,8205
CL,48,8499
CL,49,8709
CL,50,8947
CL,51,9021
CL,52,9030
CL,53,9192
CL,54,9361
CL,55,9593
CL,56,9924
CL,57,10082
CL,58,10240
CL,59,10491
CL,60,10365
CL,61,10653
CL,62,10765
CL,63,11038
CL,64,11347
CL,65,11647
CL,66,11930
CL,67,12274
CL,68,12686
CL,69,12933
CL,70,13338
CL,71,13740
CL,72,14165
CL,73,14710
CL,74,15155
CL,75,15725
CL,76,16240
CL,77,16907
CL,78,17465
CL,79,18119
CL,80,18464
CL,81,19182
CL,82,20078
CL,83,21238
CL,84,22330
CL,85,23707
CL,86,25464
CL,87,27576
CL,88,29853
CL,89,32393
CL,90,35440
CL,91,39319
CL,92,44174
CL,93,49793
CL,94,57018
CL,95,67429
CL,96,81565
CL,97,103962
CL,98,149275
CL,99,194155
CL,99.1,207839
CL,99.2,226317
CL,99.3,242025
CL,99.4,257431
CL,99.5,294932
CL,99.6,339060
CL,99.7,398104
CL,99.8,567863
CL,99.9,744699
CL,99.91,798912
CL,99.92,856981
CL,99.93,931025
CL,99.94,1005668
CL,99.95,1029182
CL,99.96,1121574
CL,99.97,1283441
CL,99.98,1634546
CL,99.99,1952136
CL,99.991,1969672
CL,99.992,1972919
CL,99.993,2180357
CL,99.994,2474390
CL,99.995,2812953
CL,99.996,2909081
CL,99.997,2960319
CL,99.998,3060008
CL,99.999,4212921
CN,0,392
CN,1,392
CN,2,392
CN,3,392
CN,4,392
CN,5,475
CN,6,646
CN,7,821
CN,8,1000
CN,9,1180
CN,10,1362
CN,11,1546
CN,12,1730
CN,13,1915
CN,14,2101
CN,15,2288
CN,16,2470
CN,17,2651
CN,18,2829
CN,19,3011
CN,20,2998
CN,21,3167
CN,22,3343
CN,23,3530
CN,24,3700
CN,25,3884
CN,26,4066
CN,27,4253
CN,28,4447
CN,29,4636
CN,30,4845
CN,31,5038
CN,32,5256
CN,33,5462
CN,34,5658
CN,35,5877
CN,36,6090
CN,37,6290
CN,38,6527
CN,39,6742
CN,40,6905
CN,41,7112
CN,42,7330
CN,43,7578
CN,44,7791
CN,45,8030
CN,46,8275
CN,47,8503
CN,48,8747
CN,49,8969
CN,50,9211
CN,51,9469
CN,52,9696
CN,53,9958
CN,54,10206
CN,55,10452
CN,56,10729
CN,57,10971
CN,58,11224
CN,59,11485
CN,60,11702
CN,61,11966
CN,62,12233
CN,63,12498
CN,64,12774
CN,65,13044
CN,66,13334
CN,67,13615
CN,68,13894
CN,69,14190
CN,70,14492
CN,71,14779
CN,72,15112
CN,73,15435
CN,74,15786
CN,75,16132
CN,76,16492
CN,77,16889
CN,78,17301
CN,79,17744
CN,80,18174
CN,81,18660
CN,82,19197
CN,83,19806
CN,84,20476
CN,85,21225
CN,86,22043
CN,87,23058
CN,88,24206
CN,89,25543
CN,90,27186
CN,91,29208
CN,92,31668
CN,93,34693
CN,94,38531
CN,95,43487
CN,96,50138
CN,97,59714
CN,98,75395
CN,99,88622
CN,99.1,92261
CN,99.2,96573
CN,99.3,101600
CN,99.4,107620
CN,99.5,116271
CN,99.6,128066
CN,99.7,149517
CN,99.8,202631
CN,99.9,269682
CN,99.91,293300
CN,99.92,318524
CN,99.93,358325
CN,99.94,414218
CN,99.95,483164
CN,99.96,596870
CN,99.97,802400
CN,99.98,1252778
CN,99.99,1766494
CN,99.991,1939504
CN,99.992,2145286
CN,99.993,2392948
CN,99.994,2729809
CN,99.995,3194991
CN,99.996,3887656
CN,99.997,5040975
CN,99.998,7611870
CN,99.999,36100398
CO,0,874
CO,1,874
CO,2,874
CO,3,874
CO,4,874
CO,5,874
CO,6,874
CO,7,874
CO,8,874
CO,9,874
CO,10,874
CO,11,874
CO,12,874
CO,13,874
CO,14,874
CO,15,874
CO,16,874
CO,17,874
CO,18,945
CO,19,1222
CO,20,1026
CO,21,1237
CO,22,1373
CO,23,1550
CO,24,1728
CO,25,1824
CO,26,1968
CO,27,2150
CO,28,2208
CO,29,2370
CO,30,2516
CO,31,2614
CO,32,2721
CO,33,2886
CO,34,2981
CO,35,3051
CO,36,3064
CO,37,3174
CO,38,3240
CO,39,3315
CO,40,3314
CO,41,3347
CO,42,3471
CO,43,3617
CO,44,3762
CO,45,3779
CO,46,3905
CO,47,4091
CO,48,4205
CO,49,4324
CO,50,4527
CO,51,4599
CO,52,4711
CO,53,4839
CO,54,5044
CO,55,5220
CO,56,5342
CO,57,5435
CO,58,5474
CO,59,5633
CO,60,5598
CO,61,5693
CO,62,5739
CO,63,5873
CO,64,6089
CO,65,6220
CO,66,6418
CO,67,6661
CO,68,6881
CO,69,7112
CO,70,7334
CO,71,7659
CO,72,7975
CO,73,8252
CO,74,8712
CO,75,8949
CO,76,9457
CO,77,10071
CO,78,10691
CO,79,11343
CO,80,12177
CO,81,13037
CO,82,13910
CO,83,15181
CO,84,16444
CO,85,17751
CO,86,19318
CO,87,21533
CO,88,23941
CO,89,26319
CO,90,29055
CO,91,32374
CO,92,36422
CO,93,41633
CO,94,47723
CO,95,55379
CO,96,65555
CO,97,81567
CO,98,103554
CO,99,126279
CO,99.1,134905
CO,99.2,145659
CO,99.3,155743
CO,99.4,166805
CO,99.5,184887
CO,99.6,214151
CO,99.7,234079
CO,99.8,277282
CO,99.9,310425
CO,99.91,315286
CO,99.92,322876
CO,99.93,330728
CO,99.94,339918
CO,99.95,363245
CO,99.96,383705
CO,99.97,410883
CO,99.98,450792
CO,99.99,542295
CO,99.991,563131
CO,99.992,574780
CO,99.993,572530
CO,99.994,577834
CO,99.995,591774
CO,99.996,647763
CO,99.997,642073
CO,99.998,660047
CO,99.999,769587
DE,0,10250
DE,1,10250
DE,2,10250
DE,3,10250
DE,4,10250
DE,5,10550
DE,6,11190
DE,7,11863
DE,8,12554
DE,9,13257
DE,10,11009
DE,11,11723
DE,12,12439
DE,13,13157
DE,14,13874
DE,15,14591
DE,16,15246
DE,17,15889
DE,18,16549
DE,19,17120
DE,20,13870
DE,21,14238
DE,22,14515
DE,23,14947
DE,24,15163
DE,25,15489
DE,26,15633
DE,27,15873
DE,28,16002
DE,29,16276
DE,30,16119
DE,31,16111
DE,32,16449
DE,33,16745
DE,34,16817
DE,35,17042
DE,36,17243
DE,37,17351
DE,38,17842
DE,39,17995
DE,40,18590
DE,41,18702
DE,42,18950
DE,43,19300
DE,44,19569
DE,45,19730
DE,46,20209
DE,47,20397
DE,48,20680
DE,49,20891
DE,50,21531
DE,51,21995
DE,52,22204
DE,53,22509
DE,54,22762
DE,55,23176
DE,56,23624
DE,57,23952
DE,58,24175
DE,59,24633
DE,60,24998
DE,61,25348
DE,62,25697
DE,63,26161
DE,64,26628
DE,65,27145
DE,66,27750
DE,67,28256
DE,68,28469
DE,69,28956
DE,70,29739
DE,71,30207
DE,72,30966
DE,73,31582
DE,74,32295
DE,75,32873
DE,76,33547
DE,77,34415
DE,78,35029
DE,79,35793
DE,80,36515
DE,81,37366
DE,82,38211
DE,83,39388
DE,84,40580
DE,85,41785
DE,86,43447
DE,87,45408
DE,88,47569
DE,89,49387
DE,90,51791
DE,91,54393
DE,92,57724
DE,93,61908
DE,94,67140
DE,95,73766
DE,96,83871
DE,97,99246
DE,98,139111
DE,99,181272
DE,99.1,195222
DE,99.2,214558
DE,99.3,236334
DE,99.4,264000
DE,99.5,298986
DE,99.6,344828
DE,99.7,428231
DE,99.8,608500
DE,99.9,800716
DE,99.91,841999
DE,99.92,884168
DE,99.93,994894
DE,99.94,1146522
DE,99.95,1285439
DE,99.96,1551219
DE,99.97,1961511
DE,99.98,2747316
DE,99.99,3572415
DE,99.991,3842668
DE,99.992,4145112
DE,99.993,4488408
DE,99.994,4969302
DE,99.995,5582632
DE,99.996,6483303
DE,99.997,7844373
DE,99.998,10783857
DE,99.999,31937352
DK,0,17366
DK,1,17366
DK,2,17366
DK,3,17366
DK,4,17366
DK,5,17666
DK,6,18344
DK,7,19082
DK,8,19851
DK,9,20636
DK,10,10459
DK,11,11261
DK,12,12070
DK,13,12886
DK,14,13707
DK,15,14533
DK,16,15373
DK,17,16171
DK,18,16998
DK,19,17819
DK,20,17441
DK,21,17658
DK,22,17967
DK,23,18196
DK,24,18393
DK,25,18612
DK,26,18830
DK,27,19167
DK,28,19392
DK,29,19600
DK,30,19594
DK,31,19813
DK,32,20166
DK,33,20498
DK,34,20775
DK,35,21044
DK,36,21420
DK,37,21796
DK,38,22187
DK,39,22575
DK,40,22413
DK,41,22743
DK,42,23171
DK,43,23692
DK,44,24087
DK,45,24512
DK,46,25130
DK,47,25555
DK,48,25987
DK,49,26434
DK,50,26756
DK,51,27235
DK,52,27683
DK,53,28254
DK,54,28810
DK,55,29321
DK,56,29766
DK,57,30101
DK,58,30487
DK,59,30968
DK,60,31029
DK,61,31456
DK,62,31905
DK,63,32364
DK,64,32998
DK,65,33450
DK,66,33913
DK,67,34345
DK,68,34764
DK,69,35243
DK,70,35907
DK,71,36277
DK,72,36697
DK,73,37118
DK,74,37762
DK,75,38359
DK,76,38897
DK,77,39487
DK,78,40190
DK,79,40867
DK,80,41611
DK,81,42191
DK,82,42847
DK,83,43796
DK,84,44623
DK,85,45279
DK,86,46268
DK,87,47877
DK,88,48787
DK,89,50386
DK,90,51242
DK,91,52241
DK,92,53649
DK,93,55430
DK,94,58017
DK,95,61714
DK,96,67311
DK,97,76958
DK,98,97883
DK,99,115661
DK,99.1,121778
DK,99.2,129429
DK,99.3,138801
DK,99.4,150235
DK,99.5,168065
DK,99.6,191006
DK,99.7,234114
DK,99.8,332807
DK,99.9,439508
DK,99.91,471938
DK,99.92,489077
DK,99.93,553785
DK,99.94,639457
DK,99.95,715385
DK,99.96,865302
DK,99.97,1130354
DK,99.98,1676828
DK,99.99,2309531
DK,99.991,2510382
DK,99.992,2765702
DK,99.993,3038019
DK,99.994,3436758
DK,99.995,3952815
DK,99.996,4727800
DK,99.997,5889624
DK,99.998,8740570
DK,99.999,37265295
DZ,0,386
DZ,1,386
DZ,2,386
DZ,3,386
DZ,4,386
DZ,5,478
DZ,6,664
DZ,7,852
DZ,8,1040
DZ,9,1229
DZ,10,1365
DZ,11,1554
DZ,12,1744
DZ,13,1934
DZ,14,2123
DZ,15,2313
DZ,16,2504
DZ,17,2693
DZ,18,2883
DZ,19,3074
DZ,20,3041
DZ,21,3078
DZ,22,3128
DZ,23,3196
DZ,24,3271
DZ,25,3353
DZ,26,3438
DZ,27,3524
DZ,28,3611
DZ,29,3693
DZ,30,3772
DZ,31,3886
DZ,32,3959
DZ,33,3985
DZ,34,4003
DZ,35,4016
DZ,36,4025
DZ,37,4041
DZ,38,4050
DZ,39,4072
DZ,40,4129
DZ,41,4271
DZ,42,4411
DZ,43,4551
DZ,44,4673
DZ,45,4759
DZ,46,4837
DZ,47,4921
DZ,48,5002
DZ,49,5082
DZ,50,5117
DZ,51,5144
DZ,52,5168
DZ,53,5194
DZ,54,5222
DZ,55,5248
DZ,56,5273
DZ,57,5303
DZ,58,5334
DZ,59,5571
DZ,60,5983
DZ,61,6194
DZ,62,6226
DZ,63,6251
DZ,64,6282
DZ,65,6319
DZ,66,6352
DZ,67,6385
DZ,68,6422
DZ,69,6454
DZ,70,6497
DZ,71,6595
DZ,72,6741
DZ,73,6912
DZ,74,7094
DZ,75,7273
DZ,76,7439
DZ,77,7576
DZ,78,7686
DZ,79,7777
DZ,80,7967
DZ,81,8216
DZ,82,8550
DZ,83,8973
DZ,84,9483
DZ,85,10076
DZ,86,10733
DZ,87,11503
DZ,88,12323
DZ,89,13280
DZ,90,14362
DZ,91,15486
DZ,92,16766
DZ,93,18275
DZ,94,20167
DZ,95,22690
DZ,96,26163
DZ,97,31806
DZ,98,43158
DZ,99,72553
DZ,99.1,77073
DZ,99.2,82446
DZ,99.3,89284
DZ,99.4,97354
DZ,99.5,109443
DZ,99.6,124622
DZ,99.7,150286
DZ,99.8,204877
DZ,99.9,265659
DZ,99.91,286010
DZ,99.92,307635
DZ,99.93,334261
DZ,99.94,370520
DZ,99.95,414599
DZ,99.96,476129
DZ,99.97,587630
DZ,99.98,820423
DZ,99.99,1065862
DZ,99.991,1146224
DZ,99.992,1236563
DZ,99.993,1351283
DZ,99.994,1497530
DZ,99.995,1699575
DZ,99.996,1994570
DZ,99.997,2463223
DZ,99.998,3396492
DZ,99.999,10375490
EG,0,640
EG,1,640
EG,2,640
EG,3,640
EG,4,640
EG,5,772
EG,6,1043
EG,7,1319
EG,8,1598
EG,9,1879
EG,10,2162
EG,11,2446
EG,12,2730
EG,13,3016
EG,14,3301
EG,15,3587
EG,16,3871
EG,17,4163
EG,18,4447
EG,19,4730
EG,20,4629
EG,21,4695
EG,22,4748
EG,23,4812
EG,24,4870
EG,25,4936
EG,26,5001
EG,27,5169
EG,28,5346
EG,29,5529
EG,30,5622
EG,31,5660
EG,32,5681
EG,33,5705
EG,34,5731
EG,35,5757
EG,36,5778
EG,37,5816
EG,38,5833
EG,39,5918
EG,40,6131
EG,41,6260
EG,42,6391
EG,43,6516
EG,44,6650
EG,45,6786
EG,46,6904
EG,47,7027
EG,48,7132
EG,49,7231
EG,50,7324
EG,51,7410
EG,52,7494
EG,53,7571
EG,54,7657
EG,55,7751
EG,56,7848
EG,57,7961
EG,58,8090
EG,59,8227
EG,60,8347
EG,61,8510
EG,62,8682
EG,63,8851
EG,64,9036
EG,65,9231
EG,66,9422
EG,67,9612
EG,68,9807
EG,69,9994
EG,70,10176
EG,71,10363
EG,72,10562
EG,73,10765
EG,74,10985
EG,75,11225
EG,76,11497
EG,77,11782
EG,78,12096
EG,79,12421
EG,80,12743
EG,81,13261
EG,82,13874
EG,83,14608
EG,84,15476
EG,85,16495
EG,86,17654
EG,87,19047
EG,88,20608
EG,89,22429
EG,90,24433
EG,91,26477
EG,92,28802
EG,93,31547
EG,94,34960
EG,95,39476
EG,96,45552
EG,97,55091
EG,98,73338
EG,99,116183
EG,99.1,122443
EG,99.2,129857
EG,99.3,139206
EG,99.4,150145
EG,99.5,165599
EG,99.6,183892
EG,99.7,214431
EG,99.8,277424
EG,99.9,343084
EG,99.91,364114
EG,99.92,387112
EG,99.93,414888
EG,99.94,450689
EG,99.95,495423
EG,99.96,553865
EG,99.97,657608
EG,99.98,874961
EG,99.99,1089618
EG,99.991,1160937
EG,99.992,1237036
EG,99.993,1335324
EG,99.994,1457104
EG,99.995,1630861
EG,99.996,1885155
EG,99.997,2266817
EG,99.998,2917925
EG,99.999,6403905
ES,0,7602
ES,1,7602
ES,2,7602
ES,3,7602
ES,4,7602
ES,5,7814
ES,6,8281
ES,7,8786
ES,8,9316
ES,9,9864
ES,10,7628
ES,11,8198
ES,12,8777
ES,13,9362
ES,14,9951
ES,15,10545
ES,16,11127
ES,17,11706
ES,18,12257
ES,19,12841
ES,20,11218
ES,21,11513
ES,22,12004
ES,23,12260
ES,24,12558
ES,25,12841
ES,26,13099
ES,27,13264
ES,28,13413
ES,29,13605
ES,30,13577
ES,31,13702
ES,32,13963
ES,33,14159
ES,34,14338
ES,35,14580
ES,36,14738
ES,37,14893
ES,38,15346
ES,39,15525
ES,40,15700
ES,41,15958
ES,42,16334
ES,43,16717
ES,44,16886
ES,45,17166
ES,46,17527
ES,47,17678
ES,48,17992
ES,49,18126
ES,50,18142
ES,51,18507
ES,52,18732
ES,53,18971
ES,54,19218
ES,55,19526
ES,56,19831
ES,57,20038
ES,58,20302
ES,59,20636
ES,60,20875
ES,61,21138
ES,62,21494
ES,63,21812
ES,64,22192
ES,65,22489
ES,66,22921
ES,67,23226
ES,68,23588
ES,69,23987
ES,70,24415
ES,71,24756
ES,72,25215
ES,73,25642
ES,74,26119
ES,75,26647
ES,76,27193
ES,77,27766
ES,78,28432
ES,79,29012
ES,80,29640
ES,81,30265
ES,82,31080
ES,83,31924
ES,84,32631
ES,85,33178
ES,86,33821
ES,87,34802
ES,88,35833
ES,89,37265
ES,90,39113
ES,91,40893
ES,92,43176
ES,93,45919
ES,94,49693
ES,95,54906
ES,96,62362
ES,97,75019
ES,98,101511
ES,99,127353
ES,99.1,135694
ES,99.2,146742
ES,99.3,159993
ES,99.4,176755
ES,99.5,198709
ES,99.6,228936
ES,99.7,283377
ES,99.8,397679
ES,99.9,522781
ES,99.91,554427
ES,99.92,583249
ES,99.93,649604
ES,99.94,743499
ES,99.95,831561
ES,99.96,989184
ES,99.97,1240737
ES,99.98,1747628
ES,99.99,2272944
ES,99.991,2481696
ES,99.992,2667563
ES,99.993,2912286
ES,99.994,3236613
ES,99.995,3662386
ES,99.996,4295743
ES,99.997,5256274
ES,99.998,7392325
ES,99.999,24250804
ET,0,17
ET,1,17
ET,2,17
ET,3,17
ET,4,17
ET,5,42
ET,6,92
ET,7,143
ET,8,194
ET,9,245
ET,10,296
ET,11,348
ET,12,399
ET,13,451
ET,14,502
ET,15,554
ET,16,606
ET,17,657
ET,18,708
ET,19,760
ET,20,781
ET,21,804
ET,22,827
ET,23,847
ET,24,870
ET,25,890
ET,26,912
ET,27,931
ET,28,953
ET,29,975
ET,30,997
ET,31,1022
ET,32,1043
ET,33,1067
ET,34,1093
ET,35,1117
ET,36,1140
ET,37,1167
ET,38,1193
ET,39,1219
ET,40,1247
ET,41,1275
ET,42,1303
ET,43,1329
ET,44,1357
ET,45,1385
ET,46,1414
ET,47,1444
ET,48,1473
ET,49,1499
ET,50,1523
ET,51,1553
ET,52,1584
ET,53,1611
ET,54,1639
ET,55,1664
ET,56,1689
ET,57,1719
ET,58,1745
ET,59,1773
ET,60,1794
ET,61,1824
ET,62,1854
ET,63,1887
ET,64,1919
ET,65,1953
ET,66,1988
ET,67,2025
ET,68,2068
ET,69,2110
ET,70,2155
ET,71,2200
ET,72,2255
ET,73,2311
ET,74,2363
ET,75,2418
ET,76,2476
ET,77,2538
ET,78,2617
ET,79,2698
ET,80,2782
ET,81,2876
ET,82,2978
ET,83,3093
ET,84,3234
ET,85,3387
ET,86,3562
ET,87,3773
ET,88,4035
ET,89,4331
ET,90,4688
ET,91,5077
ET,92,5586
ET,93,6214
ET,94,7033
ET,95,8196
ET,96,9732
ET,97,12196
ET,98,16486
ET,99,19347
ET,99.1,20328
ET,99.2,21443
ET,99.3,22798
ET,99.4,24381
ET,99.5,26593
ET,99.6,29450
ET,99.7,33784
ET,99.8,41869
ET,99.9,50195
ET,99.91,52832
ET,99.92,55725
ET,99.93,58985
ET,99.94,63205
ET,99.95,68548
ET,99.96,75628
ET,99.97,87209
ET,99.98,108741
ET,99.99,130071
ET,99.991,136409
ET,99.992,143778
ET,99.993,152747
ET,99.994,163955
ET,99.995,178462
ET,99.996,198452
ET,99.997,229258
ET,99.998,286617
ET,99.999,571185
FR,0,8522
FR,1,8522
FR,2,8522
FR,3,8522
FR,4,8522
FR,5,8708
FR,6,9134
FR,7,9609
FR,8,10116
FR,9,10644
FR,10,8225
FR,11,8783
FR,12,9351
FR,13,9927
FR,14,10509
FR,15,11096
FR,16,11683
FR,17,12306
FR,18,12868
FR,19,13466
FR,20,12239
FR,21,12494
FR,22,12751
FR,23,13079
FR,24,13243
FR,25,13527
FR,26,13734
FR,27,13908
FR,28,14215
FR,29,14447
FR,30,14139
FR,31,14363
FR,32,14752
FR,33,15096
FR,34,15392
FR,35,15716
FR,36,16011
FR,37,16130
FR,38,16604
FR,39,16922
FR,40,17279
FR,41,17703
FR,42,18140
FR,43,18702
FR,44,18859
FR,45,19056
FR,46,19453
FR,47,19660
FR,48,19825
FR,49,19924
FR,50,20074
FR,51,20329
FR,52,20472
FR,53,20675
FR,54,20942
FR,55,21304
FR,56,21847
FR,57,22102
FR,58,22370
FR,59,22911
FR,60,23161
FR,61,23485
FR,62,23667
FR,63,23929
FR,64,24300
FR,65,24536
FR,66,24823
FR,67,25100
FR,68,25401
FR,69,25940
FR,70,26309
FR,71,26751
FR,72,27172
FR,73,27501
FR,74,27685
FR,75,28000
FR,76,28297
FR,77,28828
FR,78,29311
FR,79,29863
FR,80,29938
FR,81,30097
FR,82,30355
FR,83,30950
FR,84,32007
FR,85,33046
FR,86,34251
FR,87,35088
FR,88,35638
FR,89,36503
FR,90,37416
FR,91,38494
FR,92,39409
FR,93,40532
FR,94,42836
FR,95,48966
FR,96,58544
FR,97,62297
FR,98,81968
FR,99,102902
FR,99.1,115627
FR,99.2,131140
FR,99.3,142354
FR,99.4,146100
FR,99.5,155294
FR,99.6,176973
FR,99.7,228899
FR,99.8,341876
FR,99.9,467336
FR,99.91,490661
FR,99.92,497274
FR,99.93,577310
FR,99.94,691276
FR,99.95,770331
FR,99.96,959033
FR,99.97,1264231
FR,99.98,1850864
FR,99.99,2512080
FR,99.991,2829680
FR,99.992,3109231
FR,99.993,3270825
FR,99.994,3575444
FR,99.995,4139284
FR,99.996,4931255
FR,99.997,5939491
FR,99.998,8635458
FR,99.999,30492813
GB,0,10552
GB,1,10552
GB,2,10552
GB,3,10552
GB,4,10552
GB,5,10812
GB,6,11377
GB,7,11977
GB,8,12597
GB,9,13227
GB,10,10084
GB,11,10722
GB,12,11359
GB,13,11993
GB,14,12626
GB,15,13255
GB,16,13904
GB,17,14512
GB,18,15097
GB,19,15701
GB,20,13881
GB,21,14136
GB,22,14361
GB,23,14664
GB,24,14865
GB,25,15114
GB,26,15390
GB,27,15619
GB,28,15904
GB,29,16186
GB,30,15152
GB,31,15351
GB,32,15687
GB,33,15872
GB,34,16211
GB,35,16466
GB,36,16677
GB,37,16888
GB,38,17246
GB,39,17507
GB,40,17180
GB,41,17505
GB,42,17792
GB,43,17974
GB,44,18121
GB,45,18418
GB,46,18767
GB,47,18923
GB,48,19199
GB,49,19420
GB,50,19273
GB,51,19720
GB,52,20055
GB,53,20462
GB,54,20690
GB,55,20942
GB,56,21442
GB,57,21702
GB,58,22047
GB,59,22531
GB,60,22654
GB,61,23043
GB,62,23465
GB,63,23863
GB,64,24313
GB,65,24734
GB,66,25250
GB,67,25769
GB,68,26212
GB,69,26811
GB,70,27115
GB,71,27563
GB,72,28130
GB,73,28628
GB,74,29139
GB,75,29896
GB,76,30647
GB,77,31175
GB,78,31909
GB,79,32587
GB,80,33238
GB,81,34088
GB,82,34973
GB,83,36244
GB,84,37217
GB,85,38053
GB,86,39296
GB,87,40737
GB,88,42081
GB,89,43833
GB,90,45589
GB,91,47645
GB,92,50187
GB,93,53585
GB,94,57080
GB,95,62501
GB,96,70237
GB,97,83659
GB,98,111726
GB,99,143388
GB,99.1,151620
GB,99.2,161826
GB,99.3,173921
GB,99.4,188746
GB,99.5,209747
GB,99.6,236684
GB,99.7,283398
GB,99.8,383611
GB,99.9,491326
GB,99.91,520387
GB,99.92,545543
GB,99.93,602084
GB,99.94,680652
GB,99.95,749975
GB,99.96,877584
GB,99.97,1104073
GB,99.98,1538856
GB,99.99,2036842
GB,99.991,2195693
GB,99.992,2349021
GB,99.993,2595350
GB,99.994,2833803
GB,99.995,3239871
GB,99.996,3789968
GB,99.997,4571887
GB,99.998,6549258
GB,99.999,24146182
ID,0,139
ID,1,139
ID,2,139
ID,3,139
ID,4,139
ID,5,211
ID,6,357
ID,7,506
ID,8,656
ID,9,807
ID,10,959
ID,11,1111
ID,12,1264
ID,13,1417
ID,14,1571
ID,15,1724
ID,16,1868
ID,17,2022
ID,18,2158
ID,19,2301
ID,20,2328
ID,21,2395
ID,22,2445
ID,23,2512
ID,24,2571
ID,25,2632
ID,26,2703
ID,27,2773
ID,28,2846
ID,29,2902
ID,30,3012
ID,31,3080
ID,32,3161
ID,33,3261
ID,34,3340
ID,35,3421
ID,36,3501
ID,37,3587
ID,38,3687
ID,39,3784
ID,40,3875
ID,41,3965
ID,42,4057
ID,43,4174
ID,44,4282
ID,45,4395
ID,46,4527
ID,47,4632
ID,48,4759
ID,49,4873
ID,50,4978
ID,51,5136
ID,52,5269
ID,53,5406
ID,54,5539
ID,55,5709
ID,56,5863
ID,57,6028
ID,58,6193
ID,59,6390
ID,60,6520
ID,61,6733
ID,62,6928
ID,63,7154
ID,64,7359
ID,65,7587
ID,66,7854
ID,67,8086
ID,68,8307
ID,69,8597
ID,70,8886
ID,71,9137
ID,72,9432
ID,73,9727
ID,74,10071
ID,75,10366
ID,76,10696
ID,77,11067
ID,78,11468
ID,79,11829
ID,80,12215
ID,81,12618
ID,82,13081
ID,83,13569
ID,84,14105
ID,85,14658
ID,86,15297
ID,87,16010
ID,88,16838
ID,89,17767
ID,90,17846
ID,91,19111
ID,92,20734
ID,93,22829
ID,94,25543
ID,95,29151
ID,96,34454
ID,97,42961
ID,98,60322
ID,99,76913
ID,99.1,82572
ID,99.2,89647
ID,99.3,97903
ID,99.4,108664
ID,99.5,123542
ID,99.6,143011
ID,99.7,176025
ID,99.8,247939
ID,99.9,331532
ID,99.91,351300
ID,99.92,369496
ID,99.93,401346
ID,99.94,441531
ID,99.95,484441
ID,99.96,551818
ID,99.97,658442
ID,99.98,871305
ID,99.99,1096737
ID,99.991,1164165
ID,99.992,1244782
ID,99.993,1335957
ID,99.994,1457911
ID,99.995,1622783
ID,99.996,1854713
ID,99.997,2206138
ID,99.998,2851125
ID,99.999,7721381
IN,0,230
IN,1,230
IN,2,230
IN,3,230
IN,4,230
IN,5,283
IN,6,393
IN,7,506
IN,8,621
IN,9,738
IN,10,855
IN,11,973
IN,12,1092
IN,13,1211
IN,14,1330
IN,15,1449
IN,16,1569
IN,17,1689
IN,18,1807
IN,19,1928
IN,20,1904
IN,21,1943
IN,22,1983
IN,23,2018
IN,24,2049
IN,25,2078
IN,26,2115
IN,27,2132
IN,28,2154
IN,29,2181
IN,30,2217
IN,31,2255
IN,32,2292
IN,33,2331
IN,34,2363
IN,35,2401
IN,36,2440
IN,37,2469
IN,38,2512
IN,39,2527
IN,40,2543
IN,41,2570
IN,42,2596
IN,43,2638
IN,44,2675
IN,45,2727
IN,46,2775
IN,47,2801
IN,48,2847
IN,49,2886
IN,50,2924
IN,51,2964
IN,52,3008
IN,53,3068
IN,54,3122
IN,55,3163
IN,56,3212
IN,57,3252
IN,58,3306
IN,59,3342
IN,60,3367
IN,61,3422
IN,62,3494
IN,63,3569
IN,64,3628
IN,65,3684
IN,66,3742
IN,67,3812
IN,68,3871
IN,69,3941
IN,70,4005
IN,71,4078
IN,72,4177
IN,73,4280
IN,74,4365
IN,75,4480
IN,76,4581
IN,77,4677
IN,78,4758
IN,79,4912
IN,80,5054
IN,81,5213
IN,82,5425
IN,83,5587
IN,84,5791
IN,85,5983
IN,86,6124
IN,87,6316
IN,88,6504
IN,89,6851
IN,90,8176
IN,91,10303
IN,92,13404
IN,93,17868
IN,94,24947
IN,95,29242
IN,96,31049
IN,97,34155
IN,98,41803
IN,99,54480
IN,99.1,57754
IN,99.2,62281
IN,99.3,67407
IN,99.4,74343
IN,99.5,84280
IN,99.6,97201
IN,99.7,120056
IN,99.8,167451
IN,99.9,219299
IN,99.91,233350
IN,99.92,250409
IN,99.93,272187
IN,99.94,302260
IN,99.95,341237
IN,99.96,399824
IN,99.97,493717
IN,99.98,712701
IN,99.99,953338
IN,99.991,1025239
IN,99.992,1107084
IN,99.993,1212951
IN,99.994,1346455
IN,99.995,1538715
IN,99.996,1795669
IN,99.997,2234699
IN,99.998,3165859
IN,99.999,13104727
IR,0,819
IR,1,819
IR,2,819
IR,3,819
IR,4,819
IR,5,893
IR,6,1042
IR,7,1194
IR,8,1348
IR,9,1503
IR,10,1397
IR,11,1554
IR,12,1710
IR,13,1868
IR,14,2025
IR,15,2183
IR,16,2331
IR,17,2499
IR,18,2660
IR,19,2786
IR,20,2846
IR,21,2907
IR,22,2943
IR,23,3017
IR,24,3064
IR,25,3114
IR,26,3155
IR,27,3229
IR,28,3272
IR,29,3332
IR,30,3361
IR,31,3406
IR,32,3463
IR,33,3546
IR,34,3596
IR,35,3641
IR,36,3705
IR,37,3744
IR,38,3839
IR,39,3888
IR,40,3878
IR,41,3957
IR,42,4007
IR,43,4077
IR,44,4146
IR,45,4204
IR,46,4304
IR,47,4368
IR,48,4432
IR,49,4502
IR,50,4572
IR,51,4687
IR,52,4760
IR,53,4844
IR,54,4940
IR,55,5044
IR,56,5128
IR,57,5231
IR,58,5297
IR,59,5427
IR,60,5487
IR,61,5611
IR,62,5711
IR,63,5842
IR,64,5975
IR,65,6090
IR,66,6249
IR,67,6390
IR,68,6529
IR,69,6679
IR,70,6838
IR,71,7010
IR,72,7181
IR,73,7359
IR,74,7550
IR,75,7758
IR,76,7980
IR,77,8228
IR,78,8508
IR,79,8750
IR,80,9074
IR,81,9478
IR,82,10025
IR,83,10707
IR,84,11545
IR,85,12478
IR,86,13525
IR,87,14822
IR,88,16321
IR,89,18035
IR,90,20012
IR,91,22110
IR,92,24658
IR,93,27756
IR,94,31526
IR,95,35957
IR,96,41754
IR,97,51959
IR,98,67788
IR,99,110990
IR,99.1,116288
IR,99.2,122980
IR,99.3,130815
IR,99.4,140654
IR,99.5,153082
IR,99.6,169188
IR,99.7,195532
IR,99.8,246842
IR,99.9,297463
IR,99.91,311421
IR,99.92,324869
IR,99.93,347943
IR,99.94,377596
IR,99.95,408499
IR,99.96,455197
IR,99.97,528403
IR,99.98,664695
IR,99.99,798055
IR,99.991,840759
IR,99.992,886366
IR,99.993,940560
IR,99.994,1010655
IR,99.995,1103005
IR,99.996,1233729
IR,99.997,1425158
IR,99.998,1777115
IR,99.999,3496924
IT,0,7190
IT,1,7190
IT,2,7190
IT,3,7190
IT,4,7190
IT,5,7190
IT,6,7193
IT,7,7205
IT,8,7232
IT,9,7282
IT,10,5749
IT,11,5868
IT,12,6033
IT,13,6251
IT,14,6532
IT,15,6882
IT,16,7299
IT,17,7795
IT,18,8393
IT,19,9078
IT,20,7150
IT,21,7617
IT,22,8138
IT,23,8596
IT,24,8889
IT,25,9212
IT,26,9443
IT,27,9704
IT,28,9860
IT,29,10269
IT,30,10329
IT,31,10750
IT,32,11101
IT,33,11457
IT,34,11661
IT,35,11878
IT,36,12090
IT,37,12199
IT,38,12573
IT,39,12774
IT,40,12706
IT,41,12821
IT,42,13143
IT,43,13422
IT,44,13668
IT,45,13921
IT,46,14377
IT,47,14661
IT,48,15075
IT,49,15343
IT,50,15594
IT,51,16057
IT,52,16366
IT,53,16746
IT,54,17182
IT,55,17550
IT,56,18083
IT,57,18457
IT,58,18749
IT,59,19311
IT,60,19753
IT,61,20539
IT,62,20825
IT,63,21236
IT,64,21635
IT,65,21949
IT,66,22362
IT,67,22642
IT,68,22977
IT,69,23341
IT,70,23934
IT,71,24503
IT,72,25361
IT,73,26212
IT,74,27060
IT,75,27757
IT,76,28409
IT,77,29227
IT,78,30057
IT,79,31083
IT,80,31916
IT,81,32602
IT,82,33455
IT,83,34336
IT,84,35199
IT,85,35959
IT,86,37113
IT,87,38544
IT,88,39895
IT,89,41354
IT,90,42464
IT,91,44116
IT,92,46178
IT,93,49184
IT,94,52781
IT,95,57744
IT,96,65338
IT,97,76192
IT,98,101539
IT,99,124735
IT,99.1,130142
IT,99.2,137428
IT,99.3,144768
IT,99.4,154866
IT,99.5,167978
IT,99.6,181162
IT,99.7,217274
IT,99.8,285027
IT,99.9,350087
IT,99.91,366144
IT,99.92,399991
IT,99.93,427234
IT,99.94,478674
IT,99.95,542613
IT,99.96,686643
IT,99.97,774251
IT,99.98,2007280
IT,99.99,4032316
IT,99.991,4416305
IT,99.992,4718207
IT,99.993,4817661
IT,99.994,4876435
IT,99.995,4990433
IT,99.996,5499728
IT,99.997,6951938
IT,99.998,8235025
IT,99.999,14186694
JP,0,4965
JP,1,4965
JP,2,4965
JP,3,4965
JP,4,4965
JP,5,5140
JP,6,5508
JP,7,5892
JP,8,6285
JP,9,6685
JP,10,6412
JP,11,6821
JP,12,7234
JP,13,7649
JP,14,8065
JP,15,8484
JP,16,8826
JP,17,9261
JP,18,9666
JP,19,10000
JP,20,8641
JP,21,8921
JP,22,9243
JP,23,9743
JP,24,10011
JP,25,10429
JP,26,10739
JP,27,11126
JP,28,11431
JP,29,11850
JP,30,12071
JP,31,12331
JP,32,12841
JP,33,13164
JP,34,13514
JP,35,13889
JP,36,14187
JP,37,14363
JP,38,14948
JP,39,15137
JP,40,15166
JP,41,15384
JP,42,15672
JP,43,16097
JP,44,16312
JP,45,16622
JP,46,16983
JP,47,17308
JP,48,17549
JP,49,17876
JP,50,17838
JP,51,18241
JP,52,18479
JP,53,18737
JP,54,18992
JP,55,19243
JP,56,19598
JP,57,19748
JP,58,19839
JP,59,20186
JP,60,20009
JP,61,20253
JP,62,20372
JP,63,20522
JP,64,20697
JP,65,20782
JP,66,20962
JP,67,21056
JP,68,21094
JP,69,21206
JP,70,21265
JP,71,21280
JP,72,21375
JP,73,21449
JP,74,21519
JP,75,21576
JP,76,21613
JP,77,21684
JP,78,21836
JP,79,21935
JP,80,22364
JP,81,22481
JP,82,22701
JP,83,23100
JP,84,23611
JP,85,24256
JP,86,25148
JP,87,26547
JP,88,28321
JP,89,30740
JP,90,33979
JP,91,38397
JP,92,44338
JP,93,52391
JP,94,63407
JP,95,78417
JP,96,99254
JP,97,129053
JP,98,181390
JP,99,235787
JP,99.1,250869
JP,99.2,270054
JP,99.3,290838
JP,99.4,314458
JP,99.5,342163
JP,99.6,372448
JP,99.7,419620
JP,99.8,496576
JP,99.9,556185
JP,99.91,573306
JP,99.92,572987
JP,99.93,600177
JP,99.94,633531
JP,99.95,647689
JP,99.96,680809
JP,99.97,721583
JP,99.98,774283
JP,99.99,810068
JP,99.991,825404
JP,99.992,835385
JP,99.993,841718
JP,99.994,854082
JP,99.995,866407
JP,99.996,881981
JP,99.997,897234
JP,99.998,927885
JP,99.999,966749
KE,0,42
KE,1,42
KE,2,42
KE,3,42
KE,4,42
KE,5,75
KE,6,143
KE,7,211
KE,8,279
KE,9,348
KE,10,417
KE,11,486
KE,12,555
KE,13,624
KE,14,693
KE,15,762
KE,16,832
KE,17,901
KE,18,971
KE,19,1041
KE,20,1051
KE,21,1081
KE,22,1109
KE,23,1137
KE,24,1165
KE,25,1193
KE,26,1222
KE,27,1249
KE,28,1275
KE,29,1306
KE,30,1337
KE,31,1365
KE,32,1395
KE,33,1425
KE,34,1455
KE,35,1486
KE,36,1516
KE,37,1547
KE,38,1578
KE,39,1610
KE,40,1638
KE,41,1673
KE,42,1707
KE,43,1743
KE,44,1777
KE,45,1810
KE,46,1845
KE,47,1882
KE,48,1922
KE,49,1959
KE,50,1997
KE,51,2036
KE,52,2076
KE,53,2120
KE,54,2160
KE,55,2201
KE,56,2246
KE,57,2293
KE,58,2338
KE,59,2391
KE,60,2455
KE,61,2507
KE,62,2562
KE,63,2617
KE,64,2672
KE,65,2733
KE,66,2803
KE,67,2872
KE,68,2954
KE,69,3030
KE,70,3118
KE,71,3197
KE,72,3292
KE,73,3381
KE,74,3478
KE,75,3584
KE,76,3694
KE,77,3801
KE,78,3931
KE,79,4070
KE,80,4230
KE,81,4388
KE,82,4544
KE,83,4730
KE,84,4943
KE,85,5166
KE,86,5450
KE,87,5787
KE,88,6149
KE,89,6609
KE,90,7200
KE,91,7840
KE,92,8756
KE,93,9860
KE,94,11301
KE,95,13538
KE,96,16431
KE,97,20765
KE,98,29313
KE,99,35278
KE,99.1,37146
KE,99.2,39358
KE,99.3,41970
KE,99.4,45113
KE,99.5,49314
KE,99.6,54837
KE,99.7,63315
KE,99.8,79209
KE,99.9,95313
KE,99.91,100237
KE,99.92,105455
KE,99.93,112388
KE,99.94,121257
KE,99.95,131601
KE,99.96,146500
KE,99.97,169838
KE,99.98,213021
KE,99.99,255726
KE,99.991,269410
KE,99.992,284396
KE,99.993,301936
KE,99.994,324619
KE,99.995,353684
KE,99.996,393857
KE,99.997,453969
KE,99.998,570404
KE,99.999,1161417
KR,0,3232
KR,1,3232
KR,2,3232
KR,3,3232
KR,4,3232
KR,5,3456
KR,6,3927
KR,7,4419
KR,8,4924
KR,9,5440
KR,10,5521
KR,11,6050
KR,12,6584
KR,13,7123
KR,14,7664
KR,15,8208
KR,16,8673
KR,17,9237
KR,18,9720
KR,19,10290
KR,20,9526
KR,21,9871
KR,22,10429
KR,23,10923
KR,24,11382
KR,25,11922
KR,26,12367
KR,27,12837
KR,28,13346
KR,29,13915
KR,30,14326
KR,31,14765
KR,32,15362
KR,33,15915
KR,34,16385
KR,35,16939
KR,36,17499
KR,37,17886
KR,38,18498
KR,39,19027
KR,40,19329
KR,41,19823
KR,42,20231
KR,43,20847
KR,44,21254
KR,45,21756
KR,46,22344
KR,47,22720
KR,48,23258
KR,49,23622
KR,50,23947
KR,51,24434
KR,52,24755
KR,53,25221
KR,54,25622
KR,55,25998
KR,56,26484
KR,57,26700
KR,58,26973
KR,59,27381
KR,60,27441
KR,61,27805
KR,62,27968
KR,63,28208
KR,64,28527
KR,65,28644
KR,66,28890
KR,67,29093
KR,68,29121
KR,69,29249
KR,70,29281
KR,71,29325
KR,72,29456
KR,73,29482
KR,74,29515
KR,75,29581
KR,76,29671
KR,77,29742
KR,78,29854
KR,79,29957
KR,80,30188
KR,81,30204
KR,82,30248
KR,83,30376
KR,84,30563
KR,85,30707
KR,86,31092
KR,87,31728
KR,88,32584
KR,89,33823
KR,90,35416
KR,91,37553
KR,92,40582
KR,93,44797
KR,94,50846
KR,95,59669
KR,96,73056
KR,97,95045
KR,98,137425
KR,99,178022
KR,99.1,189239
KR,99.2,203341
KR,99.3,220082
KR,99.4,240909
KR,99.5,269643
KR,99.6,309096
KR,99.7,381709
KR,99.8,546099
KR,99.9,726091
KR,99.91,780649
KR,99.92,829061
KR,99.93,921993
KR,99.94,1043899
KR,99.95,1181509
KR,99.96,1407701
KR,99.97,1800456
KR,99.98,2634138
KR,99.99,3578084
KR,99.991,3897458
KR,99.992,4272084
KR,99.993,4729268
KR,99.994,5340773
KR,99.995,6190797
KR,99.996,7451951
KR,99.997,9538364
KR,99.998,14191947
KR,99.999,70131910
MA,0,390
MA,1,390
MA,2,390
MA,3,390
MA,4,390
MA,5,433
MA,6,523
MA,7,616
MA,8,711
MA,9,807
MA,10,851
MA,11,949
MA,12,1048
MA,13,1147
MA,14,1246
MA,15,1345
MA,16,1456
MA,17,1553
MA,18,1660
MA,19,1757
MA,20,1689
MA,21,1899
MA,22,1955
MA,23,1971
MA,24,1986
MA,25,1997
MA,26,2019
MA,27,2036
MA,28,2057
MA,29,2063
MA,30,2080
MA,31,2175
MA,32,2297
MA,33,2401
MA,34,2492
MA,35,2510
MA,36,2529
MA,37,2543
MA,38,2546
MA,39,2562
MA,40,2620
MA,41,2778
MA,42,2911
MA,43,2930
MA,44,2962
MA,45,2995
MA,46,3011
MA,47,3038
MA,48,3063
MA,49,3093
MA,50,3118
MA,51,3172
MA,52,3226
MA,53,3283
MA,54,3346
MA,55,3395
MA,56,3450
MA,57,3520
MA,58,3576
MA,59,3640
MA,60,3878
MA,61,4075
MA,62,4100
MA,63,4110
MA,64,4135
MA,65,4167
MA,66,4182
MA,67,4211
MA,68,4239
MA,69,4258
MA,70,4401
MA,71,4669
MA,72,4922
MA,73,5002
MA,74,5061
MA,75,5122
MA,76,5193
MA,77,5263
MA,78,5333
MA,79,5402
MA,80,5611
MA,81,5899
MA,82,6217
MA,83,6588
MA,84,7007
MA,85,7492
MA,86,8139
MA,87,9088
MA,88,10114
MA,89,11287
MA,90,12495
MA,91,13684
MA,92,14963
MA,93,16358
MA,94,17915
MA,95,19746
MA,96,21852
MA,97,24682
MA,98,28869
MA,99,41720
MA,99.1,42819
MA,99.2,43737
MA,99.3,45144
MA,99.4,46333
MA,99.5,48830
MA,99.6,51009
MA,99.7,54882
MA,99.8,63747
MA,99.9,74276
MA,99.91,78600
MA,99.92,83175
MA,99.93,86898
MA,99.94,91915
MA,99.95,99497
MA,99.96,107191
MA,99.97,124539
MA,99.98,163564
MA,99.99,202167
MA,99.991,215148
MA,99.992,229376
MA,99.993,248923
MA,99.994,272043
MA,99.995,306256
MA,99.996,356740
MA,99.997,435433
MA,99.998,562339
MA,99.999,1223086
ML,0,26
ML,1,26
ML,2,26
ML,3,26
ML,4,26
ML,5,40
ML,6,68
ML,7,96
ML,8,125
ML,9,154
ML,10,179
ML,11,209
ML,12,238
ML,13,267
ML,14,297
ML,15,326
ML,16,357
ML,17,387
ML,18,416
ML,19,448
ML,20,452
ML,21,470
ML,22,485
ML,23,498
ML,24,510
ML,25,521
ML,26,534
ML,27,547
ML,28,559
ML,29,569
ML,30,579
ML,31,593
ML,32,605
ML,33,617
ML,34,631
ML,35,644
ML,36,659
ML,37,673
ML,38,683
ML,39,697
ML,40,708
ML,41,723
ML,42,736
ML,43,748
ML,44,764
ML,45,782
ML,46,798
ML,47,817
ML,48,833
ML,49,850
ML,50,865
ML,51,880
ML,52,899
ML,53,917
ML,54,938
ML,55,955
ML,56,970
ML,57,993
ML,58,1011
ML,59,1028
ML,60,1049
ML,61,1074
ML,62,1100
ML,63,1127
ML,64,1151
ML,65,1181
ML,66,1209
ML,67,1245
ML,68,1279
ML,69,1308
ML,70,1342
ML,71,1372
ML,72,1407
ML,73,1444
ML,74,1485
ML,75,1523
ML,76,1567
ML,77,1611
ML,78,1664
ML,79,1722
ML,80,1786
ML,81,1863
ML,82,1940
ML,83,2026
ML,84,2111
ML,85,2193
ML,86,2308
ML,87,2443
ML,88,2582
ML,89,2778
ML,90,3013
ML,91,3261
ML,92,3567
ML,93,3952
ML,94,4473
ML,95,5090
ML,96,6069
ML,97,7475
ML,98,10043
ML,99,11580
ML,99.1,12077
ML,99.2,12614
ML,99.3,13262
ML,99.4,13966
ML,99.5,15004
ML,99.6,16243
ML,99.7,18053
ML,99.8,21299
ML,99.9,24665
ML,99.91,25819
ML,99.92,27001
ML,99.93,28181
ML,99.94,29728
ML,99.95,31677
ML,99.96,34018
ML,99.97,38064
ML,99.98,45295
ML,99.99,52254
ML,99.991,54219
ML,99.992,56531
ML,99.993,59436
ML,99.994,62952
ML,99.995,67319
ML,99.996,73267
ML,99.997,82404
ML,99.998,98385
ML,99.999,162785
MM,0,3
MM,1,3
MM,2,3
MM,3,3
MM,4,3
MM,5,44
MM,6,126
MM,7,209
MM,8,292
MM,9,376
MM,10,459
MM,11,543
MM,12,626
MM,13,710
MM,14,793
MM,15,877
MM,16,960
MM,17,1043
MM,18,1128
MM,19,1209
MM,20,1249
MM,21,1282
MM,22,1311
MM,23,1342
MM,24,1373
MM,25,1407
MM,26,1437
MM,27,1473
MM,28,1502
MM,29,1541
MM,30,1568
MM,31,1602
MM,32,1635
MM,33,1664
MM,34,1699
MM,35,1733
MM,36,1771
MM,37,1805
MM,38,1844
MM,39,1886
MM,40,1922
MM,41,1964
MM,42,2002
MM,43,2042
MM,44,2084
MM,45,2129
MM,46,2171
MM,47,2218
MM,48,2264
MM,49,2308
MM,50,2353
MM,51,2397
MM,52,2446
MM,53,2499
MM,54,2548
MM,55,2599
MM,56,2655
MM,57,2709
MM,58,2769
MM,59,2825
MM,60,2898
MM,61,2961
MM,62,3026
MM,63,3098
MM,64,3167
MM,65,3249
MM,66,3328
MM,67,3405
MM,68,3484
MM,69,3564
MM,70,3653
MM,71,3743
MM,72,3835
MM,73,3938
MM,74,4040
MM,75,4149
MM,76,4274
MM,77,4393
MM,78,4512
MM,79,4647
MM,80,4789
MM,81,4939
MM,82,5091
MM,83,5259
MM,84,5426
MM,85,5630
MM,86,5848
MM,87,6117
MM,88,6391
MM,89,6628
MM,90,6657
MM,91,7034
MM,92,7571
MM,93,8270
MM,94,9253
MM,95,10367
MM,96,12021
MM,97,14653
MM,98,19610
MM,99,24450
MM,99.1,26237
MM,99.2,28291
MM,99.3,30845
MM,99.4,34095
MM,99.5,38727
MM,99.6,44960
MM,99.7,55062
MM,99.8,76805
MM,99.9,102254
MM,99.91,108556
MM,99.92,116032
MM,99.93,124532
MM,99.94,135368
MM,99.95,149769
MM,99.96,168944
MM,99.97,200953
MM,99.98,265616
MM,99.99,333957
MM,99.991,354246
MM,99.992,378333
MM,99.993,407206
MM,99.994,445156
MM,99.995,496265
MM,99.996,568378
MM,99.997,680899
MM,99.998,880400
MM,99.999,2366357
MX,0,620
MX,1,620
MX,2,620
MX,3,620
MX,4,620
MX,5,620
MX,6,620
MX,7,620
MX,8,620
MX,9,620
MX,10,620
MX,11,620
MX,12,620
MX,13,645
MX,14,869
MX,15,1132
MX,16,1364
MX,17,1550
MX,18,1719
MX,19,1884
MX,20,1732
MX,21,1873
MX,22,2008
MX,23,2121
MX,24,2241
MX,25,2359
MX,26,2440
MX,27,2567
MX,28,2680
MX,29,2792
MX,30,2898
MX,31,3011
MX,32,3132
MX,33,3229
MX,34,3319
MX,35,3387
MX,36,3501
MX,37,3580
MX,38,3676
MX,39,3768
MX,40,3817
MX,41,3923
MX,42,4048
MX,43,4166
MX,44,4212
MX,45,4291
MX,46,4415
MX,47,4524
MX,48,4720
MX,49,4827
MX,50,4954
MX,51,5093
MX,52,5219
MX,53,5330
MX,54,5461
MX,55,5602
MX,56,5818
MX,57,5946
MX,58,6072
MX,59,6285
MX,60,6375
MX,61,6552
MX,62,6754
MX,63,6943
MX,64,7162
MX,65,7389
MX,66,7649
MX,67,7931
MX,68,8200
MX,69,8499
MX,70,8921
MX,71,9368
MX,72,9782
MX,73,10200
MX,74,10694
MX,75,11189
MX,76,11730
MX,77,12284
MX,78,12870
MX,79,13556
MX,80,14161
MX,81,14859
MX,82,15683
MX,83,16683
MX,84,17925
MX,85,19380
MX,86,20789
MX,87,22351
MX,88,24280
MX,89,26532
MX,90,29069
MX,91,32119
MX,92,36307
MX,93,41273
MX,94,47403
MX,95,55983
MX,96,68430
MX,97,89451
MX,98,136709
MX,99,185129
MX,99.1,193293
MX,99.2,210007
MX,99.3,225977
MX,99.4,243187
MX,99.5,278978
MX,99.6,320569
MX,99.7,377356
MX,99.8,445644
MX,99.9,534643
MX,99.91,564369
MX,99.92,571060
MX,99.93,650070
MX,99.94,806404
MX,99.95,923214
MX,99.96,936523
MX,99.97,972066
MX,99.98,1065838
MX,99.99,1137590
MX,99.991,1253979
MX,99.992,1285496
MX,99.993,1286605
MX,99.994,1753478
MX,99.995,1894876
MX,99.996,1903102
MX,99.997,1901983
MX,99.998,1911844
MX,99.999,1901263
NE,0,4
NE,1,4
NE,2,4
NE,3,4
NE,4,4
NE,5,16
NE,6,40
NE,7,64
NE,8,88
NE,9,113
NE,10,137
NE,11,162
NE,12,186
NE,13,211
NE,14,236
NE,15,260
NE,16,286
NE,17,312
NE,18,338
NE,19,364
NE,20,380
NE,21,390
NE,22,400
NE,23,410
NE,24,420
NE,25,430
NE,26,443
NE,27,451
NE,28,463
NE,29,472
NE,30,482
NE,31,494
NE,32,500
NE,33,508
NE,34,517
NE,35,525
NE,36,536
NE,37,546
NE,38,551
NE,39,562
NE,40,571
NE,41,584
NE,42,594
NE,43,602
NE,44,614
NE,45,626
NE,46,637
NE,47,648
NE,48,657
NE,49,668
NE,50,681
NE,51,691
NE,52,700
NE,53,711
NE,54,723
NE,55,735
NE,56,746
NE,57,757
NE,58,771
NE,59,785
NE,60,800
NE,61,813
NE,62,829
NE,63,843
NE,64,863
NE,65,885
NE,66,903
NE,67,921
NE,68,940
NE,69,956
NE,70,977
NE,71,1000
NE,72,1024
NE,73,1052
NE,74,1078
NE,75,1107
NE,76,1141
NE,77,1175
NE,78,1213
NE,79,1257
NE,80,1297
NE,81,1341
NE,82,1396
NE,83,1452
NE,84,1515
NE,85,1584
NE,86,1672
NE,87,1763
NE,88,1861
NE,89,1988
NE,90,2155
NE,91,2358
NE,92,2599
NE,93,2903
NE,94,3287
NE,95,3805
NE,96,4548
NE,97,5668
NE,98,8059
NE,99,9712
NE,99.1,10198
NE,99.2,10749
NE,99.3,11426
NE,99.4,12226
NE,99.5,13328
NE,99.6,14786
NE,99.7,16990
NE,99.8,21080
NE,99.9,25261
NE,99.91,26578
NE,99.92,28104
NE,99.93,29737
NE,99.94,31811
NE,99.95,34607
NE,99.96,38227
NE,99.97,44031
NE,99.98,54866
NE,99.99,65573
NE,99.991,68694
NE,99.992,72456
NE,99.993,76969
NE,99.994,82656
NE,99.995,89931
NE,99.996,100061
NE,99.997,115634
NE,99.998,144169
NE,99.999,286904
NG,0,10
NG,1,10
NG,2,10
NG,3,10
NG,4,10
NG,5,51
NG,6,133
NG,7,215
NG,8,298
NG,9,381
NG,10,464
NG,11,547
NG,12,630
NG,13,713
NG,14,796
NG,15,880
NG,16,961
NG,17,1045
NG,18,1131
NG,19,1212
NG,20,1265
NG,21,1309
NG,22,1353
NG,23,1391
NG,24,1427
NG,25,1467
NG,26,1509
NG,27,1547
NG,28,1584
NG,29,1625
NG,30,1667
NG,31,1721
NG,32,1761
NG,33,1801
NG,34,1847
NG,35,1889
NG,36,1936
NG,37,1985
NG,38,2025
NG,39,2074
NG,40,2107
NG,41,2157
NG,42,2205
NG,43,2250
NG,44,2297
NG,45,2347
NG,46,2400
NG,47,2459
NG,48,2510
NG,49,2562
NG,50,2613
NG,51,2672
NG,52,2727
NG,53,2788
NG,54,2848
NG,55,2908
NG,56,2969
NG,57,3034
NG,58,3098
NG,59,3163
NG,60,3255
NG,61,3320
NG,62,3389
NG,63,3462
NG,64,3535
NG,65,3620
NG,66,3705
NG,67,3790
NG,68,3887
NG,69,3982
NG,70,4083
NG,71,4181
NG,72,4291
NG,73,4405
NG,74,4518
NG,75,4634
NG,76,4769
NG,77,4912
NG,78,5064
NG,79,5219
NG,80,5371
NG,81,5545
NG,82,5741
NG,83,5952
NG,84,6203
NG,85,6474
NG,86,6764
NG,87,7114
NG,88,7508
NG,89,7981
NG,90,8550
NG,91,9227
NG,92,10028
NG,93,11042
NG,94,12355
NG,95,14075
NG,96,16641
NG,97,20392
NG,98,26587
NG,99,30431
NG,99.1,31733
NG,99.2,33196
NG,99.3,34997
NG,99.4,37079
NG,99.5,39993
NG,99.6,43744
NG,99.7,49302
NG,99.8,59387
NG,99.9,69580
NG,99.91,72764
NG,99.92,76402
NG,99.93,80118
NG,99.94,84906
NG,99.95,91213
NG,99.96,99209
NG,99.97,112120
NG,99.98,135739
NG,99.99,158623
NG,99.991,165106
NG,99.992,172709
NG,99.993,182140
NG,99.994,193791
NG,99.995,208503
NG,99.996,228846
NG,99.997,259888
NG,99.998,315240
NG,99.999,559579
NL,0,16020
NL,1,16020
NL,2,16020
NL,3,16020
NL,4,16020
NL,5,16291
NL,6,16905
NL,7,17578
NL,8,18289
NL,9,19026
NL,10,10516
NL,11,11286
NL,12,12066
NL,13,12854
NL,14,13650
NL,15,14450
NL,16,15280
NL,17,16113
NL,18,16808
NL,19,17708
NL,20,15357
NL,21,15573
NL,22,15941
NL,23,16419
NL,24,16712
NL,25,17277
NL,26,17661
NL,27,17987
NL,28,18306
NL,29,18637
NL,30,18189
NL,31,18540
NL,32,18970
NL,33,19282
NL,34,19603
NL,35,19823
NL,36,20140
NL,37,20353
NL,38,20872
NL,39,21117
NL,40,20878
NL,41,21318
NL,42,21705
NL,43,22141
NL,44,22308
NL,45,22538
NL,46,23016
NL,47,23463
NL,48,23806
NL,49,24065
NL,50,23928
NL,51,24449
NL,52,24819
NL,53,25197
NL,54,25673
NL,55,26173
NL,56,26687
NL,57,26928
NL,58,27394
NL,59,27878
NL,60,28199
NL,61,28841
NL,62,29209
NL,63,29706
NL,64,30279
NL,65,30753
NL,66,31418
NL,67,31916
NL,68,32431
NL,69,33074
NL,70,33708
NL,71,34309
NL,72,35100
NL,73,35709
NL,74,36557
NL,75,37243
NL,76,37834
NL,77,38601
NL,78,39438
NL,79,40215
NL,80,41028
NL,81,41719
NL,82,42663
NL,83,43707
NL,84,44866
NL,85,46019
NL,86,47221
NL,87,48771
NL,88,50533
NL,89,52184
NL,90,54245
NL,91,56385
NL,92,59023
NL,93,62220
NL,94,66345
NL,95,71608
NL,96,78900
NL,97,90095
NL,98,111447
NL,99,130786
NL,99.1,136823
NL,99.2,145477
NL,99.3,154290
NL,99.4,165727
NL,99.5,180019
NL,99.6,197000
NL,99.7,226740
NL,99.8,285996
NL,99.9,345549
NL,99.91,357187
NL,99.92,362017
NL,99.93,392166
NL,99.94,435094
NL,99.95,462183
NL,99.96,519461
NL,99.97,605882
NL,99.98,758683
NL,99.99,903821
NL,99.991,967046
NL,99.992,1007334
NL,99.993,1059619
NL,99.994,1131551
NL,99.995,1219663
NL,99.996,1349144
NL,99.997,1511199
NL,99.998,1887973
NL,99.999,3780813
NO,0,9054
NO,1,9054
NO,2,9054
NO,3,9054
NO,4,9054
NO,5,9569
NO,6,10693
NO,7,11895
NO,8,13145
NO,9,14425
NO,10,11216
NO,11,12532
NO,12,13858
NO,13,15193
NO,14,16532
NO,15,17875
NO,16,19216
NO,17,20556
NO,18,21886
NO,19,23239
NO,20,23956
NO,21,24441
NO,22,24842
NO,23,25182
NO,24,25955
NO,25,26431
NO,26,26760
NO,27,26934
NO,28,27277
NO,29,27488
NO,30,27737
NO,31,28072
NO,32,28461
NO,33,28846
NO,34,29354
NO,35,29932
NO,36,30296
NO,37,30611
NO,38,31244
NO,39,31605
NO,40,31792
NO,41,32077
NO,42,32340
NO,43,32572
NO,44,32814
NO,45,33226
NO,46,33582
NO,47,34206
NO,48,34642
NO,49,34737
NO,50,34627
NO,51,35101
NO,52,35441
NO,53,35878
NO,54,36222
NO,55,36385
NO,56,36740
NO,57,37291
NO,58,38004
NO,59,38258
NO,60,38066
NO,61,38444
NO,62,38801
NO,63,39177
NO,64,39555
NO,65,39877
NO,66,40263
NO,67,40630
NO,68,40867
NO,69,41485
NO,70,41796
NO,71,42188
NO,72,43100
NO,73,43574
NO,74,43940
NO,75,44230
NO,76,44670
NO,77,45567
NO,78,46699
NO,79,47241
NO,80,47618
NO,81,48769
NO,82,49557
NO,83,50170
NO,84,51065
NO,85,51913
NO,86,52801
NO,87,54271
NO,88,56905
NO,89,59206
NO,90,61283
NO,91,63377
NO,92,65944
NO,93,69132
NO,94,73146
NO,95,78777
NO,96,86677
NO,97,99198
NO,98,123314
NO,99,144886
NO,99.1,151949
NO,99.2,161770
NO,99.3,172640
NO,99.4,185734
NO,99.5,204388
NO,99.6,226646
NO,99.7,266147
NO,99.8,351423
NO,99.9,441080
NO,99.91,460277
NO,99.92,483165
NO,99.93,537371
NO,99.94,610313
NO,99.95,661699
NO,99.96,776616
NO,99.97,981371
NO,99.98,1364310
NO,99.99,1760838
NO,99.991,1935580
NO,99.992,2063857
NO,99.993,2246794
NO,99.994,2483361
NO,99.995,2784236
NO,99.996,3229482
NO,99.997,3925470
NO,99.998,5374465
NO,99.999,14834240
NZ,0,5396
NZ,1,5396
NZ,2,5396
NZ,3,5396
NZ,4,5396
NZ,5,5602
NZ,6,6057
NZ,7,6548
NZ,8,7058
NZ,9,7578
NZ,10,7366
NZ,11,7894
NZ,12,8421
NZ,13,8947
NZ,14,9472
NZ,15,9996
NZ,16,10531
NZ,17,11045
NZ,18,11551
NZ,19,12092
NZ,20,10575
NZ,21,10639
NZ,22,10824
NZ,23,10863
NZ,24,11480
NZ,25,11528
NZ,26,11977
NZ,27,12133
NZ,28,12345
NZ,29,12750
NZ,30,13058
NZ,31,13213
NZ,32,13855
NZ,33,13900
NZ,34,14381
NZ,35,14671
NZ,36,15366
NZ,37,15914
NZ,38,16841
NZ,39,17554
NZ,40,17545
NZ,41,17875
NZ,42,18088
NZ,43,18216
NZ,44,18476
NZ,45,18499
NZ,46,18657
NZ,47,19088
NZ,48,19228
NZ,49,19427
NZ,50,19174
NZ,51,19312
NZ,52,19311
NZ,53,19347
NZ,54,19379
NZ,55,19462
NZ,56,19508
NZ,57,19664
NZ,58,19864
NZ,59,19921
NZ,60,19754
NZ,61,19953
NZ,62,19996
NZ,63,20299
NZ,64,21344
NZ,65,22462
NZ,66,23096
NZ,67,23812
NZ,68,24177
NZ,69,24249
NZ,70,24365
NZ,71,25081
NZ,72,25816
NZ,73,26113
NZ,74,26878
NZ,75,27260
NZ,76,27726
NZ,77,28661
NZ,78,29517
NZ,79,30117
NZ,80,30763
NZ,81,31319
NZ,82,31644
NZ,83,32689
NZ,84,33745
NZ,85,34469
NZ,86,34780
NZ,87,35474
NZ,88,36172
NZ,89,37492
NZ,90,38980
NZ,91,40611
NZ,92,42439
NZ,93,44976
NZ,94,48417
NZ,95,53996
NZ,96,61924
NZ,97,75918
NZ,98,100696
NZ,99,122075
NZ,99.1,129624
NZ,99.2,139611
NZ,99.3,150989
NZ,99.4,164153
NZ,99.5,185005
NZ,99.6,209250
NZ,99.7,252505
NZ,99.8,345990
NZ,99.9,456102
NZ,99.91,495413
NZ,99.92,523811
NZ,99.93,574090
NZ,99.94,647187
NZ,99.95,719267
NZ,99.96,830308
NZ,99.97,1034700
NZ,99.98,1446009
NZ,99.99,1890366
NZ,99.991,2037072
NZ,99.992,2206175
NZ,99.993,2405099
NZ,99.994,2674453
NZ,99.995,3037047
NZ,99.996,3555126
NZ,99.997,4387081
NZ,99.998,6172566
NZ,99.999,19942316
OA,0,809
OA,1,809
OA,2,809
OA,3,809
OA,4,809
OA,5,910
OA,6,1126
OA,7,1352
OA,8,1586
OA,9,1824
OA,10,2061
OA,11,2305
OA,12,2551
OA,13,2797
OA,14,3045
OA,15,3293
OA,16,3542
OA,17,3792
OA,18,4036
OA,19,4289
OA,20,4028
OA,21,4112
OA,22,4205
OA,23,4296
OA,24,4383
OA,25,4468
OA,26,4558
OA,27,4637
OA,28,4730
OA,29,4812
OA,30,4908
OA,31,4987
OA,32,5086
OA,33,5179
OA,34,5270
OA,35,5366
OA,36,5446
OA,37,5533
OA,38,5646
OA,39,5737
OA,40,5744
OA,41,5833
OA,42,5943
OA,43,6052
OA,44,6158
OA,45,6264
OA,46,6388
OA,47,6500
OA,48,6631
OA,49,6746
OA,50,6865
OA,51,6999
OA,52,7118
OA,53,7252
OA,54,7375
OA,55,7515
OA,56,7665
OA,57,7808
OA,58,7955
OA,59,8125
OA,60,8235
OA,61,8408
OA,62,8594
OA,63,8765
OA,64,8967
OA,65,9168
OA,66,9379
OA,67,9585
OA,68,9792
OA,69,10007
OA,70,10248
OA,71,10481
OA,72,10725
OA,73,10977
OA,74,11238
OA,75,11523
OA,76,11818
OA,77,12121
OA,78,12458
OA,79,12816
OA,80,13156
OA,81,13521
OA,82,13939
OA,83,14383
OA,84,14872
OA,85,15395
OA,86,15984
OA,87,16679
OA,88,17461
OA,89,18311
OA,90,18687
OA,91,19778
OA,92,21308
OA,93,23310
OA,94,25804
OA,95,29135
OA,96,33653
OA,97,41200
OA,98,55444
OA,99,68157
OA,99.1,73246
OA,99.2,78978
OA,99.3,85737
OA,99.4,94119
OA,99.5,106190
OA,99.6,121682
OA,99.7,147196
OA,99.8,200475
OA,99.9,262525
OA,99.91,278094
OA,99.92,293829
OA,99.93,315004
OA,99.94,342768
OA,99.95,374389
OA,99.96,418705
OA,99.97,494585
OA,99.98,644940
OA,99.99,802752
OA,99.991,854037
OA,99.992,911737
OA,99.993,974986
OA,99.994,1066435
OA,99.995,1187552
OA,99.996,1348216
OA,99.997,1619013
OA,99.998,2420556
OA,99.999,5802447
OB,0,583
OB,1,583
OB,2,583
OB,3,583
OB,4,583
OB,5,652
OB,6,800
OB,7,957
OB,8,1119
OB,9,1286
OB,10,1392
OB,11,1563
OB,12,1736
OB,13,1910
OB,14,2086
OB,15,2262
OB,16,2442
OB,17,2619
OB,18,2794
OB,19,2977
OB,20,2906
OB,21,3010
OB,22,3082
OB,23,3188
OB,24,3293
OB,25,3390
OB,26,3484
OB,27,3567
OB,28,3627
OB,29,3702
OB,30,3768
OB,31,3865
OB,32,3953
OB,33,4035
OB,34,4147
OB,35,4262
OB,36,4375
OB,37,4453
OB,38,4562
OB,39,4674
OB,40,4734
OB,41,4848
OB,42,4959
OB,43,5077
OB,44,5202
OB,45,5306
OB,46,5436
OB,47,5565
OB,48,5695
OB,49,5810
OB,50,5837
OB,51,5967
OB,52,6092
OB,53,6229
OB,54,6372
OB,55,6504
OB,56,6664
OB,57,6815
OB,58,6977
OB,59,7111
OB,60,7281
OB,61,7448
OB,62,7630
OB,63,7801
OB,64,7994
OB,65,8218
OB,66,8435
OB,67,8667
OB,68,8878
OB,69,9013
OB,70,9336
OB,71,9594
OB,72,9882
OB,73,10178
OB,74,10507
OB,75,10827
OB,76,11187
OB,77,11599
OB,78,11893
OB,79,12243
OB,80,12942
OB,81,13449
OB,82,13995
OB,83,14610
OB,84,15140
OB,85,15824
OB,86,16588
OB,87,17435
OB,88,18110
OB,89,19083
OB,90,20184
OB,91,22042
OB,92,23683
OB,93,25957
OB,94,28985
OB,95,32278
OB,96,37824
OB,97,47240
OB,98,65154
OB,99,79632
OB,99.1,90218
OB,99.2,103322
OB,99.3,113114
OB,99.4,118908
OB,99.5,134314
OB,99.6,154349
OB,99.7,216235
OB,99.8,250698
OB,99.9,289898
OB,99.91,297475
OB,99.92,312945
OB,99.93,327633
OB,99.94,345405
OB,99.95,372221
OB,99.96,410273
OB,99.97,503101
OB,99.98,758782
OB,99.99,1152902
OB,99.991,1174399
OB,99.992,1201048
OB,99.993,1242658
OB,99.994,1285428
OB,99.995,1331822
OB,99.996,1397759
OB,99.997,1497042
OB,99.998,1705752
OB,99.999,3233551
OC,0,7923
OC,1,7923
OC,2,7923
OC,3,7923
OC,4,7923
OC,5,8195
OC,6,8800
OC,7,9460
OC,8,10155
OC,9,10875
OC,10,8533
OC,11,9282
OC,12,10040
OC,13,10807
OC,14,11580
OC,15,12355
OC,16,13145
OC,17,13929
OC,18,14652
OC,19,15464
OC,20,14322
OC,21,14639
OC,22,14967
OC,23,15359
OC,24,15605
OC,25,15954
OC,26,16262
OC,27,16497
OC,28,16811
OC,29,17063
OC,30,17117
OC,31,17306
OC,32,17679
OC,33,18102
OC,34,18294
OC,35,18624
OC,36,18899
OC,37,18995
OC,38,19489
OC,39,19688
OC,40,19969
OC,41,20184
OC,42,20453
OC,43,20818
OC,44,21037
OC,45,21261
OC,46,21733
OC,47,21927
OC,48,22233
OC,49,22482
OC,50,22839
OC,51,23258
OC,52,23485
OC,53,23868
OC,54,24223
OC,55,24653
OC,56,25170
OC,57,25448
OC,58,25800
OC,59,26351
OC,60,26527
OC,61,26999
OC,62,27410
OC,63,27991
OC,64,28555
OC,65,29024
OC,66,29707
OC,67,30192
OC,68,30668
OC,69,31320
OC,70,32145
OC,71,32679
OC,72,33419
OC,73,34139
OC,74,34923
OC,75,35633
OC,76,36421
OC,77,37196
OC,78,37970
OC,79,38925
OC,80,39834
OC,81,40703
OC,82,41737
OC,83,43068
OC,84,44556
OC,85,45972
OC,86,47482
OC,87,49077
OC,88,50962
OC,89,53077
OC,90,55559
OC,91,57933
OC,92,60902
OC,93,64683
OC,94,69876
OC,95,76726
OC,96,86139
OC,97,101889
OC,98,135310
OC,99,167026
OC,99.1,175808
OC,99.2,188354
OC,99.3,201864
OC,99.4,220773
OC,99.5,248321
OC,99.6,280153
OC,99.7,339417
OC,99.8,464236
OC,99.9,595860
OC,99.91,631555
OC,99.92,650705
OC,99.93,722859
OC,99.94,825462
OC,99.95,908089
OC,99.96,1074494
OC,99.97,1343980
OC,99.98,1871805
OC,99.99,2412194
OC,99.991,2679185
OC,99.992,2906002
OC,99.993,3111471
OC,99.994,3443616
OC,99.995,3960302
OC,99.996,4607615
OC,99.997,5505303
OC,99.998,7959540
OC,99.999,36468096
OD,0,563
OD,1,563
OD,2,563
OD,3,563
OD,4,563
OD,5,563
OD,6,563
OD,7,568
OD,8,602
OD,9,630
OD,10,572
OD,11,616
OD,12,659
OD,13,692
OD,14,737
OD,15,830
OD,16,919
OD,17,1011
OD,18,1101
OD,19,1251
OD,20,1169
OD,21,1355
OD,22,1519
OD,23,1690
OD,24,1836
OD,25,1971
OD,26,2107
OD,27,2241
OD,28,2372
OD,29,2500
OD,30,2613
OD,31,2734
OD,32,2875
OD,33,3003
OD,34,3124
OD,35,3237
OD,36,3350
OD,37,3463
OD,38,3589
OD,39,3707
OD,40,3729
OD,41,3813
OD,42,3916
OD,43,4021
OD,44,4131
OD,45,4247
OD,46,4351
OD,47,4458
OD,48,4578
OD,49,4676
OD,50,4786
OD,51,4906
OD,52,5020
OD,53,5137
OD,54,5270
OD,55,5386
OD,56,5506
OD,57,5632
OD,58,5752
OD,59,5908
OD,60,6011
OD,61,6153
OD,62,6285
OD,63,6438
OD,64,6594
OD,65,6734
OD,66,6897
OD,67,7076
OD,68,7228
OD,69,7410
OD,70,7592
OD,71,7794
OD,72,8001
OD,73,8206
OD,74,8447
OD,75,8693
OD,76,8963
OD,77,9242
OD,78,9549
OD,79,9853
OD,80,10201
OD,81,10591
OD,82,10992
OD,83,11477
OD,84,12022
OD,85,12642
OD,86,13335
OD,87,14135
OD,88,15052
OD,89,16067
OD,90,17246
OD,91,18690
OD,92,20520
OD,93,22745
OD,94,25664
OD,95,29762
OD,96,35309
OD,97,44136
OD,98,61436
OD,99,81363
OD,99.1,87499
OD,99.2,94077
OD,99.3,102524
OD,99.4,112067
OD,99.5,124321
OD,99.6,141608
OD,99.7,165917
OD,99.8,216158
OD,99.9,254922
OD,99.91,281988
OD,99.92,325502
OD,99.93,344274
OD,99.94,365159
OD,99.95,388068
OD,99.96,401330
OD,99.97,445863
OD,99.98,634141
OD,99.99,834130
OD,99.991,859990
OD,99.992,864071
OD,99.993,873546
OD,99.994,901417
OD,99.995,935379
OD,99.996,956343
OD,99.997,968953
OD,99.998,988627
OD,99.999,1025913
OE,0,341
OE,1,341
OE,2,341
OE,3,341
OE,4,341
OE,5,405
OE,6,537
OE,7,672
OE,8,808
OE,9,945
OE,10,1057
OE,11,1196
OE,12,1335
OE,13,1475
OE,14,1614
OE,15,1754
OE,16,1894
OE,17,2034
OE,18,2174
OE,19,2314
OE,20,2249
OE,21,2316
OE,22,2360
OE,23,2406
OE,24,2446
OE,25,2490
OE,26,2533
OE,27,2577
OE,28,2624
OE,29,2669
OE,30,2723
OE,31,2805
OE,32,2897
OE,33,2983
OE,34,3063
OE,35,3145
OE,36,3218
OE,37,3289
OE,38,3356
OE,39,3421
OE,40,3479
OE,41,3554
OE,42,3630
OE,43,3707
OE,44,3784
OE,45,3860
OE,46,3932
OE,47,4005
OE,48,4069
OE,49,4133
OE,50,4196
OE,51,4284
OE,52,4375
OE,53,4475
OE,54,4576
OE,55,4669
OE,56,4763
OE,57,4851
OE,58,4941
OE,59,5043
OE,60,5140
OE,61,5257
OE,62,5378
OE,63,5509
OE,64,5651
OE,65,5780
OE,66,5908
OE,67,6029
OE,68,6153
OE,69,6271
OE,70,6389
OE,71,6530
OE,72,6684
OE,73,6840
OE,74,7013
OE,75,7205
OE,76,7447
OE,77,7728
OE,78,8024
OE,79,8323
OE,80,8697
OE,81,9113
OE,82,9598
OE,83,10154
OE,84,10789
OE,85,11512
OE,86,12333
OE,87,13297
OE,88,14418
OE,89,15759
OE,90,17271
OE,91,18854
OE,92,20647
OE,93,22763
OE,94,25372
OE,95,28763
OE,96,33305
OE,97,40203
OE,98,53365
OE,99,86140
OE,99.1,90681
OE,99.2,96101
OE,99.3,102718
OE,99.4,110920
OE,99.5,122015
OE,99.6,135638
OE,99.7,158262
OE,99.8,204092
OE,99.9,254255
OE,99.91,269104
OE,99.92,285334
OE,99.93,307085
OE,99.94,334945
OE,99.95,368617
OE,99.96,415995
OE,99.97,495405
OE,99.98,657799
OE,99.99,824718
OE,99.991,878959
OE,99.992,938050
OE,99.993,1011077
OE,99.994,1104159
OE,99.995,1233338
OE,99.996,1421240
OE,99.997,1703784
OE,99.998,2209280
OE,99.999,5078203
OH,0,0
OH,1,0
OH,2,0
OH,3,0
OH,4,0
OH,5,37
OH,6,111
OH,7,185
OH,8,260
OH,9,335
OH,10,411
OH,11,486
OH,12,562
OH,13,638
OH,14,714
OH,15,790
OH,16,866
OH,17,942
OH,18,1018
OH,19,1094
OH,20,1132
OH,21,1175
OH,22,1216
OH,23,1257
OH,24,1303
OH,25,1355
OH,26,1395
OH,27,1444
OH,28,1485
OH,29,1522
OH,30,1576
OH,31,1629
OH,32,1676
OH,33,1720
OH,34,1769
OH,35,1825
OH,36,1881
OH,37,1939
OH,38,2001
OH,39,2060
OH,40,2115
OH,41,2175
OH,42,2224
OH,43,2286
OH,44,2329
OH,45,2382
OH,46,2456
OH,47,2540
OH,48,2603
OH,49,2671
OH,50,2742
OH,51,2801
OH,52,2867
OH,53,2947
OH,54,3040
OH,55,3128
OH,56,3199
OH,57,3276
OH,58,3354
OH,59,3444
OH,60,3543
OH,61,3625
OH,62,3720
OH,63,3817
OH,64,3910
OH,65,4017
OH,66,4133
OH,67,4250
OH,68,4384
OH,69,4524
OH,70,4653
OH,71,4790
OH,72,4927
OH,73,5073
OH,74,5228
OH,75,5385
OH,76,5551
OH,77,5719
OH,78,5885
OH,79,6089
OH,80,6272
OH,81,6496
OH,82,6705
OH,83,6937
OH,84,7199
OH,85,7448
OH,86,7771
OH,87,8076
OH,88,8447
OH,89,8889
OH,90,9183
OH,91,9789
OH,92,10644
OH,93,11552
OH,94,12880
OH,95,14723
OH,96,17315
OH,97,20622
OH,98,27454
OH,99,33783
OH,99.1,35922
OH,99.2,38433
OH,99.3,41447
OH,99.4,45333
OH,99.5,50934
OH,99.6,58249
OH,99.7,70071
OH,99.8,95479
OH,99.9,125571
OH,99.91,131796
OH,99.92,138141
OH,99.93,147695
OH,99.94,160227
OH,99.95,173507
OH,99.96,193842
OH,99.97,226750
OH,99.98,290137
OH,99.99,358186
OH,99.991,379013
OH,99.992,401475
OH,99.993,427705
OH,99.994,463516
OH,99.995,509137
OH,99.996,574906
OH,99.997,671641
OH,99.998,852711
OH,99.999,2096713
OI,0,302
OI,1,302
OI,2,302
OI,3,302
OI,4,302
OI,5,418
OI,6,656
OI,7,897
OI,8,1141
OI,9,1386
OI,10,1626
OI,11,1873
OI,12,2121
OI,13,2370
OI,14,2619
OI,15,2868
OI,16,3116
OI,17,3365
OI,18,3609
OI,19,3859
OI,20,3878
OI,21,3982
OI,22,4087
OI,23,4202
OI,24,4305
OI,25,4416
OI,26,4514
OI,27,4623
OI,28,4729
OI,29,4832
OI,30,4928
OI,31,5017
OI,32,5127
OI,33,5227
OI,34,5320
OI,35,5427
OI,36,5525
OI,37,5625
OI,38,5744
OI,39,5841
OI,40,5973
OI,41,6073
OI,42,6172
OI,43,6274
OI,44,6382
OI,45,6486
OI,46,6598
OI,47,6703
OI,48,6817
OI,49,6923
OI,50,7040
OI,51,7162
OI,52,7278
OI,53,7409
OI,54,7538
OI,55,7742
OI,56,7965
OI,57,8185
OI,58,8412
OI,59,8647
OI,60,8815
OI,61,8997
OI,62,9174
OI,63,9354
OI,64,9545
OI,65,9733
OI,66,9935
OI,67,10143
OI,68,10345
OI,69,10562
OI,70,10790
OI,71,11015
OI,72,11261
OI,73,11545
OI,74,11859
OI,75,12175
OI,76,12505
OI,77,12859
OI,78,13221
OI,79,13608
OI,80,14035
OI,81,14458
OI,82,14901
OI,83,15392
OI,84,15943
OI,85,16526
OI,86,17185
OI,87,17932
OI,88,18753
OI,89,19685
OI,90,20656
OI,91,22059
OI,92,23749
OI,93,25893
OI,94,28733
OI,95,32310
OI,96,37284
OI,97,45341
OI,98,61539
OI,99,77778
OI,99.1,83858
OI,99.2,90458
OI,99.3,98045
OI,99.4,107787
OI,99.5,123012
OI,99.6,141411
OI,99.7,171219
OI,99.8,234380
OI,99.9,309038
OI,99.91,336280
OI,99.92,354238
OI,99.93,379108
OI,99.94,412007
OI,99.95,450048
OI,99.96,505551
OI,99.97,598126
OI,99.98,779391
OI,99.99,974526
OI,99.991,1035016
OI,99.992,1104063
OI,99.993,1186473
OI,99.994,1293970
OI,99.995,1438604
OI,99.996,1643547
OI,99.997,1960873
OI,99.998,2579500
OI,99.999,7402083
OJ,0,42
OJ,1,42
OJ,2,42
OJ,3,42
OJ,4,42
OJ,5,59
OJ,6,95
OJ,7,131
OJ,8,167
OJ,9,203
OJ,10,238
OJ,11,275
OJ,12,312
OJ,13,349
OJ,14,387
OJ,15,424
OJ,16,462
OJ,17,499
OJ,18,537
OJ,19,574
OJ,20,572
OJ,21,591
OJ,22,609
OJ,23,628
OJ,24,647
OJ,25,666
OJ,26,685
OJ,27,704
OJ,28,723
OJ,29,742
OJ,30,761
OJ,31,780
OJ,32,800
OJ,33,821
OJ,34,841
OJ,35,862
OJ,36,883
OJ,37,904
OJ,38,927
OJ,39,950
OJ,40,976
OJ,41,1000
OJ,42,1023
OJ,43,1047
OJ,44,1071
OJ,45,1095
OJ,46,1119
OJ,47,1144
OJ,48,1169
OJ,49,1196
OJ,50,1222
OJ,51,1249
OJ,52,1276
OJ,53,1304
OJ,54,1334
OJ,55,1363
OJ,56,1394
OJ,57,1425
OJ,58,1457
OJ,59,1490
OJ,60,1522
OJ,61,1558
OJ,62,1595
OJ,63,1635
OJ,64,1676
OJ,65,1717
OJ,66,1760
OJ,67,1806
OJ,68,1853
OJ,69,1902
OJ,70,1953
OJ,71,2007
OJ,72,2064
OJ,73,2123
OJ,74,2186
OJ,75,2253
OJ,76,2327
OJ,77,2403
OJ,78,2483
OJ,79,2570
OJ,80,2687
OJ,81,2785
OJ,82,2897
OJ,83,3022
OJ,84,3157
OJ,85,3317
OJ,86,3495
OJ,87,3704
OJ,88,3939
OJ,89,4236
OJ,90,4577
OJ,91,4987
OJ,92,5512
OJ,93,6168
OJ,94,6993
OJ,95,8116
OJ,96,9744
OJ,97,12269
OJ,98,17018
OJ,99,20416
OJ,99.1,21532
OJ,99.2,22826
OJ,99.3,24403
OJ,99.4,26289
OJ,99.5,28935
OJ,99.6,32417
OJ,99.7,37882
OJ,99.8,48493
OJ,99.9,59649
OJ,99.91,63141
OJ,99.92,66967
OJ,99.93,71722
OJ,99.94,78010
OJ,99.95,85634
OJ,99.96,96455
OJ,99.97,114335
OJ,99.98,148768
OJ,99.99,184438
OJ,99.991,195703
OJ,99.992,208580
OJ,99.993,224114
OJ,99.994,244075
OJ,99.995,270461
OJ,99.996,307625
OJ,99.997,365477
OJ,99.998,481947
OJ,99.999,1259633
PH,0,225
PH,1,225
PH,2,225
PH,3,225
PH,4,225
PH,5,283
PH,6,402
PH,7,523
PH,8,646
PH,9,770
PH,10,895
PH,11,1020
PH,12,1146
PH,13,1272
PH,14,1399
PH,15,1526
PH,16,1652
PH,17,1782
PH,18,1910
PH,19,2037
PH,20,2008
PH,21,2065
PH,22,2114
PH,23,2166
PH,24,2220
PH,25,2274
PH,26,2329
PH,27,2385
PH,28,2440
PH,29,2497
PH,30,2549
PH,31,2611
PH,32,2675
PH,33,2732
PH,34,2797
PH,35,2861
PH,36,2923
PH,37,2994
PH,38,3058
PH,39,3121
PH,40,3136
PH,41,3211
PH,42,3282
PH,43,3352
PH,44,3431
PH,45,3511
PH,46,3582
PH,47,3663
PH,48,3741
PH,49,3826
PH,50,3910
PH,51,3996
PH,52,4079
PH,53,4180
PH,54,4272
PH,55,4368
PH,56,4472
PH,57,4575
PH,58,4679
PH,59,4790
PH,60,4871
PH,61,4991
PH,62,5118
PH,63,5229
PH,64,5368
PH,65,5506
PH,66,5646
PH,67,5794
PH,68,5954
PH,69,6102
PH,70,6263
PH,71,6440
PH,72,6623
PH,73,6796
PH,74,6987
PH,75,7188
PH,76,7398
PH,77,7617
PH,78,7845
PH,79,8102
PH,80,8361
PH,81,8642
PH,82,8949
PH,83,9279
PH,84,9613
PH,85,10002
PH,86,10418
PH,87,10895
PH,88,11426
PH,89,12033
PH,90,12364
PH,91,13215
PH,92,14287
PH,93,15644
PH,94,17496
PH,95,19874
PH,96,23146
PH,97,28180
PH,98,38172
PH,99,47004
PH,99.1,50351
PH,99.2,54086
PH,99.3,58620
PH,99.4,64132
PH,99.5,72478
PH,99.6,83078
PH,99.7,99732
PH,99.8,135124
PH,99.9,178128
PH,99.91,188929
PH,99.92,200634
PH,99.93,212545
PH,99.94,228306
PH,99.95,248759
PH,99.96,274131
PH,99.97,319090
PH,99.98,406721
PH,99.99,500025
PH,99.991,526761
PH,99.992,558448
PH,99.993,597097
PH,99.994,646825
PH,99.995,712880
PH,99.996,804494
PH,99.997,947970
PH,99.998,1200759
PH,99.999,2798373
PK,0,45
PK,1,45
PK,2,45
PK,3,45
PK,4,45
PK,5,88
PK,6,176
PK,7,266
PK,8,358
PK,9,451
PK,10,545
PK,11,639
PK,12,733
PK,13,828
PK,14,923
PK,15,1018
PK,16,1113
PK,17,1211
PK,18,1311
PK,19,1406
PK,20,1433
PK,21,1472
PK,22,1505
PK,23,1531
PK,24,1570
PK,25,1595
PK,26,1633
PK,27,1665
PK,28,1695
PK,29,1734
PK,30,1760
PK,31,1800
PK,32,1830
PK,33,1859
PK,34,1892
PK,35,1929
PK,36,1959
PK,37,2003
PK,38,2029
PK,39,2066
PK,40,2097
PK,41,2136
PK,42,2170
PK,43,2210
PK,44,2252
PK,45,2291
PK,46,2327
PK,47,2368
PK,48,2410
PK,49,2452
PK,50,2502
PK,51,2541
PK,52,2587
PK,53,2636
PK,54,2681
PK,55,2728
PK,56,2774
PK,57,2834
PK,58,2883
PK,59,2945
PK,60,2999
PK,61,3064
PK,62,3124
PK,63,3185
PK,64,3243
PK,65,3323
PK,66,3397
PK,67,3470
PK,68,3540
PK,69,3616
PK,70,3691
PK,71,3775
PK,72,3866
PK,73,3952
PK,74,4045
PK,75,4140
PK,76,4242
PK,77,4344
PK,78,4456
PK,79,4581
PK,80,4712
PK,81,4853
PK,82,4990
PK,83,5140
PK,84,5314
PK,85,5505
PK,86,5710
PK,87,5944
PK,88,6203
PK,89,6508
PK,90,6725
PK,91,7188
PK,92,7753
PK,93,8505
PK,94,9466
PK,95,10716
PK,96,12427
PK,97,15300
PK,98,20571
PK,99,25414
PK,99.1,27487
PK,99.2,29777
PK,99.3,32575
PK,99.4,35982
PK,99.5,41200
PK,99.6,47959
PK,99.7,58598
PK,99.8,81473
PK,99.9,110188
PK,99.91,117556
PK,99.92,125920
PK,99.93,133846
PK,99.94,144384
PK,99.95,158948
PK,99.96,176451
PK,99.97,207802
PK,99.98,268671
PK,99.99,334980
PK,99.991,354200
PK,99.992,376298
PK,99.993,405194
PK,99.994,440870
PK,99.995,487238
PK,99.996,553738
PK,99.997,658244
PK,99.998,846030
PK,99.999,1939722
QM,0,2926
QM,1,2926
QM,2,2926
QM,3,2926
QM,4,2926
QM,5,3055
QM,6,3351
QM,7,3679
QM,8,4027
QM,9,4388
QM,10,4375
QM,11,4752
QM,12,5135
QM,13,5521
QM,14,5910
QM,15,6302
QM,16,6704
QM,17,7111
QM,18,7515
QM,19,7931
QM,20,7137
QM,21,7347
QM,22,7570
QM,23,7783
QM,24,7935
QM,25,8143
QM,26,8348
QM,27,8561
QM,28,8788
QM,29,8996
QM,30,9017
QM,31,9175
QM,32,9416
QM,33,9631
QM,34,9814
QM,35,10027
QM,36,10244
QM,37,10392
QM,38,10702
QM,39,10904
QM,40,11010
QM,41,11186
QM,42,11398
QM,43,11660
QM,44,11830
QM,45,12028
QM,46,12309
QM,47,12506
QM,48,12752
QM,49,12973
QM,50,13196
QM,51,13461
QM,52,13673
QM,53,13935
QM,54,14181
QM,55,14466
QM,56,14815
QM,57,15102
QM,58,15326
QM,59,15691
QM,60,15847
QM,61,16168
QM,62,16495
QM,63,16831
QM,64,17197
QM,65,17482
QM,66,17858
QM,67,18201
QM,68,18516
QM,69,18933
QM,70,19342
QM,71,19720
QM,72,20162
QM,73,20617
QM,74,21096
QM,75,21607
QM,76,22116
QM,77,22689
QM,78,23250
QM,79,23799
QM,80,24362
QM,81,24962
QM,82,25666
QM,83,26443
QM,84,27225
QM,85,28032
QM,86,28935
QM,87,29945
QM,88,30970
QM,89,32308
QM,90,34101
QM,91,35889
QM,92,38129
QM,93,40845
QM,94,44438
QM,95,49275
QM,96,56447
QM,97,67986
QM,98,91734
QM,99,115968
QM,99.1,123907
QM,99.2,134173
QM,99.3,145944
QM,99.4,161083
QM,99.5,181281
QM,99.6,208590
QM,99.7,255134
QM,99.8,352136
QM,99.9,456441
QM,99.91,487492
QM,99.92,516747
QM,99.93,569763
QM,99.94,640657
QM,99.95,714639
QM,99.96,837964
QM,99.97,1037475
QM,99.98,1433820
QM,99.99,1856781
QM,99.991,2000850
QM,99.992,2160784
QM,99.993,2346801
QM,99.994,2599930
QM,99.995,2939034
QM,99.996,3422469
QM,99.997,4182051
QM,99.998,5810901
QM,99.999,19119513
RU,0,596
RU,1,596
RU,2,596
RU,3,596
RU,4,596
RU,5,681
RU,6,900
RU,7,1160
RU,8,1447
RU,9,1753
RU,10,2073
RU,11,2403
RU,12,2742
RU,13,3088
RU,14,3438
RU,15,3794
RU,16,4149
RU,17,4507
RU,18,4878
RU,19,5224
RU,20,5361
RU,21,5538
RU,22,5700
RU,23,5875
RU,24,5976
RU,25,6134
RU,26,6264
RU,27,6406
RU,28,6524
RU,29,6684
RU,30,6847
RU,31,7002
RU,32,7176
RU,33,7357
RU,34,7515
RU,35,7672
RU,36,7848
RU,37,7958
RU,38,8154
RU,39,8301
RU,40,8388
RU,41,8529
RU,42,8682
RU,43,8849
RU,44,8987
RU,45,9131
RU,46,9312
RU,47,9453
RU,48,9619
RU,49,9772
RU,50,9944
RU,51,10148
RU,52,10328
RU,53,10522
RU,54,10755
RU,55,10972
RU,56,11248
RU,57,11469
RU,58,11689
RU,59,11960
RU,60,12088
RU,61,12324
RU,62,12550
RU,63,12789
RU,64,13049
RU,65,13307
RU,66,13612
RU,67,13869
RU,68,14151
RU,69,14418
RU,70,14736
RU,71,14994
RU,72,15313
RU,73,15623
RU,74,15996
RU,75,16402
RU,76,16833
RU,77,17328
RU,78,17870
RU,79,18399
RU,80,18827
RU,81,19303
RU,82,19813
RU,83,20346
RU,84,20932
RU,85,21581
RU,86,22323
RU,87,23296
RU,88,24486
RU,89,26248
RU,90,29384
RU,91,34001
RU,92,39515
RU,93,45888
RU,94,53604
RU,95,63173
RU,96,75425
RU,97,92316
RU,98,119639
RU,99,149260
RU,99.1,167886
RU,99.2,197227
RU,99.3,239869
RU,99.4,298880
RU,99.5,380196
RU,99.6,479575
RU,99.7,592637
RU,99.8,706543
RU,99.9,831233
RU,99.91,904186
RU,99.92,999332
RU,99.93,1142428
RU,99.94,1346359
RU,99.95,1609276
RU,99.96,1970316
RU,99.97,2493347
RU,99.98,3439242
RU,99.99,4691245
RU,99.991,5224628
RU,99.992,5896347
RU,99.993,6721322
RU,99.994,7716011
RU,99.995,8841073
RU,99.996,10012218
RU,99.997,11124282
RU,99.998,13721669
RU,99.999,21174880
RW,0,23
RW,1,23
RW,2,23
RW,3,23
RW,4,23
RW,5,39
RW,6,72
RW,7,105
RW,8,139
RW,9,173
RW,10,207
RW,11,242
RW,12,276
RW,13,310
RW,14,345
RW,15,379
RW,16,413
RW,17,448
RW,18,483
RW,19,518
RW,20,521
RW,21,538
RW,22,556
RW,23,572
RW,24,589
RW,25,605
RW,26,620
RW,27,639
RW,28,657
RW,29,673
RW,30,689
RW,31,709
RW,32,724
RW,33,741
RW,34,760
RW,35,776
RW,36,794
RW,37,813
RW,38,828
RW,39,848
RW,40,870
RW,41,892
RW,42,908
RW,43,927
RW,44,947
RW,45,969
RW,46,985
RW,47,1006
RW,48,1027
RW,49,1047
RW,50,1071
RW,51,1092
RW,52,1120
RW,53,1144
RW,54,1166
RW,55,1189
RW,56,1214
RW,57,1245
RW,58,1273
RW,59,1298
RW,60,1328
RW,61,1359
RW,62,1394
RW,63,1427
RW,64,1459
RW,65,1495
RW,66,1533
RW,67,1577
RW,68,1616
RW,69,1652
RW,70,1694
RW,71,1739
RW,72,1784
RW,73,1839
RW,74,1889
RW,75,1949
RW,76,2004
RW,77,2066
RW,78,2128
RW,79,2202
RW,80,2322
RW,81,2415
RW,82,2522
RW,83,2628
RW,84,2753
RW,85,2897
RW,86,3073
RW,87,3283
RW,88,3547
RW,89,3840
RW,90,4211
RW,91,4640
RW,92,5179
RW,93,5821
RW,94,6692
RW,95,7756
RW,96,9147
RW,97,11308
RW,98,16246
RW,99,20159
RW,99.1,21484
RW,99.2,22998
RW,99.3,24854
RW,99.4,27045
RW,99.5,30162
RW,99.6,34269
RW,99.7,40658
RW,99.8,53085
RW,99.9,66470
RW,99.91,70921
RW,99.92,75913
RW,99.93,81450
RW,99.94,88728
RW,99.95,98229
RW,99.96,110955
RW,99.97,132482
RW,99.98,174451
RW,99.99,217729
RW,99.991,230965
RW,99.992,246728
RW,99.993,266196
RW,99.994,290936
RW,99.995,323366
RW,99.996,369280
RW,99.997,442343
RW,99.998,584370
RW,99.999,1457802
SA,0,179
SA,1,179
SA,2,179
SA,3,179
SA,4,179
SA,5,388
SA,6,824
SA,7,1276
SA,8,1739
SA,9,2210
SA,10,2662
SA,11,3144
SA,12,3629
SA,13,4117
SA,14,4608
SA,15,5101
SA,16,5595
SA,17,6092
SA,18,6592
SA,19,7093
SA,20,7292
SA,21,7417
SA,22,7507
SA,23,7659
SA,24,7827
SA,25,8060
SA,26,8307
SA,27,8618
SA,28,8939
SA,29,9225
SA,30,9422
SA,31,9577
SA,32,9724
SA,33,9875
SA,34,10023
SA,35,10149
SA,36,10285
SA,37,10469
SA,38,10623
SA,39,10925
SA,40,11470
SA,41,11780
SA,42,12066
SA,43,12368
SA,44,12717
SA,45,13132
SA,46,13573
SA,47,14037
SA,48,14518
SA,49,14977
SA,50,15345
SA,51,15676
SA,52,15989
SA,53,16303
SA,54,16632
SA,55,16988
SA,56,17346
SA,57,17701
SA,58,18162
SA,59,18970
SA,60,19728
SA,61,20408
SA,62,21053
SA,63,21666
SA,64,22265
SA,65,22856
SA,66,23417
SA,67,23984
SA,68,24585
SA,69,25267
SA,70,26261
SA,71,27590
SA,72,28514
SA,73,29206
SA,74,29971
SA,75,30848
SA,76,31826
SA,77,32895
SA,78,34051
SA,79,35222
SA,80,36670
SA,81,38440
SA,82,40592
SA,83,43169
SA,84,46120
SA,85,49410
SA,86,52835
SA,87,56410
SA,88,60114
SA,89,64361
SA,90,69662
SA,91,75047
SA,92,81314
SA,93,89058
SA,94,99338
SA,95,114048
SA,96,135150
SA,97,170960
SA,98,247670
SA,99,383426
SA,99.1,411014
SA,99.2,445034
SA,99.3,488767
SA,99.4,544260
SA,99.5,616334
SA,99.6,709691
SA,99.7,870662
SA,99.8,1214326
SA,99.9,1566514
SA,99.91,1673404
SA,99.92,1806798
SA,99.93,1971674
SA,99.94,2172906
SA,99.95,2450292
SA,99.96,2822564
SA,99.97,3439554
SA,99.98,4773177
SA,99.99,6113561
SA,99.991,6549052
SA,99.992,7030322
SA,99.993,7659480
SA,99.994,8434151
SA,99.995,9549495
SA,99.996,11194623
SA,99.997,13687850
SA,99.998,17875311
SA,99.999,41935643
SD,0,8
SD,1,8
SD,2,8
SD,3,8
SD,4,8
SD,5,14
SD,6,26
SD,7,37
SD,8,49
SD,9,61
SD,10,72
SD,11,84
SD,12,96
SD,13,107
SD,14,119
SD,15,131
SD,16,142
SD,17,154
SD,18,166
SD,19,178
SD,20,182
SD,21,187
SD,22,193
SD,23,198
SD,24,203
SD,25,208
SD,26,213
SD,27,217
SD,28,222
SD,29,227
SD,30,232
SD,31,237
SD,32,241
SD,33,246
SD,34,251
SD,35,256
SD,36,262
SD,37,268
SD,38,273
SD,39,278
SD,40,292
SD,41,298
SD,42,304
SD,43,310
SD,44,315
SD,45,322
SD,46,328
SD,47,335
SD,48,342
SD,49,348
SD,50,355
SD,51,361
SD,52,369
SD,53,376
SD,54,383
SD,55,390
SD,56,398
SD,57,406
SD,58,414
SD,59,422
SD,60,420
SD,61,428
SD,62,436
SD,63,445
SD,64,454
SD,65,463
SD,66,471
SD,67,481
SD,68,492
SD,69,503
SD,70,512
SD,71,523
SD,72,535
SD,73,547
SD,74,560
SD,75,574
SD,76,590
SD,77,608
SD,78,624
SD,79,641
SD,80,668
SD,81,687
SD,82,708
SD,83,735
SD,84,766
SD,85,802
SD,86,841
SD,87,885
SD,88,937
SD,89,999
SD,90,1073
SD,91,1160
SD,92,1266
SD,93,1401
SD,94,1587
SD,95,1810
SD,96,2116
SD,97,2619
SD,98,3598
SD,99,4351
SD,99.1,4608
SD,99.2,4907
SD,99.3,5277
SD,99.4,5739
SD,99.5,6355
SD,99.6,7218
SD,99.7,8554
SD,99.8,11122
SD,99.9,13777
SD,99.91,14593
SD,99.92,15592
SD,99.93,16705
SD,99.94,18118
SD,99.95,20073
SD,99.96,22709
SD,99.97,26888
SD,99.98,34999
SD,99.99,43294
SD,99.991,45746
SD,99.992,48736
SD,99.993,52381
SD,99.994,57006
SD,99.995,63059
SD,99.996,71604
SD,99.997,85134
SD,99.998,110849
SD,99.999,267187
SE,0,13136
SE,1,13136
SE,2,13136
SE,3,13136
SE,4,13136
SE,5,13466
SE,6,14185
SE,7,14951
SE,8,15743
SE,9,16549
SE,10,10999
SE,11,11819
SE,12,12643
SE,13,13468
SE,14,14293
SE,15,15117
SE,16,15931
SE,17,16779
SE,18,17551
SE,19,18403
SE,20,16664
SE,21,16987
SE,22,17275
SE,23,17686
SE,24,17838
SE,25,18107
SE,26,18292
SE,27,18585
SE,28,18789
SE,29,19048
SE,30,18940
SE,31,19060
SE,32,19448
SE,33,19690
SE,34,19937
SE,35,20266
SE,36,20559
SE,37,20740
SE,38,21149
SE,39,21428
SE,40,21096
SE,41,21234
SE,42,21448
SE,43,21787
SE,44,21980
SE,45,22230
SE,46,22630
SE,47,22804
SE,48,23182
SE,49,23424
SE,50,23412
SE,51,23777
SE,52,24049
SE,53,24365
SE,54,24654
SE,55,25035
SE,56,25601
SE,57,25786
SE,58,26065
SE,59,26538
SE,60,26124
SE,61,26517
SE,62,26850
SE,63,27273
SE,64,27705
SE,65,27981
SE,66,28458
SE,67,28783
SE,68,29076
SE,69,29522
SE,70,29943
SE,71,30303
SE,72,30804
SE,73,31294
SE,74,31752
SE,75,32180
SE,76,32599
SE,77,33182
SE,78,33663
SE,79,34185
SE,80,34775
SE,81,35249
SE,82,35816
SE,83,36650
SE,84,37370
SE,85,38066
SE,86,38900
SE,87,39975
SE,88,40936
SE,89,42093
SE,90,43506
SE,91,44791
SE,92,46592
SE,93,48862
SE,94,51961
SE,95,56170
SE,96,62527
SE,97,72999
SE,98,96652
SE,99,122028
SE,99.1,129995
SE,99.2,140914
SE,99.3,153046
SE,99.4,169706
SE,99.5,191704
SE,99.6,221148
SE,99.7,277558
SE,99.8,403858
SE,99.9,547102
SE,99.91,576226
SE,99.92,601213
SE,99.93,681161
SE,99.94,807625
SE,99.95,899438
SE,99.96,1097182
SE,99.97,1432727
SE,99.98,2106941
SE,99.99,2886232
SE,99.991,3134208
SE,99.992,3461984
SE,99.993,3769922
SE,99.994,4199405
SE,99.995,4854605
SE,99.996,5801181
SE,99.997,7113995
SE,99.998,10459134
SE,99.999,43768683
TH,0,864
TH,1,864
TH,2,864
TH,3,864
TH,4,864
TH,5,925
TH,6,1055
TH,7,1191
TH,8,1332
TH,9,1476
TH,10,1621
TH,11,1769
TH,12,1918
TH,13,2068
TH,14,2218
TH,15,2370
TH,16,2528
TH,17,2678
TH,18,2825
TH,19,2976
TH,20,2733
TH,21,2843
TH,22,2946
TH,23,3057
TH,24,3156
TH,25,3270
TH,26,3373
TH,27,3452
TH,28,3550
TH,29,3655
TH,30,3765
TH,31,3856
TH,32,3977
TH,33,4082
TH,34,4186
TH,35,4309
TH,36,4417
TH,37,4501
TH,38,4618
TH,39,4750
TH,40,4786
TH,41,4915
TH,42,5039
TH,43,5183
TH,44,5287
TH,45,5404
TH,46,5552
TH,47,5667
TH,48,5824
TH,49,5944
TH,50,6081
TH,51,6242
TH,52,6385
TH,53,6546
TH,54,6701
TH,55,6888
TH,56,7069
TH,57,7271
TH,58,7472
TH,59,7689
TH,60,7761
TH,61,8010
TH,62,8241
TH,63,8514
TH,64,8811
TH,65,9096
TH,66,9418
TH,67,9680
TH,68,9981
TH,69,10338
TH,70,10701
TH,71,11076
TH,72,11477
TH,73,11850
TH,74,12265
TH,75,12698
TH,76,13164
TH,77,13705
TH,78,14339
TH,79,14966
TH,80,15644
TH,81,16295
TH,82,17095
TH,83,18162
TH,84,19142
TH,85,20172
TH,86,21232
TH,87,22458
TH,88,23781
TH,89,25492
TH,90,27494
TH,91,30143
TH,92,33307
TH,93,36388
TH,94,40358
TH,95,45958
TH,96,53310
TH,97,65185
TH,98,95427
TH,99,121169
TH,99.1,124543
TH,99.2,131696
TH,99.3,145126
TH,99.4,167140
TH,99.5,185670
TH,99.6,226187
TH,99.7,275632
TH,99.8,317577
TH,99.9,395798
TH,99.91,445362
TH,99.92,463321
TH,99.93,509788
TH,99.94,597826
TH,99.95,645932
TH,99.96,815595
TH,99.97,1034840
TH,99.98,1124529
TH,99.99,1139641
TH,99.991,1147219
TH,99.992,1149007
TH,99.993,1150568
TH,99.994,1154744
TH,99.995,1160234
TH,99.996,1168764
TH,99.997,1179145
TH,99.998,1220086
TH,99.999,19150116
TR,0,1333
TR,1,1333
TR,2,1333
TR,3,1333
TR,4,1333
TR,5,1427
TR,6,1637
TR,7,1865
TR,8,2104
TR,9,2350
TR,10,2601
TR,11,2856
TR,12,3113
TR,13,3373
TR,14,3634
TR,15,3896
TR,16,4149
TR,17,4401
TR,18,4665
TR,19,4918
TR,20,4363
TR,21,4439
TR,22,4644
TR,23,4843
TR,24,5065
TR,25,5288
TR,26,5450
TR,27,5585
TR,28,5667
TR,29,5734
TR,30,5809
TR,31,5836
TR,32,5919
TR,33,5996
TR,34,6044
TR,35,6146
TR,36,6208
TR,37,6279
TR,38,6411
TR,39,6518
TR,40,6448
TR,41,6582
TR,42,6723
TR,43,6918
TR,44,7079
TR,45,7247
TR,46,7428
TR,47,7600
TR,48,7769
TR,49,7916
TR,50,8070
TR,51,8241
TR,52,8400
TR,53,8541
TR,54,8711
TR,55,8882
TR,56,9070
TR,57,9224
TR,58,9407
TR,59,9612
TR,60,9686
TR,61,9912
TR,62,10115
TR,63,10352
TR,64,10589
TR,65,10839
TR,66,11112
TR,67,11363
TR,68,11611
TR,69,11902
TR,70,12205
TR,71,12475
TR,72,12791
TR,73,13102
TR,74,13429
TR,75,13783
TR,76,14132
TR,77,14523
TR,78,14947
TR,79,15374
TR,80,15850
TR,81,16549
TR,82,17477
TR,83,18610
TR,84,19982
TR,85,21595
TR,86,23513
TR,87,25837
TR,88,28552
TR,89,31745
TR,90,35326
TR,91,39389
TR,92,44114
TR,93,49806
TR,94,56940
TR,95,66194
TR,96,79013
TR,97,98842
TR,98,137613
TR,99,250569
TR,99.1,266598
TR,99.2,286712
TR,99.3,310577
TR,99.4,340673
TR,99.5,380195
TR,99.6,433190
TR,99.7,519297
TR,99.8,689036
TR,99.9,864645
TR,99.91,918584
TR,99.92,976359
TR,99.93,1054888
TR,99.94,1157244
TR,99.95,1278924
TR,99.96,1453757
TR,99.97,1733228
TR,99.98,2274303
TR,99.99,2824043
TR,99.991,2997511
TR,99.992,3194494
TR,99.993,3435626
TR,99.994,3740644
TR,99.995,4147509
TR,99.996,4721419
TR,99.997,5607035
TR,99.998,7291025
TR,99.999,16996657
TW,0,2790
TW,1,2790
TW,2,2790
TW,3,2790
TW,4,2790
TW,5,3030
TW,6,3518
TW,7,4010
TW,8,4506
TW,9,5005
TW,10,5123
TW,11,5624
TW,12,6125
TW,13,6628
TW,14,7130
TW,15,7633
TW,16,8118
TW,17,8626
TW,18,9118
TW,19,9627
TW,20,8954
TW,21,9410
TW,22,9895
TW,23,10384
TW,24,10876
TW,25,11396
TW,26,11921
TW,27,12443
TW,28,12983
TW,29,13529
TW,30,13990
TW,31,14566
TW,32,15170
TW,33,15787
TW,34,16362
TW,35,16988
TW,36,17623
TW,37,18228
TW,38,18918
TW,39,19537
TW,40,19977
TW,41,20611
TW,42,21316
TW,43,21988
TW,44,22681
TW,45,23388
TW,46,24110
TW,47,24810
TW,48,25550
TW,49,26278
TW,50,26876
TW,51,27642
TW,52,28394
TW,53,29182
TW,54,29956
TW,55,30752
TW,56,31580
TW,57,32379
TW,58,33162
TW,59,34033
TW,60,34720
TW,61,35605
TW,62,36475
TW,63,37345
TW,64,38276
TW,65,39187
TW,66,40173
TW,67,41112
TW,68,42085
TW,69,43100
TW,70,44094
TW,71,45119
TW,72,46252
TW,73,47400
TW,74,48574
TW,75,49809
TW,76,51125
TW,77,52479
TW,78,53931
TW,79,55461
TW,80,57257
TW,81,58989
TW,82,60886
TW,83,62968
TW,84,65289
TW,85,67814
TW,86,70637
TW,87,74116
TW,88,77965
TW,89,82514
TW,90,87900
TW,91,94190
TW,92,101932
TW,93,111657
TW,94,124271
TW,95,141225
TW,96,165101
TW,97,202385
TW,98,271513
TW,99,337437
TW,99.1,356331
TW,99.2,378796
TW,99.3,406355
TW,99.4,439251
TW,99.5,488017
TW,99.6,553407
TW,99.7,664879
TW,99.8,903930
TW,99.9,1168326
TW,99.91,1253220
TW,99.92,1339923
TW,99.93,1458594
TW,99.94,1622773
TW,99.95,1828603
TW,99.96,2135623
TW,99.97,2694977
TW,99.98,3905121
TW,99.99,5277199
TW,99.991,5730487
TW,99.992,6268884
TW,99.993,6948406
TW,99.994,7850115
TW,99.995,9099657
TW,99.996,10962041
TW,99.997,14103966
TW,99.998,21054731
TW,99.999,110254193
US,0,6270
US,1,6522
US,2,6998
US,3,7339
US,4,7705
US,5,8111
US,6,8565
US,7,9068
US,8,9617
US,9,10207
US,10,9113
US,11,9749
US,12,10387
US,13,11013
US,14,11614
US,15,12180
US,16,12691
US,17,13150
US,18,13535
US,19,13902
US,20,12988
US,21,13236
US,22,13497
US,23,13791
US,24,14005
US,25,14292
US,26,14565
US,27,14878
US,28,15154
US,29,15499
US,30,15319
US,31,15649
US,32,16168
US,33,16615
US,34,17047
US,35,17546
US,36,17993
US,37,18294
US,38,18892
US,39,19302
US,40,19411
US,41,19731
US,42,20160
US,43,20657
US,44,21046
US,45,21476
US,46,22015
US,47,22440
US,48,22919
US,49,23453
US,50,23454
US,51,24097
US,52,24623
US,53,25303
US,54,25829
US,55,26559
US,56,27352
US,57,27863
US,58,28576
US,59,29334
US,60,29916
US,61,30623
US,62,31402
US,63,32196
US,64,33038
US,65,33751
US,66,34720
US,67,35579
US,68,36403
US,69,37420
US,70,38063
US,71,39046
US,72,40166
US,73,41258
US,74,42398
US,75,43631
US,76,44834
US,77,46254
US,78,47690
US,79,49312
US,80,51035
US,81,52593
US,82,54367
US,83,56397
US,84,58535
US,85,60712
US,86,63187
US,87,66103
US,88,69287
US,89,72673
US,90,76748
US,91,81153
US,92,86485
US,93,93111
US,94,101660
US,95,113103
US,96,129500
US,97,156442
US,98,216823
US,99,282684
US,99.1,301797
US,99.2,328718
US,99.3,361557
US,99.4,405406
US,99.5,464116
US,99.6,550245
US,99.7,702385
US,99.8,1048504
US,99.9,1426176
US,99.91,1530348
US,99.92,1626872
US,99.93,1842730
US,99.94,2144644
US,99.95,2430243
US,99.96,2972133
US,99.97,3867364
US,99.98,5732365
US,99.99,7738755
US,99.991,8524485
US,99.992,9292558
US,99.993,10259749
US,99.994,11542681
US,99.995,13329143
US,99.996,15955459
US,99.997,20001089
US,99.998,29108351
US,99.999,119936648
VN,0,392
VN,1,392
VN,2,392
VN,3,392
VN,4,392
VN,5,472
VN,6,638
VN,7,808
VN,8,980
VN,9,1154
VN,10,1329
VN,11,1505
VN,12,1682
VN,13,1859
VN,14,2037
VN,15,2215
VN,16,2395
VN,17,2572
VN,18,2752
VN,19,2931
VN,20,2762
VN,21,2854
VN,22,2941
VN,23,3029
VN,24,3109
VN,25,3201
VN,26,3285
VN,27,3383
VN,28,3466
VN,29,3561
VN,30,3650
VN,31,3743
VN,32,3854
VN,33,3957
VN,34,4050
VN,35,4148
VN,36,4250
VN,37,4354
VN,38,4470
VN,39,4565
VN,40,4630
VN,41,4739
VN,42,4838
VN,43,4948
VN,44,5073
VN,45,5187
VN,46,5293
VN,47,5417
VN,48,5536
VN,49,5656
VN,50,5793
VN,51,5925
VN,52,6046
VN,53,6187
VN,54,6324
VN,55,6458
VN,56,6615
VN,57,6773
VN,58,6931
VN,59,7104
VN,60,7249
VN,61,7441
VN,62,7635
VN,63,7829
VN,64,8020
VN,65,8223
VN,66,8430
VN,67,8665
VN,68,8895
VN,69,9152
VN,70,9408
VN,71,9669
VN,72,9948
VN,73,10197
VN,74,10492
VN,75,10813
VN,76,11156
VN,77,11468
VN,78,11840
VN,79,12187
VN,80,12606
VN,81,12994
VN,82,13371
VN,83,13815
VN,84,14368
VN,85,15012
VN,86,15588
VN,87,16311
VN,88,17106
VN,89,17985
VN,90,18004
VN,91,19305
VN,92,20858
VN,93,22770
VN,94,25425
VN,95,28827
VN,96,33342
VN,97,41062
VN,98,55823
VN,99,68790
VN,99.1,73537
VN,99.2,78959
VN,99.3,85522
VN,99.4,93653
VN,99.5,105403
VN,99.6,120320
VN,99.7,144492
VN,99.8,196251
VN,99.9,256228
VN,99.91,271123
VN,99.92,286803
VN,99.93,306692
VN,99.94,332285
VN,99.95,363187
VN,99.96,405284
VN,99.97,477659
VN,99.98,623318
VN,99.99,774385
VN,99.991,821590
VN,99.992,875200
VN,99.993,938406
VN,99.994,1023372
VN,99.995,1137544
VN,99.996,1298926
VN,99.997,1547950
VN,99.998,1986943
VN,99.999,5443793
ZA,0,1268
ZA,1,1268
ZA,2,1268
ZA,3,1268
ZA,4,1268
ZA,5,1289
ZA,6,1335
ZA,7,1382
ZA,8,1431
ZA,9,1480
ZA,10,1530
ZA,11,1580
ZA,12,1630
ZA,13,1681
ZA,14,1732
ZA,15,1783
ZA,16,1834
ZA,17,1884
ZA,18,1934
ZA,19,1985
ZA,20,1427
ZA,21,1456
ZA,22,1487
ZA,23,1518
ZA,24,1545
ZA,25,1576
ZA,26,1604
ZA,27,1635
ZA,28,1664
ZA,29,1694
ZA,30,1726
ZA,31,1758
ZA,32,1793
ZA,33,1831
ZA,34,1864
ZA,35,1897
ZA,36,1928
ZA,37,1960
ZA,38,2000
ZA,39,2036
ZA,40,1898
ZA,41,1939
ZA,42,1979
ZA,43,2023
ZA,44,2064
ZA,45,2113
ZA,46,2166
ZA,47,2219
ZA,48,2274
ZA,49,2321
ZA,50,2375
ZA,51,2441
ZA,52,2508
ZA,53,2575
ZA,54,2640
ZA,55,2717
ZA,56,2798
ZA,57,2877
ZA,58,2957
ZA,59,3048
ZA,60,2997
ZA,61,3102
ZA,62,3207
ZA,63,3327
ZA,64,3456
ZA,65,3590
ZA,66,3723
ZA,67,3858
ZA,68,3998
ZA,69,4164
ZA,70,4339
ZA,71,4521
ZA,72,4714
ZA,73,4932
ZA,74,5157
ZA,75,5422
ZA,76,5710
ZA,77,5994
ZA,78,6314
ZA,79,6647
ZA,80,6845
ZA,81,7288
ZA,82,7772
ZA,83,8350
ZA,84,8957
ZA,85,9603
ZA,86,10326
ZA,87,11249
ZA,88,12314
ZA,89,13596
ZA,90,19252
ZA,91,21014
ZA,92,22774
ZA,93,25573
ZA,94,29147
ZA,95,33455
ZA,96,38548
ZA,97,44986
ZA,98,56598
ZA,99,66080
ZA,99.1,69310
ZA,99.2,73855
ZA,99.3,79118
ZA,99.4,85852
ZA,99.5,95451
ZA,99.6,108974
ZA,99.7,130243
ZA,99.8,173025
ZA,99.9,217193
ZA,99.91,229051
ZA,99.92,240104
ZA,99.93,260736
ZA,99.94,287782
ZA,99.95,316079
ZA,99.96,359340
ZA,99.97,428444
ZA,99.98,558306
ZA,99.99,689062
ZA,99.991,731901
ZA,99.992,778573
ZA,99.993,833735
ZA,99.994,905755
ZA,99.995,999791
ZA,99.996,1130698
ZA,99.997,1330786
ZA,99.998,1727781
ZA,99.999,3932950
