gpercentile,IT25,cash_GR35,IT35,SCmat,B90kMat,B90kC_SD,Bmat,PC,PG,PN,PI,B90kC,B90kG,B90kN,B90kI,SC,SG,SN,SI,SC45k,SG45k,SN45k,SI45k,SC15k,SG15k,SN15k,SI15k,B120kC,B120kG,B120kN,B120kI,B45kC,B30kC,B15kC,B45kG,B30kG,B15kG,B45kN,B30kN,B15kN,B45kI,B30kI,B15kI,B,BG,BN,BI,Bbeef,Bflights
0,5759,1374,10743,10421,10675,10470,9473,11984,9266,11786,7821,10156,7471,9389,6548,9915,7294,9082,6393,7363,5416,6806,4747,8111,5967,7498,5230,11172,8218,10328,7203,8124,7109,6094,5977,5230,4483,7511,6573,5634,5239,4584,3929,9013,6630,8256,5811,9013,9013
1,5885,1398,10788,10465,10719,10513,9513,12034,9462,11812,7992,10199,7629,9410,6692,9956,7448,9102,6533,7393,5530,6821,4851,8145,6093,7515,5344,11219,8391,10351,7361,8160,7139,6119,6103,5340,4577,7528,6587,5646,5353,4685,4015,9051,6770,8274,5938,9051,9051
2,6059,1433,10870,10543,10799,10593,9584,12125,9735,11870,8228,10275,7849,9456,6889,10031,7663,9147,6726,7449,5690,6855,4994,8206,6269,7552,5502,11302,8634,10402,7578,8220,7193,6165,6279,5495,4710,7565,6619,5673,5511,4822,4134,9119,6966,8315,6114,9119,9119
3,6290,1481,11063,10731,10991,10782,9754,12340,10098,12053,8541,10458,8142,9602,7152,10210,7949,9288,6982,7581,5902,6960,5184,8352,6503,7668,5712,11503,8956,10562,7867,8367,7321,6275,6513,5700,4885,7682,6722,5762,5722,5007,4292,9281,7226,8443,6346,9281,9281
4,6585,1463,11229,10892,11157,10944,9901,12526,10474,12211,8942,10615,8445,9728,7488,10363,8245,9410,7310,7695,6122,7052,5428,8478,6745,7769,5980,11677,9290,10700,8237,8492,7430,6369,6756,5912,5067,7782,6809,5837,5990,5242,4493,9421,7495,8554,6646,9421,9421
5,6953,1525,11233,10896,11161,10947,9904,12530,10781,12284,9442,10618,8694,9786,7906,10367,8487,9466,7718,7698,6302,7094,5731,8480,6943,7815,6314,11681,9563,10765,8696,8495,7432,6371,6955,6086,5216,7829,6851,5872,6324,5534,4743,9423,7715,8605,7016,9423,9423
6,7190,1532,11327,10987,11254,11039,9987,12635,10802,12320,9764,10708,8710,9815,8175,10453,8503,9494,7981,7762,6314,7115,5926,8551,6956,7838,6529,11778,9581,10796,8993,8566,7495,6425,6968,6097,5226,7852,6871,5888,6540,5723,4905,9503,7729,8631,7255,9503,9503
7,7190,1473,11660,11310,11585,11363,10282,13007,10804,12813,9764,11022,8711,10208,8175,10761,8505,9874,7981,7991,6315,7400,5926,8803,6957,8152,6529,12125,9582,11229,8993,8817,7716,6614,6969,6098,5226,8166,7145,6125,6540,5723,4905,9782,7731,8976,7255,9782,9782
8,7190,1392,11754,11402,11679,11456,10364,13112,10845,13034,9764,11112,8744,10383,8175,10848,8537,10044,7981,8055,6339,7527,5926,8874,6984,8292,6529,12223,9618,11422,8993,8889,7778,6666,6995,6121,5246,8306,7268,6229,6540,5723,4905,9861,7760,9131,7255,9861,9861
9,7190,1305,11764,11411,11689,11465,10373,13123,10863,13155,9764,11120,8759,10479,8175,10857,8551,10137,7981,8062,6349,7597,5926,8881,6995,8369,6529,12233,9635,11528,8993,8897,7784,6672,7007,6131,5255,8384,7335,6288,6540,5723,4905,9869,7773,9215,7255,9869,9869
10,7190,1213,11913,11556,11837,11610,10505,13289,10888,13458,9764,11262,8780,10721,8175,10995,8571,10371,7981,8164,6364,7772,5926,8994,7011,8562,6529,12388,9658,11792,8993,9009,7884,6757,7024,6146,5268,8577,7504,6433,6540,5723,4905,9995,7791,9428,7255,9995,9995
11,7190,1145,11994,11634,11917,11689,10575,13379,10931,13647,9764,11338,8814,10871,8175,11069,8605,10516,7981,8219,6390,7881,5926,9055,7039,8682,6529,12472,9696,11958,8993,9070,7937,6802,7052,6170,5288,8697,7610,6523,6540,5723,4905,10062,7822,9559,7255,10062,10062
12,7193,1079,12021,11661,11945,11716,10599,13410,11008,13765,9768,11364,8876,10965,8179,11095,8665,10607,7985,8238,6434,7949,5929,9076,7088,8757,6532,12501,9763,12062,8997,9091,7955,6819,7100,6213,5326,8772,7675,6579,6544,5725,4907,10085,7877,9642,7259,10085,10085
13,7206,1012,12268,11899,12189,11956,10817,13684,11038,14158,9785,11597,8900,11278,8194,11322,8689,10910,7999,8407,6452,8176,5940,9262,7108,9007,6544,12757,9791,12406,9014,9277,8118,6958,7120,6231,5340,9023,7895,6767,6555,5736,4916,10292,7898,9918,7271,10292,10292
14,7235,956,12341,11971,12263,12027,10882,13767,11110,14320,9825,11667,8959,11407,8226,11390,8746,11035,8031,8458,6494,8270,5963,9317,7155,9111,6570,12833,9855,12548,9048,9334,8166,7000,7166,6271,5375,9126,7985,6844,6580,5758,4935,10353,7950,10031,7300,10353,10353
15,7288,910,12378,12006,12298,12063,10914,13807,11207,14425,9898,11701,9037,11491,8288,11423,8822,11116,8091,8483,6551,8330,6008,9345,7217,9177,6619,12872,9941,12640,9116,9360,8190,7021,7229,6325,5422,9192,8044,6895,6630,5801,4973,10384,8019,10105,7355,10384,10384
16,7343,884,12594,12216,12513,12274,11105,14048,11297,14729,9971,11905,9110,11734,8349,11623,8893,11350,8151,8631,6603,8506,6052,9508,7275,9371,6668,13096,10020,12907,9185,9524,8334,7143,7288,6376,5466,9387,8214,7041,6680,5844,5010,10565,8085,10317,7409,10565,10565
17,7390,865,12709,12327,12627,12386,11206,14177,11363,14897,10035,12014,9163,11867,8402,11729,8945,11480,8203,8709,6642,8603,6091,9595,7317,9478,6710,13215,10079,13054,9242,9612,8410,7208,7330,6414,5498,9494,8307,7120,6722,5882,5041,10662,8131,10436,7457,10662,10662
18,7816,887,12817,12432,12735,12491,11301,14297,11485,15005,10615,12116,9261,11954,8888,11828,9041,11563,8677,8783,6713,8665,6443,9676,7396,9546,7098,13327,10187,13149,9776,9692,8481,7269,7409,6482,5556,9563,8367,7172,7110,6222,5332,10753,8218,10511,7888,10753,10753
19,7909,871,12849,12464,12767,12523,11330,14334,11591,15067,10740,12147,9346,12003,8993,11859,9124,11611,8779,8806,6775,8701,6519,9701,7464,9586,7182,13362,10281,13204,9892,9718,8503,7288,7476,6542,5607,9603,8402,7202,7194,6295,5395,10779,8294,10554,7981,10779,10779
20,8362,895,13001,12611,12918,12671,11464,14503,12226,15228,11355,12290,9858,12131,9508,11999,9624,11735,9282,8910,7146,8794,6892,9816,7873,9688,7593,13519,10843,13344,10459,9833,8603,7374,7886,6900,5915,9705,8492,7279,7607,6655,5705,10907,8749,10668,8438,10907,10907
21,8535,894,13022,12632,12939,12691,11482,14526,12458,15256,11591,12310,10046,12153,9706,12018,9807,11756,9475,8924,7282,8810,7036,9831,8023,9706,7751,13542,11050,13368,10676,9848,8616,7386,8036,7032,6028,9722,8507,7292,7765,6793,5823,10925,8914,10687,8613,10925,10925
22,8840,909,13253,12855,13167,12916,11685,14784,12884,15518,12005,12528,10389,12362,10052,12231,10142,11958,9813,9082,7531,8961,7287,10006,8297,9873,8027,13781,11427,13598,11057,10022,8770,7517,8311,7272,6233,9890,8653,7417,8041,7036,6031,11118,9219,10870,8920,11118,11118
23,9134,921,13258,12860,13173,12921,11691,14789,13292,15527,12404,12533,10718,12370,10385,12236,10463,11965,10139,9086,7769,8967,7529,10009,8559,9878,8294,13787,11789,13607,11424,10027,8773,7520,8575,7502,6430,9895,8658,7421,8309,7270,6232,11123,9511,10876,9217,11123,11123
24,9250,920,13568,13161,13481,13223,11963,15135,13447,15908,12562,12826,10842,12673,10518,12522,10585,12259,10268,9298,7860,9187,7624,10243,8659,10121,8400,14109,11927,13940,11570,10261,8978,7696,8674,7590,6505,10138,8871,7603,8414,7363,6311,11383,9622,11144,9334,11383,11383
25,9475,935,13598,13190,13511,13252,11990,15169,13764,15928,12866,12855,11098,12689,10773,12550,10835,12274,10517,9319,8045,9198,7809,10266,8863,10133,8603,14141,12208,13958,11850,10284,8998,7713,8879,7769,6659,10150,8882,7613,8619,7540,6463,11408,9849,11158,9560,11408,11408
26,9699,942,13661,13251,13574,13313,12045,15238,14074,15998,13171,12914,11349,12745,11028,12607,11079,12328,10766,9362,8227,9239,7994,10313,9063,10178,8807,14205,12483,14019,12130,10331,9039,7748,9079,7944,6809,10196,8921,7646,8822,7719,6617,11460,10071,11206,9786,11460,11460
27,9966,955,13683,13272,13595,13335,12065,15263,14446,16010,13534,12935,11649,12754,11332,12628,11372,12337,11063,9377,8444,9245,8215,10330,9303,10185,9050,14228,12814,14029,12466,10348,9055,7761,9319,8154,6990,10203,8928,7652,9066,7932,6799,11479,10338,11214,10057,11479,11479
28,10111,936,13946,13527,13856,13591,12297,15557,14620,16364,13730,13184,11789,13036,11496,12871,11509,12610,11223,9557,8546,9450,8333,10529,9415,10411,9181,14502,12968,14339,12645,10548,9229,7910,9431,8252,7074,10428,9125,7822,9197,8047,6897,11700,10462,11462,10202,11700,11700
29,10552,944,13997,13577,13907,13641,12342,15613,15211,16418,14330,13231,12265,13079,11998,12917,11974,12652,11713,9592,8891,9481,8697,10567,9795,10445,9582,14555,13491,14387,13197,10585,9262,7939,9812,8586,7358,10464,9155,7847,9599,8398,7198,11743,10884,11501,10647,11743,11743
30,10553,934,14026,13605,13937,13670,12367,15646,15223,16468,14330,13259,12275,13119,11999,12945,11983,12690,11714,9612,8898,9510,8698,10589,9803,10477,9583,14585,13502,14431,13198,10607,9281,7955,9819,8592,7365,10495,9184,7872,9599,8399,7199,11767,10893,11535,10648,11767,11767
31,10981,943,14416,13984,14324,14050,12712,16081,15796,16948,14912,13629,12736,13501,12485,13305,12434,13060,12189,9880,9233,9787,9051,10884,10172,10782,9971,14992,14009,14850,13734,10903,9540,8177,10189,8915,7642,10800,9451,8100,9988,8740,7491,12095,11302,11872,11081,12095,12095
32,11347,974,14927,14479,14832,14547,13162,16651,16321,17551,15409,14111,13161,13982,12901,13776,12848,13525,12595,10230,9540,10136,9352,11269,10510,11166,10303,15522,14477,15380,14192,11289,9878,8466,10529,9212,7897,11185,9787,8389,10321,9031,7741,12523,11679,12295,11449,12523,12523
33,11716,1002,15427,14964,15328,15035,13603,17209,16849,18144,15911,14583,13586,14454,13322,14237,13263,13982,13006,10572,9848,10478,9657,11647,10850,11544,10639,16042,14944,15900,14654,11667,10208,8750,10869,9510,8152,11563,10118,8673,10658,9325,7993,12942,12056,12711,11823,12942,12942
34,11908,1005,15636,15167,15536,15238,13787,17442,17112,18403,16172,14781,13798,14661,13540,14430,13470,14181,13219,10715,10002,10627,9816,11804,11019,11708,10814,16260,15177,16127,14894,11824,10347,8868,11038,9658,8279,11728,10263,8796,10832,9478,8124,13118,12245,12890,12016,13118,13118
35,12125,1018,15920,15442,15817,15515,14037,17758,17416,18744,16466,15049,14044,14932,13787,14692,13710,14444,13459,10910,10180,10824,9994,12019,11215,11925,11010,16554,15448,16425,15165,12040,10534,9029,11235,9830,8427,11946,10453,8960,11029,9650,8272,13356,12462,13130,12235,13356,13356
36,12338,1026,16005,15525,15902,15597,14112,17853,17710,18841,16755,15130,14280,15009,14029,14771,13941,14519,13696,10968,10352,10880,10170,12083,11404,11987,11204,16642,15708,16510,15432,12104,10591,9078,11424,9996,8568,12008,10507,9006,11223,9820,8418,13427,12673,13198,12450,13427,13427
37,12421,983,16173,15688,16070,15762,14261,18041,17775,19107,16868,15290,14333,15221,14123,14926,13992,14724,13788,11084,10390,11034,10238,12210,11446,12156,11279,16818,15766,16743,15536,12232,10702,9174,11466,10033,8600,12176,10655,9133,11298,9887,8474,13568,12719,13385,12534,13568,13568
38,12817,1006,16333,15843,16229,15919,14402,18220,18303,19280,17405,15441,14759,15359,14573,15074,14408,14857,14227,11193,10698,11134,10564,12331,11786,12266,11638,16985,16234,16895,16031,12353,10808,9264,11807,10331,8855,12287,10752,9216,11659,10201,8744,13703,13097,13505,12932,13703,13703
39,12823,973,16415,15923,16310,15998,14474,18311,18331,19424,17413,15518,14781,15474,14580,15149,14430,14968,14234,11250,10715,11217,10569,12393,11804,12358,11644,17070,16258,17021,16038,12415,10862,9311,11824,10347,8868,12380,10831,9284,11664,10206,8748,13771,13118,13607,12939,13771,13771
40,12904,970,16476,15982,16370,16058,14528,18379,18409,19504,17524,15575,14844,15538,14674,15206,14491,15030,14325,11291,10760,11263,10637,12439,11854,12409,11718,17134,16328,17092,16141,12460,10903,9345,11875,10391,8907,12430,10876,9323,11739,10272,8804,13823,13173,13663,13022,13823,13823
41,13021,959,16501,16006,16395,16082,14550,18407,18555,19550,17683,15600,14961,15574,14806,15229,14606,15065,14455,11309,10845,11290,10733,12458,11948,12438,11825,17159,16457,17131,16287,12480,10920,9360,11969,10473,8976,12459,10902,9345,11845,10364,8883,13844,13278,13695,13140,13844,13844
42,13235,971,16755,16252,16647,16329,14773,18690,18853,19853,17973,15839,15202,15816,15048,15463,14841,15299,14691,11482,11020,11465,10909,12649,12141,12631,12018,17423,16723,17397,16553,12671,11087,9504,12162,10641,9122,12653,11071,9489,12039,10533,9029,14056,13491,13907,13355,14056,14056
43,13506,955,16906,16399,16797,16476,14907,18858,19200,20064,18341,15981,15482,15984,15357,15602,15114,15461,14992,11586,11223,11586,11132,12763,12364,12765,12264,17579,17030,17582,16893,12786,11187,9589,12385,10837,9288,12787,11189,9590,12286,10750,9215,14183,13739,14055,13629,14183,14183
44,13739,939,17021,16511,16912,16588,15009,18987,19495,20230,18658,16091,15719,16116,15622,15709,15346,15589,15251,11665,11395,11682,11324,12851,12554,12870,12476,17700,17290,17727,17184,12873,11264,9655,12575,11003,9431,12893,11281,9669,12498,10935,9373,14280,13950,14171,13864,14280,14280
45,13981,951,17333,16813,17222,16892,15284,19335,19833,20606,18986,16385,15991,16415,15896,15997,15612,15879,15519,11879,11592,11900,11523,13086,12771,13110,12695,18024,17590,18057,17487,13108,11470,9831,12793,11194,9595,13132,11490,9849,12717,11128,9538,14541,14192,14434,14108,14541,14541
46,14457,981,17947,17409,17832,17491,15825,20020,20506,21341,19633,16966,16534,17000,16438,16563,16142,16445,16048,12299,11986,12324,11916,13549,13205,13577,13128,18663,18187,18701,18083,13572,11876,10179,13227,11574,9921,13600,11901,10200,13151,11507,9863,15057,14674,14949,14588,15057,15057
47,14716,986,18228,17681,18111,17765,16072,20333,20859,21688,19985,17232,16819,17278,16733,16822,16420,16713,16336,12492,12192,12525,12130,13761,13432,13798,13364,18954,18501,19006,18406,13785,12062,10339,13455,11774,10092,13823,12095,10367,13386,11713,10040,15292,14926,15192,14850,15292,15292
48,15135,1007,18747,18184,18627,18270,16530,20912,21445,22314,20553,17722,17291,17776,17210,17301,16881,17195,16801,12847,12535,12886,12475,14153,13809,14196,13744,19494,19021,19554,18930,14177,12405,10633,13833,12104,10374,14220,12444,10666,13768,12046,10326,15728,15346,15631,15273,15728,15728
49,15377,1008,18990,18421,18868,18507,16745,21184,21771,22619,20882,17952,17555,18019,17484,17526,17138,17430,17069,13014,12726,13062,12674,14337,14020,14390,13963,19748,19311,19821,19232,14361,12567,10772,14044,12289,10533,14414,12613,10811,13987,12239,10490,15932,15579,15845,15516,15932,15932
50,15549,1013,19202,18626,19079,18714,16932,21420,22006,22880,21115,18152,17744,18226,17680,17722,17323,17631,17260,13160,12863,13213,12816,14497,14171,14556,14119,19967,19518,20049,19448,14521,12706,10891,14195,12420,10646,14581,12758,10936,14144,12376,10608,16109,15748,16027,15690,16109,16109
51,16009,1025,19699,19108,19572,19198,17370,21974,22639,23489,21740,18622,18255,18713,18203,18180,17821,18101,17771,13500,13233,13565,13196,14872,14578,14944,14537,20485,20080,20584,20023,14898,13035,11173,14604,12778,10953,14971,13099,11227,14562,12741,10922,16527,16200,16455,16155,16527,16527
52,16300,1041,20091,19489,19962,19580,17716,22412,23048,23962,22135,18993,18585,19089,18534,18542,18143,18465,18094,13769,13472,13838,13435,15168,14842,15245,14802,20892,20443,20998,20387,15195,13295,11396,14868,13010,11151,15271,13363,11454,14827,12973,11120,16855,16492,16785,16448,16855,16855
53,16667,1039,20417,19804,20285,19898,18002,22775,23538,24373,22634,19301,18980,19417,18951,18842,18529,18782,18501,13992,13758,14075,13738,15414,15158,15506,15135,21231,20878,21358,20846,15441,13511,11581,15184,13286,11387,15533,13591,11650,15160,13266,11371,17128,16843,17074,16818,17128,17128
54,17094,1066,20993,20363,20858,20459,18511,23417,24140,25065,23214,19845,19465,19967,19437,19374,19003,19315,18975,14387,14110,14475,14090,15849,15545,15946,15522,21830,21412,21964,21380,15876,13891,11907,15572,13625,11679,15974,13977,11980,15549,13606,11662,17611,17275,17558,17248,17611,17611
55,17453,1077,21407,20765,21270,20864,18876,23880,24635,25574,23701,20237,19864,20372,19844,19757,19392,19707,19373,14671,14399,14768,14385,16162,15863,16270,15848,22261,21850,22410,21828,16189,14166,12142,15891,13905,11918,16298,14261,12224,15876,13890,11906,17960,17628,17914,17610,17960,17960
56,18001,1107,22113,21450,21971,21551,19498,24667,25404,26422,24445,20904,20484,21049,20468,20408,19998,20361,19982,15154,14849,15258,14837,16695,16359,16810,16346,22994,22532,23153,22516,16723,14633,12543,16388,14338,12290,16839,14734,12629,16374,14328,12281,18552,18179,18509,18164,18552,18552
57,18351,1126,22584,21907,22439,22010,19913,25193,25896,26992,24921,21350,20881,21502,20867,20843,20385,20800,20371,15477,15137,15587,15126,17050,16676,17172,16664,23484,22969,23653,22954,17081,14945,12810,16705,14616,12528,17202,15052,12901,16693,14606,12520,18947,18531,18908,18517,18947,18947
58,18601,1121,22808,22124,22662,22229,20112,25443,26226,27280,25261,21562,21147,21732,21150,21050,20645,21022,20648,15631,15330,15754,15332,17220,16888,17356,16891,23718,23262,23905,23266,17249,15093,12937,16917,14803,12689,17385,15212,13039,16921,14805,12691,19135,18767,19110,18770,19135,19135
59,19167,1146,23503,22798,23352,22905,20724,26218,27014,28122,26029,22219,21782,22403,21795,21691,21265,21671,21277,16107,15790,16240,15799,17744,17396,17892,17405,24440,23960,24643,23974,17775,15553,13331,17425,15248,13069,17923,15682,13442,17436,15256,13077,19718,19331,19699,19342,19718,19718
60,19494,1155,23893,23177,23740,23286,21069,26653,27464,28601,26473,22587,22145,22785,22166,22051,21619,22040,21639,16374,16053,16517,16068,18039,17685,18196,17702,24846,24360,25064,24383,18069,15812,13553,17716,15501,13287,18228,15949,13671,17733,15516,13300,20045,19652,20035,19671,20045,20045
61,20224,1180,24722,23980,24564,24094,21799,27577,28471,29612,27464,23371,22957,23590,22996,22816,22412,22819,22450,16942,16642,17100,16670,18664,18334,18839,18365,25708,25252,25950,25295,18696,16360,14023,18365,16070,13774,18873,16513,14154,18396,16097,13798,20740,20374,20743,20408,20740,20740
62,20504,1191,25097,24344,24936,24459,22129,27996,28860,30070,27845,23725,23270,23955,23314,23162,22718,23172,22761,17199,16869,17365,16901,18947,18584,19131,18619,26098,25598,26350,25646,18980,16607,14235,18617,16289,13962,19164,16768,14373,18652,16320,13988,21054,20652,21064,20690,21054,21054
63,20933,1209,25644,24875,25480,24992,22612,28606,29456,30736,28428,24243,23750,24485,23802,23667,23187,23685,23237,17574,17217,17749,17254,19361,18968,19554,19009,26667,26125,26934,26183,19394,16970,14546,19001,16625,14250,19588,17140,14691,19042,16661,14281,21514,21078,21530,21123,21514,21514
64,21342,1222,26145,25361,25977,25481,23054,29165,30018,31350,28982,24716,24205,24974,24266,24129,23630,24158,23690,17918,17546,18104,17591,19739,19330,19945,19379,27188,26625,27472,26692,19773,17301,14829,19364,16944,14523,19980,17482,14985,19412,16986,14559,21934,21480,21960,21534,21934,21934
65,21652,1214,26411,25619,26242,25740,23289,29462,30427,31695,29404,24968,24535,25249,24620,24375,23952,24424,24035,18100,17785,18303,17847,19940,19594,20164,19662,27465,26988,27774,27082,19974,17477,14981,19628,17174,14721,20199,17674,15149,19696,17234,14772,22158,21773,22202,21849,22158,22158
66,22083,1224,26910,26103,26738,26226,23728,30018,31016,32309,29988,25439,25008,25738,25109,24835,24415,24897,24513,18442,18129,18658,18202,20316,19973,20555,20053,27982,27509,28311,27619,20351,17807,15263,20007,17505,15005,20590,18016,15443,20087,17576,15066,22576,22194,22632,22283,22576,22576
67,22356,1209,27096,26283,26922,26407,23892,30225,31366,32562,30359,25614,25291,25940,25419,25007,24691,25092,24816,18569,18334,18804,18427,20457,20198,20716,20301,28177,27820,28534,27960,20492,17930,15369,20232,17704,15175,20752,18158,15564,20335,17793,15251,22732,22445,22809,22559,22732,22732
68,22687,1220,27531,26705,27355,26831,24276,30711,31823,33095,30809,26026,25661,26365,25796,25408,25051,25503,25184,18867,18601,19112,18700,20785,20493,21055,20602,28629,28226,29001,28376,20820,18218,15615,20528,17962,15397,21092,18456,15819,20637,18057,15478,23097,22773,23183,22893,23097,23097
69,23053,1219,27896,27059,27717,27187,24597,31118,32313,33556,31306,26371,26055,26731,26212,25745,25436,25858,25590,19117,18887,19378,19002,21060,20808,21348,20934,29008,28660,29404,28833,21097,18460,15823,20844,18238,15633,21384,18712,16039,20969,18349,15728,23403,23122,23505,23263,23403,23403
70,23720,1238,28670,27810,28487,27942,25280,31982,33230,34506,32212,27103,26794,27488,26972,26460,26158,26590,26331,19648,19423,19926,19552,21645,21398,21953,21540,29813,29473,30237,29669,21682,18972,16262,21435,18756,16076,21990,19241,16492,21578,18880,16183,24053,23778,24171,23936,24053,24053
71,24259,1249,29287,28408,29099,28542,25824,32670,33967,35267,32944,27686,27388,28095,27584,27029,26738,27177,26929,20071,19854,20366,19996,22111,21873,22437,22029,30454,30127,30905,30343,22148,19380,16612,21910,19172,16433,22476,19666,16857,22067,19309,16551,24570,24305,24705,24480,24570,24570
72,25097,1269,30216,29309,30022,29448,26643,33706,35114,36411,34082,28564,28314,29005,28536,27886,27641,28058,27859,20707,20524,21027,20686,22812,22612,23165,22790,31420,31145,31906,31390,22851,19995,17138,22651,19820,16988,23204,20304,17403,22829,19975,17121,25349,25126,25506,25325,25349,25349
73,25899,1288,31113,30180,30913,30322,27435,34707,36211,37516,35171,29413,29199,29887,29448,28714,28505,28910,28749,21322,21166,21665,21347,23490,23318,23868,23518,32354,32119,32876,32393,23530,20589,17648,23359,20439,17519,23909,20921,17933,23558,20614,17669,26102,25912,26280,26134,26102,26102
74,26704,1305,32007,31047,31802,31194,28223,35704,37311,38618,36263,30258,30085,30764,30363,29539,29371,29759,29642,21935,21809,22301,22010,24164,24027,24569,24248,33284,33093,33841,33399,24206,21180,18154,24068,21059,18051,24611,21536,18459,24290,21254,18217,26852,26699,27052,26945,26852,26852
75,27347,1316,32722,31740,32511,31890,28853,36501,38187,39504,37138,30933,30791,31471,31096,30199,30060,30442,30357,22425,22321,22813,22541,24704,24590,25133,24833,34027,33870,34618,34205,24747,21654,18560,24633,21553,18474,25176,22030,18883,24876,21767,18658,27452,27326,27672,27595,27452,27452
76,27945,1317,33332,32332,33118,32484,29391,37182,38991,40270,37949,31509,31440,32080,31774,30762,30693,31032,31020,22843,22791,23255,23033,25164,25108,25620,25376,34661,34584,35288,34951,25207,22056,18906,25152,22008,18864,25664,22456,19248,25419,22242,19065,27964,27901,28209,28198,27964,27964
77,28738,1332,34215,33189,33996,33346,30170,38167,40072,41363,39027,32345,32311,32951,32677,31577,31544,31874,31901,23448,23423,23886,23688,25832,25804,26315,26096,35579,35542,36246,35944,25876,22641,19407,25848,22617,19386,26360,23065,19770,26142,22874,19607,28705,28674,28975,28999,28705,28705
78,29530,1343,35081,34028,34856,34189,30933,39133,41148,42437,40101,33164,33179,33807,33576,32376,32391,32702,32779,24041,24051,24507,24340,26485,26497,26999,26815,36480,36497,37187,36934,26531,23214,19898,26543,23225,19908,27046,23664,20284,26861,23503,20146,29430,29445,29727,29797,29430,29430
79,30538,1362,36193,35108,35961,35274,31914,40374,42524,43813,41471,34215,34288,34903,34723,33403,33474,33762,33899,24804,24856,25301,25171,27325,27383,27874,27731,37636,37717,38393,38196,27372,23951,20529,27431,24002,20573,27922,24432,20942,27778,24307,20834,30364,30429,30691,30815,30364,30364
80,31563,1387,37379,36258,37140,36429,32959,41696,43926,45273,42863,35335,35419,36066,35889,34497,34578,34887,35037,25616,25675,26144,26016,28220,28286,28803,28662,38869,38962,39672,39478,28268,24735,21201,28336,24793,21252,28853,25246,21639,28712,25122,21533,31359,31432,31714,31849,31359,31359
81,32181,1385,38019,36879,37775,37052,33523,42410,44754,46080,43702,35941,36087,36708,36591,35088,35230,35509,35723,26055,26160,26610,26526,28703,28820,29316,29223,39535,39695,40379,40251,28753,25158,21564,28870,25261,21653,29366,25696,22024,29272,25614,21955,31896,32025,32279,32473,31896,31896
82,33000,1394,38923,37755,38674,37933,34320,43418,45863,47206,44814,36795,36981,37605,37523,35922,36103,36377,36632,26674,26808,27261,27201,29385,29534,30033,29967,40475,40679,41366,41275,29436,25757,22077,29585,25887,22189,30085,26324,22563,30018,26265,22513,32654,32819,33068,33299,32654,32654
83,33849,1398,39824,38630,39569,38811,35116,44424,47008,48334,45966,37647,37904,38505,38488,36754,37004,37246,37574,27292,27477,27912,27900,30066,30271,30750,30737,41413,41695,42355,42337,30118,26353,22588,30323,26534,22743,30804,26953,23103,30791,26942,23093,33411,33638,33858,34156,33411,33411
84,34676,1406,40756,39533,40494,39720,35937,45463,48127,49495,47090,38528,38806,39429,39428,37613,37885,38141,38492,27930,28131,28583,28582,30769,30992,31489,31488,42380,42687,43372,43371,30822,26969,23117,31045,27165,23284,31544,27601,23658,31542,27600,23657,34192,34438,34671,34990,34192,34192
85,35376,1403,41498,40253,41232,40443,36591,46290,49063,50432,48040,39230,39561,40175,40224,38298,38622,38863,39269,28439,28678,29124,29159,31329,31594,32085,32124,43152,43517,44193,44246,31384,27460,23537,31648,27692,23736,32141,28123,24106,32179,28157,24134,34814,35109,35328,35696,34814,34814
86,36507,1420,42787,41503,42513,41699,37728,47729,50602,52033,49577,40448,40801,41451,41511,39488,39833,40097,40525,29322,29577,30049,30091,32303,32585,33104,33151,44493,44881,45596,45662,32358,28314,24269,32640,28561,24481,33161,29015,24870,33209,29057,24907,35896,36209,36450,36838,35896,35896
87,37916,1437,44321,42992,44037,43195,39081,49440,52512,53941,51490,41899,42342,42971,43112,40904,41337,41567,42089,30374,30694,31150,31253,33461,33815,34318,34431,46088,46576,47268,47424,33519,29330,25140,33873,29639,25405,34376,30079,25782,34490,30179,25867,37183,37577,37785,38260,37183,37183
88,39237,1431,45573,44205,45280,44414,40184,50836,54278,55523,53284,43081,43766,44231,44614,42059,42727,42786,43555,31231,31726,32064,32341,34406,34952,35324,35630,47389,48143,48654,49076,34465,30156,25848,35013,30636,26260,35385,30962,26539,35691,31230,26769,38233,38840,38894,39593,38233,38233
89,40645,1444,47120,45707,46818,45923,41548,52563,56184,57454,55196,44544,45303,45769,46215,43487,44227,44274,45118,32292,32840,33179,33502,35574,36180,36553,36908,48999,49833,50347,50837,35636,31182,26727,36242,31711,27181,36615,32038,27462,36972,32350,27729,39531,40204,40246,41014,39531,39531
90,42262,1455,48844,47379,48530,47602,43069,54485,58366,59608,57391,46174,47063,47485,48054,45078,45945,45934,46913,33473,34116,34423,34835,36876,37585,37923,38377,50792,51769,52234,52860,36940,32322,27704,37651,32944,28237,37988,33240,28491,38443,33637,28832,40978,41766,41756,42645,40978,40978
91,43866,1448,50404,48892,50081,49123,44444,56226,60513,61581,59570,47649,48793,49057,49877,46518,47635,47454,48693,34543,35371,35562,36156,38054,38967,39178,39833,52414,53673,53962,54865,38118,33354,28589,39034,34155,29276,39245,34340,29434,39902,34914,29926,42287,43302,43137,44263,42287,42287
92,45855,1442,52332,50762,51997,51001,46145,58376,63178,64011,62271,49472,50943,50993,52140,48297,49733,49327,50902,35864,36929,36966,37797,39509,40684,40724,41640,54419,56037,56093,57354,39577,34630,29683,40754,35660,30566,40795,35695,30596,41712,36498,31284,43903,45209,44840,46271,43903,43903
93,48755,1451,55191,53536,54837,53789,48666,61566,67081,67597,66209,52174,54089,53849,55437,50936,52805,52090,54121,37823,39210,39036,40187,41668,43197,43006,44273,57392,59497,59235,60982,41739,36522,31304,43271,37862,32453,43080,37695,32309,44350,38806,33263,46302,48002,47352,49198,46302,46302
94,52187,1454,58497,56742,58122,57010,51581,65253,71693,71751,70870,55299,57809,57159,59340,53987,56436,55291,57931,40089,41906,41435,43016,44163,46167,45648,47390,60829,63590,62875,65273,44240,38710,33180,46247,40467,34685,45727,40011,34296,47472,41537,35604,49076,51302,50261,52661,49076,49076
95,58123,1495,64354,62423,63941,62717,56744,71786,79708,79066,78931,60836,64271,62987,66088,59392,62745,60928,64519,44102,46590,45659,47908,48585,51328,50302,52779,66920,70698,69286,72697,48668,42586,36502,51417,44990,38563,50390,44091,37792,52871,46261,39652,53988,57038,55386,58650,53988,53988
96,65664,1529,71609,69461,71150,69788,63142,79880,89872,88149,89172,67694,72466,70223,74663,66088,70746,67928,72891,49075,52531,50905,54124,54062,57873,56081,59628,74464,79713,77244,82130,54155,47386,40617,57973,50726,43479,56178,49156,42133,59730,52265,44798,60076,64310,61749,66260,60076,60076
97,76362,1183,81175,78740,80654,79112,71577,90551,103848,100616,103699,76738,83735,80155,86828,74916,81748,77535,84766,55630,60701,58104,62942,61285,66873,64013,69342,84412,92109,88170,95510,61390,53717,46043,66988,58615,50241,64123,56108,48092,69462,60780,52097,68102,74311,70482,77055,68102,68102
98,101694,-8189,95329,92469,94718,92906,84058,106340,127399,130210,138101,90118,102725,103729,115631,87979,100287,100340,112886,65330,74467,75194,83822,71971,82039,82841,92346,99130,112998,114103,127194,72094,63083,54071,82181,71908,61635,82984,72611,62237,92505,80941,69378,79976,91165,91212,102617,79976,79976
99,134640,-19468,114926,111478,114189,112004,101337,128200,159044,169046,182841,108643,128241,134667,153092,106065,125197,130267,149457,78760,92963,97622,110977,86765,102416,107549,122262,119508,141065,148134,168401,86915,76050,65186,102593,89769,76944,107734,94267,80800,122473,107165,91855,96416,113808,118416,135861,96416,96416
99.1,140356,-21107,118593,115036,117833,115578,104571,132291,164887,175721,190603,112111,132953,139985,159591,109450,129797,135411,155802,81274,96379,101477,115689,89534,106179,111795,127453,123322,146249,153984,175550,89689,78477,67266,106362,93067,79772,111988,97990,83992,127673,111714,95754,99493,117989,123093,141628,99493,99493
99.2,148316,-23422,123547,119841,122756,120406,108939,137817,172991,184865,201413,116794,139487,147270,168643,114022,136176,142457,164639,84669,101116,106757,122250,93274,111398,117613,134682,128474,153436,161996,185507,93436,81756,70077,111590,97641,83692,117816,103088,88362,134914,118050,101186,103649,123788,129498,149662,103649,103649
99.3,156159,-26240,127472,123648,126654,124231,112400,142195,180377,193345,212063,120504,145443,154025,177561,117643,141990,148992,173345,87358,105433,111654,128715,96237,116154,123008,141804,132554,159988,169428,195317,96403,84353,72303,116355,101810,87266,123220,107818,92415,142049,124293,106537,106942,129073,135439,157576,106942,106942
99.4,167122,-30277,132805,128821,131954,129429,117102,148144,190589,205132,226952,125545,153678,163415,190026,122565,150029,158075,185515,91013,111402,118461,137752,100263,122730,130507,151759,138100,169046,179757,209029,100436,87881,75328,122942,107574,92206,130732,114391,98050,152021,133018,114016,111416,136381,143695,168639,111416,111416
99.5,181264,-34184,140933,136705,140029,137350,124269,157211,205216,220270,246156,133229,165471,175474,206106,130067,161543,169740,201213,96583,119952,127203,149408,106400,132149,140137,164601,146552,182019,193021,226717,106583,93260,79937,132377,115830,99283,140379,122832,105284,164884,144275,123664,118234,146848,154299,182908,118234,118234
99.6,195152,-38628,146991,142581,146048,143254,129611,163968,218901,233479,265016,138956,176507,185997,221896,135657,172316,179919,216629,100735,127951,134831,160855,110973,140962,148541,177212,152851,194158,204597,244086,111164,97269,83374,141206,123555,105905,148798,130198,111599,177518,155328,133138,123316,156641,163552,196922,123316,123316
99.7,235007,-49703,169826,164731,168737,165508,149746,189441,260050,276134,319140,160543,209686,219977,267214,156732,204708,212789,260871,116384,152003,159463,193706,128213,167460,175679,213404,176597,230654,241975,293936,128434,112380,96326,167749,146780,125811,175981,153985,131987,213771,187050,160329,142475,186085,193432,237140,142475,142475
99.8,309602,-77096,200780,194756,199492,195675,177040,223970,329629,349525,420440,189804,265789,278443,352034,185299,259479,269344,343676,137597,192673,201846,255192,151582,212265,222371,281141,208785,292367,306287,387237,151844,132863,113883,212631,186052,159474,222754,194911,167066,281627,246424,211220,168442,235874,244842,312412,168442,168442
99.9,381402,-101226,235435,228372,233925,229449,207597,262628,399095,423467,517944,222566,321802,337348,433673,217283,314162,326324,423378,161347,233277,244546,314374,177746,256998,269413,346341,244822,353982,371083,477040,178053,155797,133539,257441,225261,193081,269878,236143,202409,346939,303572,260204,197517,285583,296638,384864,197517,197517
99.91,398332,-106372,243482,236178,241921,237292,214693,271605,416082,440062,540934,230173,335499,350568,452923,224709,327534,339112,442170,166862,243206,254129,328327,183821,267937,279971,361714,253191,369049,385625,498215,184139,161121,138104,268400,234850,201300,280455,245397,210341,362338,317046,271753,204267,297738,308263,401947,204267,204267
99.92,433872,-116676,262502,254627,260818,255828,231463,292821,452299,476946,589198,248153,364701,379951,493334,242262,356043,367535,481622,179896,264375,275430,357622,198180,291258,303437,393987,272968,401171,417946,542668,198522,173707,148892,291760,255291,218821,303961,265965,227970,394668,345334,296000,220223,323654,334101,437810,220223,220223
99.93,464938,-126377,277273,268955,275494,270224,244488,309298,483180,507729,631386,262117,389601,404474,528657,255895,380352,391256,516107,190019,282425,293206,383228,209332,311144,323021,422197,288328,428562,444921,581524,209694,183482,157270,311682,272721,233761,323579,283132,242684,422926,370060,317195,232616,345752,355664,469157,232616,232616
99.94,522490,-144022,306331,297141,304366,298543,270110,341712,540756,566474,709542,289586,436026,451272,594097,282712,425675,436525,579993,209933,316079,327130,430666,231270,348220,360395,474459,318544,479629,496399,653507,231669,202710,173752,348821,305218,261616,361018,315890,270763,475278,415868,356459,256993,386952,396814,527232,256993,256993
99.95,590931,-165540,340302,330093,338119,331650,300065,379606,608628,636270,802484,321701,490754,506873,671918,314064,479103,490310,655966,233213,355751,367437,487079,256917,391926,404800,536608,353870,539830,557561,739109,257361,225191,193020,392603,343528,294452,405499,354811,304125,537534,470342,403151,285493,435520,445706,596293,285493,285493
99.96,749673,-215391,420722,408101,418024,410026,370976,469316,766117,800132,1018056,397725,617742,637411,852415,388284,603076,616582,832179,288327,447806,462065,617923,317632,493342,509050,680758,437497,679516,701153,937657,318179,278408,238635,494194,432419,370645,509929,446188,382447,681932,596691,511449,352962,548214,560492,756476,352962,352962
99.97,849575,-254504,458494,444739,455553,446838,404282,511450,856590,896841,1153722,433432,690692,714453,966008,423143,674295,691106,943075,314212,500688,517913,700267,346148,551602,570577,771475,476776,759762,785898,1062608,346745,303403,260059,552553,483485,414416,571562,500116,428671,772807,676205,579604,384650,612955,628236,857284,384650,384650
99.98,2208755,-713075,1115700,1082229,1108544,1087334,983779,1244563,2169608,2300315,2999489,1054715,1749415,1832505,2511463,1029677,1707884,1772623,2451841,764605,1268166,1328398,1820581,842318,1397121,1463479,2005710,1160186,1924357,2015755,2762610,843772,738300,632829,1399532,1224590,1049649,1466004,1282753,1099503,2009171,1758025,1506878,936008,1552519,1611369,2228799,936008,936008
99.99,4438606,-1502376,2140674,2076454,2126945,2086250,1887561,2387922,4282450,4582390,6027626,2023662,3453059,3650481,5046913,1975624,3371083,3531191,4927099,1467033,2503151,2646264,3658550,1616141,2757688,2915353,4030575,2226028,3798365,4015528,5551605,1618930,1416563,1214197,2762447,2417140,2071835,2920384,2555337,2190288,4037531,3532839,3028148,1795903,3064418,3209961,4478885,1795903,1795903
99.991,4861880,-1665144,2317114,2247600,2302252,2258203,2043138,2584740,4669068,5009060,6602433,2190457,3764800,3990380,5528198,2138459,3675423,3859983,5396958,1587950,2729135,2892659,4007437,1749347,3006651,3186804,4414940,2409503,4141280,4389418,6081017,1752366,1533320,1314274,3011840,2635360,2258880,3192304,2793265,2394228,4422558,3869739,3316918,1943925,3341073,3508844,4906001,1943925,1943925
99.992,5195538,-1804354,2441858,2368602,2426196,2379776,2153133,2723893,4961658,5341074,7055540,2308382,4000723,4254872,5907583,2253585,3905746,4115833,5767336,1673439,2900158,3084393,4282456,1843525,3195065,3398034,4717925,2539221,4400796,4680359,6498341,1846705,1615868,1385030,3200579,2800506,2400434,3403897,2978411,2552923,4726066,4135308,3544550,2048578,3550444,3741419,5242687,2048578,2048578
99.993,5299140,-1869604,2451632,2378083,2435907,2389301,2161750,2734795,5027921,5435444,7196232,2317622,4054153,4330050,6025383,2262605,3957907,4188554,5882340,1680137,2938889,3138889,4367851,1850904,3237735,3458072,4812003,2549384,4459569,4763055,6627922,1854098,1622336,1390574,3243323,2837907,2432492,3464040,3031035,2598031,4820307,4217769,3615230,2056778,3597860,3807524,5347228,2056778,2056778
99.994,5360029,-1929450,2430463,2357550,2414875,2368671,2143085,2711182,5042870,5484094,7278920,2297611,4066207,4368807,6094618,2243069,3969675,4226044,5949931,1665630,2947628,3166984,4418040,1834922,3247362,3489024,4867295,2527372,4472829,4805687,6704080,1838089,1608328,1378566,3252966,2846345,2439724,3495045,3058165,2621284,4875695,4266233,3656771,2039019,3608557,3841604,5408671,2039019,2039019
99.995,5479837,-2023874,2421095,2348462,2405567,2359540,2134824,2700731,5098327,5591080,7441619,2288754,4110924,4454034,6230846,2234423,4013330,4308487,6082925,1659209,2980043,3228767,4516792,1827849,3283074,3557089,4976090,2517630,4522017,4899437,6853931,1831003,1602128,1373253,3288739,2877647,2466555,3563227,3117824,2672420,4984677,4361592,3738508,2031159,3648241,3916548,5529566,2031159,2031159
99.996,6028818,-2304871,2569979,2492880,2553496,2504640,2266105,2866812,5521749,6131805,8187135,2429500,4452340,4884793,6855064,2371828,4346641,4725170,6692324,1761242,3227539,3541028,4969293,1940252,3555736,3901103,5474604,2672451,4897575,5373273,7540571,1943601,1700650,1457700,3561872,3116638,2671404,3907835,3419355,2930876,5484052,4798545,4113038,2156065,3951231,4295325,6083529,2156065,2156065
99.997,7594252,-3052446,3065433,2973470,3045772,2987497,2702976,3419490,6789086,7695341,10312994,2897872,5474230,6130356,8635040,2829081,5344271,5930031,8430043,2100783,3968315,4443947,6259613,2314304,4371840,4895837,6896131,3187660,6021653,6743393,9498544,2318298,2028510,1738723,4379384,3831961,3284538,4904285,4291249,3678214,6908032,6044528,5181024,2571722,4858108,5390581,7663169,2571722,2571722
99.998,8967055,-3768231,3419756,3317163,3397822,3332811,3015404,3814737,7833271,9041371,12177261,3232826,6316185,7202648,10195984,3156084,6166238,6967282,9953930,2343605,4578655,5221260,7391154,2581806,5044243,5752192,8142735,3556109,6947803,7922913,11215583,2586261,2262978,1939696,5052947,4421330,3789711,5762118,5041853,4321589,8156788,7137190,6117591,2868978,5605300,6333474,9048429,2868978,2868978
99.999,15881718,-10307234,2186716,2121114,2172691,2131121,1928159,2439282,9817921,15715448,21567373,2067187,7916464,12519433,18058297,2018115,7728526,12110327,17629591,1498586,5738711,9075442,13090611,1650901,6322261,9998293,14421750,2273905,8708110,13771377,19864126,1653749,1447031,1240312,6333172,5541525,4749879,10015547,8763603,7511660,14446637,12640807,10834978,1834529,7025468,11008661,16025841,1834529,1834529
