"country","gpercentile","imputed_income_2025"
"IT",0,7189.71500137766
"IT",1,7189.71500137766
"IT",2,7189.71500137766
"IT",3,7189.71500137766
"IT",4,7189.71500137766
"IT",5,7189.95434513595
"IT",6,7193.50761922533
"IT",7,7207.2276679253
"IT",8,7238.7126408034
"IT",9,7296.28960653687
"IT",10,5773.5391006699
"IT",11,5908.30944259676
"IT",12,6094.39875165908
"IT",13,6340.44292154948
"IT",14,6655.2291682808
"IT",15,7047.1562904266
"IT",16,7509.99113520961
"IT",17,8058.37026228258
"IT",18,8722.67964548127
"IT",19,9477.13033599267
"IT",20,7603.29657223203
"IT",21,8084.83932126411
"IT",22,8662.14786061007
"IT",23,9167.81791073767
"IT",24,9462.33821670916
"IT",25,9827.50512655506
"IT",26,10042.318751595
"IT",27,10317.4854380547
"IT",28,10447.6785936303
"IT",29,10933.6748146189
"IT",30,11054.6211915738
"IT",31,11529.8679939495
"IT",32,11933.8396261894
"IT",33,12334.0853600337
"IT",34,12519.6564710829
"IT",35,12740.9122320396
"IT",36,12960.5341852278
"IT",37,13013.753402547
"IT",38,13455.1358457154
"IT",39,13657.6566378547
"IT",40,13621.5064087272
"IT",41,13695.4110589129
"IT",42,14068.4741964454
"IT",43,14371.1342218265
"IT",44,14641.1342653914
"IT",45,14930.8466094192
"IT",46,15507.2611749534
"IT",47,15818.3834438398
"IT",48,16335.6690636258
"IT",49,16638.5763981624
"IT",50,16988.9589260889
"IT",51,17554.4743617063
"IT",52,17925.591234356
"IT",53,18379.4918342974
"IT",54,18896.4046896105
"IT",55,19349.3227547658
"IT",56,20023.7464760164
"IT",57,20454.0979428859
"IT",58,20779.6357597046
"IT",59,21500.6416198739
"IT",60,22141.9779933788
"IT",61,23177.6806473764
"IT",62,23463.7502217402
"IT",63,23930.8207009359
"IT",64,24357.6745440137
"IT",65,24673.4341999848
"IT",66,25138.7021198939
"IT",67,25412.8516719194
"IT",68,25751.5848100833
"IT",69,26123.3813893758
"IT",70,26829.0306050588
"IT",71,27504.4134761222
"IT",72,28585.9625959391
"IT",73,29636.7393626903
"IT",74,30704.4486536046
"IT",75,31576.5138108753
"IT",76,32364.6264874612
"IT",77,33378.9056881145
"IT",78,34374.7646563383
"IT",79,35631.9548372724
"IT",80,36616.4047531789
"IT",81,37410.2139858595
"IT",82,38444.9490950924
"IT",83,39507.0273491891
"IT",84,40555.3639273642
"IT",85,41444.8859562598
"IT",86,42833.6355204134
"IT",87,44513.1511946421
"IT",88,46126.4760376307
"IT",89,47824.3251228754
"IT",90,49160.5305725219
"IT",91,51096.683870021
"IT",92,53578.8567321493
"IT",93,57274.458746062
"IT",94,61705.9685952394
"IT",95,67614.706074626
"IT",96,76856.9979012477
"IT",97,89864.6240972007
"IT",98,120781.047653817
"IT",99,149578.98081295
"IT",99.1,155826.707338681
"IT",99.2,164798.047100806
"IT",99.3,173427.844720672
"IT",99.4,185656.190960739
"IT",99.5,200575.78476142
"IT",99.6,215487.278099203
"IT",99.7,260885.199209295
"IT",99.8,345431.413635376
"IT",99.9,422831.644883799
"IT",99.91,440927.162288264
"IT",99.92,478715.356470267
"IT",99.93,514832.757684852
"IT",99.94,580453.203530809
"IT",99.95,654839.608447055
"IT",99.96,832977.894607978
"IT",99.97,949188.866833052
"IT",99.98,2474706.34301857
"IT",99.99,4973811.29650813
"IT",99.991,5448835.51552098
"IT",99.992,5824324.57951992
"IT",99.993,5933394.41863063
"IT",99.994,5997074.02683403
"IT",99.995,6124541.90051643
"IT",99.996,6725804.04676133
"IT",99.997,8440378.47908359
"IT",99.998,9931359.82965589
"IT",99.999,18116366.736528
