country,gpercentile,income_2020,income_2021,income_2022,income_2023,income_2024,income_2025,income_2026,income_2027,income_2028,income_2029,income_2030,income_2031,income_2032,income_2033,income_2034,income_2035,income_2036,income_2037,income_2038,income_2039,income_2040,income_2041,income_2042,income_2043,income_2044,income_2045,income_2046,income_2047,income_2048,income_2049,income_2050,income_2051,income_2052,income_2053,income_2054,income_2055,income_2056,income_2057,income_2058,income_2059,income_2060,income_2061,income_2062,income_2063,income_2064,income_2065,income_2066,income_2067,income_2068,income_2069,income_2070,income_2071,income_2072,income_2073,income_2074,income_2075,income_2076,income_2077,income_2078,income_2079,income_2080,income_2081,income_2082,income_2083,income_2084,income_2085,income_2086,income_2087,income_2088,income_2089,income_2090,income_2091,income_2092,income_2093,income_2094,income_2095,income_2096,income_2097,income_2098,income_2099,income_2100
IT,0,8099,8127,8154,8188,8222,9265,10440,10957,11499,12026,12576,13143,13735,14413,15208,16048,16626,17224,17864,18527,19154,19823,20516,21230,21946,22646,23369,24111,24876,25674,26187,26710,26913,27112,27312,27513,27721,27912,28104,28292,28481,28678,28877,29073,29270,29474,29667,29861,30070,30280,30500,30708,30918,31150,31385,31626,31869,32120,32373,32631,32891,32975,33059,33091,33086,33080,33032,32983,32912,32861,32810,32826,32843,33037,33232,33518,33806,34023,33960,33898,33898
IT,1,8288,8335,8382,8415,8449,9516,10718,11230,11767,12291,12837,13402,13991,14665,15457,16291,16864,17457,18092,18750,19373,20038,20725,21436,22147,22843,23561,24299,25059,25852,26363,26884,27088,27286,27486,27688,27896,28087,28279,28467,28657,28855,29054,29250,29447,29652,29845,30039,30249,30459,30680,30888,31098,31331,31566,31808,32051,32302,32556,32814,33074,33157,33240,33271,33265,33260,33211,33163,33092,33042,32991,33007,33024,33216,33409,33692,33977,34192,34130,34068,34068
IT,2,8479,8545,8612,8646,8679,9771,10999,11507,12038,12558,13101,13664,14251,14919,15708,16537,17105,17692,18323,18976,19594,20254,20937,21643,22350,23042,23755,24488,25244,26033,26542,27060,27264,27462,27662,27864,28073,28264,28456,28645,28835,29033,29232,29428,29626,29831,30025,30220,30429,30640,30861,31070,31280,31514,31749,31991,32235,32486,32740,32998,33259,33340,33422,33453,33447,33441,33393,33345,33275,33225,33174,33190,33206,33396,33587,33867,34150,34362,34301,34239,34239
IT,3,8673,8758,8845,8879,8912,10028,11283,11786,12312,12829,13368,13928,14512,15177,15961,16786,17349,17930,18556,19204,19817,20473,21151,21853,22555,23242,23951,24680,25431,26216,26722,27238,27442,27640,27841,28043,28251,28442,28635,28824,29014,29212,29412,29609,29807,30012,30206,30402,30612,30823,31044,31254,31464,31698,31934,32176,32420,32672,32926,33184,33445,33526,33606,33636,33630,33624,33577,33529,33459,33409,33360,33375,33391,33579,33768,34045,34324,34534,34473,34413,34413
IT,4,8868,8974,9080,9114,9148,10288,11570,12069,12589,13103,13637,14196,14777,15436,16217,17037,17595,18170,18792,19434,20043,20695,21368,22065,22762,23445,24149,24874,25620,26400,26904,27417,27621,27820,28021,28223,28431,28623,28816,29005,29195,29394,29594,29791,29989,30195,30390,30586,30796,31008,31229,31439,31651,31885,32120,32363,32607,32860,33114,33373,33634,33713,33792,33822,33816,33809,33762,33715,33645,33596,33547,33562,33577,33763,33950,34224,34500,34708,34648,34588,34588
IT,5,9066,9191,9319,9352,9386,10550,11860,12354,12869,13379,13909,14466,15044,15699,16476,17291,17843,18413,19030,19667,20271,20918,21586,22279,22972,23650,24349,25070,25811,26586,27088,27599,27803,28002,28203,28405,28613,28805,28998,29188,29379,29578,29778,29975,30174,30380,30575,30772,30982,31195,31416,31627,31839,32073,32309,32552,32797,33049,33304,33563,33824,33902,33980,34009,34003,33996,33949,33902,33834,33785,33736,33751,33766,33949,34134,34405,34678,34883,34824,34765,34765
IT,6,9266,9411,9560,9593,9626,10816,12153,12643,13152,13659,14184,14739,15315,15964,16737,17548,18094,18658,19270,19903,20501,21144,21807,22495,23183,23858,24552,25268,26004,26774,27274,27783,27987,28186,28386,28589,28797,28989,29183,29373,29564,29763,29964,30161,30360,30567,30762,30959,31171,31383,31605,31816,32029,32263,32500,32743,32988,33241,33496,33755,34017,34093,34170,34199,34192,34185,34139,34092,34024,33975,33927,33941,33956,34138,34320,34588,34858,35061,35002,34944,34944
IT,7,9468,9634,9803,9837,9870,11085,12449,12934,13438,13941,14463,15015,15588,16232,17001,17807,18348,18906,19514,20141,20734,21372,22031,22714,23397,24067,24756,25467,26199,26965,27462,27968,28172,28371,28572,28775,28983,29176,29369,29560,29751,29951,30151,30350,30549,30755,30952,31149,31361,31574,31796,32008,32221,32456,32693,32936,33182,33435,33690,33949,34211,34287,34362,34390,34383,34376,34330,34284,34216,34168,34120,34134,34149,34328,34508,34773,35039,35240,35182,35125,35125
IT,8,9673,9859,10050,10083,10117,11357,12749,13229,13728,14227,14744,15294,15864,16503,17268,18069,18605,19157,19759,20381,20969,21603,22256,22935,23614,24279,24963,25670,26396,27157,27652,28156,28360,28559,28760,28963,29171,29364,29558,29749,29940,30140,30341,30540,30740,30946,31143,31341,31553,31767,31990,32202,32415,32650,32887,33131,33377,33630,33886,34146,34408,34482,34556,34584,34577,34570,34523,34477,34411,34363,34315,34329,34343,34520,34698,34960,35223,35421,35365,35308,35308
IT,9,9880,10087,10299,10333,10366,11632,13053,13528,14020,14516,15028,15576,16143,16778,17538,18334,18864,19410,20008,20624,21207,21837,22485,23158,23832,24493,25172,25874,26596,27352,27844,28345,28549,28749,28950,29153,29361,29554,29749,29940,30132,30332,30533,30732,30932,31139,31337,31535,31748,31962,32185,32397,32611,32847,33084,33329,33575,33828,34084,34344,34607,34680,34753,34779,34772,34765,34719,34673,34607,34560,34512,34526,34540,34715,34891,35149,35409,35605,35549,35493,35493
IT,10,10089,10318,10552,10585,10618,11910,13360,13830,14317,14808,15316,15861,16425,17055,17811,18602,19127,19666,20259,20870,21448,22073,22715,23384,24053,24709,25383,26081,26797,27548,28038,28537,28741,28941,29142,29345,29554,29747,29941,30133,30325,30526,30727,30926,31127,31334,31532,31732,31945,32159,32382,32595,32810,33046,33284,33528,33775,34029,34285,34545,34808,34879,34951,34977,34970,34962,34917,34871,34806,34759,34712,34725,34739,34912,35085,35340,35596,35790,35735,35680,35680
IT,11,10302,10551,10807,10841,10874,12192,13670,14135,14616,15103,15607,16149,16711,17335,18088,18873,19392,19925,20513,21119,21691,22311,22949,23613,24277,24928,25597,26290,27001,27747,28235,28731,28935,29135,29336,29539,29748,29942,30136,30328,30521,30721,30923,31123,31324,31532,31730,31930,32143,32358,32582,32796,33010,33247,33485,33730,33977,34231,34487,34748,35011,35081,35152,35177,35170,35162,35117,35072,35007,34960,34914,34927,34940,35110,35282,35533,35786,35977,35923,35869,35869
IT,12,10517,10788,11066,11099,11132,12477,13984,14444,14919,15402,15901,16441,16999,17618,18367,19147,19660,20187,20770,21370,21938,22553,23185,23844,24503,25150,25813,26501,27207,27948,28433,28927,29131,29331,29532,29736,29945,30138,30334,30526,30719,30920,31122,31322,31523,31731,31930,32131,32344,32560,32784,32998,33213,33450,33689,33934,34181,34436,34692,34954,35217,35286,35355,35379,35372,35364,35319,35274,35210,35164,35118,35131,35144,35312,35480,35729,35978,36167,36113,36060,36060
IT,13,10734,11027,11328,11361,11394,12766,14302,14757,15226,15705,16199,16736,17291,17905,18649,19424,19932,20452,21030,21624,22187,22797,23423,24078,24732,25373,26032,26715,27416,28152,28634,29125,29329,29530,29731,29934,30143,30338,30533,30725,30919,31120,31323,31523,31725,31933,32133,32334,32548,32764,32988,33203,33419,33656,33895,34141,34388,34643,34900,35161,35425,35492,35560,35584,35576,35568,35524,35479,35415,35370,35324,35337,35349,35515,35681,35926,36173,36359,36306,36253,36253
IT,14,10955,11269,11593,11626,11659,13058,14624,15073,15536,16011,16500,17035,17587,18195,18935,19704,20206,20721,21293,21881,22438,23043,23665,24314,24963,25600,26253,26931,27627,28357,28837,29325,29530,29730,29932,30136,30345,30539,30735,30927,31121,31323,31526,31727,31929,32138,32338,32539,32754,32970,33195,33410,33627,33864,34103,34349,34597,34852,35110,35371,35635,35702,35768,35791,35783,35775,35731,35686,35623,35578,35533,35545,35558,35721,35885,36126,36369,36553,36501,36449,36449
IT,15,11178,11515,11862,11895,11928,13354,14950,15393,15850,16321,16805,17337,17886,18488,19224,19988,20484,20992,21559,22142,22693,23293,23909,24553,25197,25829,26477,27150,27840,28566,29043,29528,29733,29933,30135,30339,30548,30743,30939,31132,31326,31528,31731,31932,32135,32344,32545,32747,32962,33179,33404,33620,33837,34075,34314,34561,34809,35064,35322,35584,35848,35913,35978,36001,35992,35984,35940,35896,35834,35789,35744,35756,35768,35929,36091,36329,36568,36749,36698,36647,36647
IT,16,11404,11763,12134,12167,12200,13653,15280,15717,16168,16634,17114,17643,18188,18785,19516,20275,20765,21266,21828,22405,22951,23546,24156,24795,25434,26061,26703,27371,28056,28776,29251,29734,29939,30139,30341,30545,30754,30949,31145,31339,31534,31736,31939,32141,32344,32553,32755,32957,33173,33390,33615,33832,34049,34288,34528,34774,35023,35279,35537,35799,36063,36127,36191,36213,36204,36195,36152,36108,36047,36002,35958,35970,35981,36140,36299,36533,36769,36947,36897,36847,36847
IT,17,11633,12015,12409,12442,12476,13957,15614,16046,16490,16952,17426,17952,18494,19086,19812,20566,21049,21544,22101,22672,23212,23802,24407,25040,25674,26296,26932,27595,28274,28990,29462,29942,30146,30347,30549,30753,30962,31158,31354,31548,31743,31946,32149,32352,32555,32765,32967,33170,33386,33603,33829,34046,34265,34503,34744,34991,35240,35496,35754,36017,36281,36344,36406,36427,36418,36409,36366,36323,36262,36218,36174,36186,36197,36353,36510,36740,36973,37148,37099,37050,37050
IT,18,11865,12270,12688,12721,12755,14264,15952,16378,16816,17273,17742,18266,18804,19390,20111,20860,21337,21825,22376,22941,23476,24061,24660,25288,25917,26533,27164,27822,28496,29205,29675,30152,30357,30558,30760,30964,31173,31369,31566,31760,31956,32158,32362,32565,32769,32979,33182,33385,33602,33820,34046,34264,34482,34722,34962,35210,35459,35716,35974,36237,36502,36563,36624,36644,36635,36626,36583,36541,36480,36437,36393,36404,36415,36569,36723,36950,37179,37352,37303,37255,37255
IT,19,12100,12528,12971,13004,13038,14575,16294,16715,17146,17598,18063,18583,19118,19698,20415,21157,21628,22110,22655,23215,23744,24323,24916,25539,26162,26774,27399,28052,28720,29424,29891,30365,30570,30771,30973,31178,31387,31583,31780,31975,32171,32374,32578,32781,32985,33196,33399,33603,33820,34039,34265,34484,34703,34943,35184,35432,35681,35938,36197,36460,36726,36785,36844,36864,36855,36845,36803,36761,36701,36658,36615,36626,36636,36787,36939,37163,37388,37558,37510,37463,37463
IT,20,12339,12790,13258,13291,13324,14891,16641,17056,17480,17928,18387,18904,19435,20010,20722,21459,21923,22398,22938,23491,24014,24588,25176,25794,26411,27017,27637,28284,28946,29645,30109,30581,30786,30987,31189,31394,31603,31799,31997,32192,32388,32592,32796,33000,33204,33415,33619,33824,34041,34260,34488,34706,34926,35166,35408,35656,35906,36163,36422,36686,36952,37010,37068,37087,37077,37067,37025,36984,36925,36882,36839,36850,36860,37009,37158,37377,37599,37766,37719,37673,37673
IT,21,12581,13055,13548,13582,13615,15211,16993,17401,17819,18262,18716,19229,19757,20325,21032,21764,22222,22690,23224,23771,24289,24857,25439,26051,26663,27264,27878,28519,29176,29869,30331,30799,31004,31205,31408,31613,31822,32019,32217,32412,32609,32812,33017,33221,33426,33638,33842,34047,34265,34485,34712,34932,35152,35393,35635,35883,36134,36391,36651,36915,37181,37237,37294,37312,37302,37292,37251,37209,37151,37109,37067,37077,37087,37233,37379,37595,37813,37977,37931,37886,37886
IT,22,12826,13325,13843,13876,13910,15535,17350,17751,18162,18600,19048,19559,20083,20645,21347,22073,22525,22986,23514,24055,24566,25129,25705,26312,26918,27513,28121,28758,29409,30096,30555,31020,31225,31427,31629,31834,32044,32241,32439,32635,32832,33036,33241,33446,33651,33863,34068,34274,34492,34712,34940,35160,35382,35622,35865,36114,36364,36622,36882,37147,37413,37468,37523,37540,37530,37520,37479,37438,37380,37338,37297,37307,37316,37460,37603,37816,38029,38191,38146,38101,38101
IT,23,13074,13598,14142,14175,14209,15863,17711,18106,18510,18943,19386,19893,20413,20969,21666,22386,22831,23285,23808,24342,24848,25405,25975,26576,27177,27766,28368,28999,29644,30326,30782,31244,31449,31651,31854,32059,32269,32466,32664,32861,33058,33262,33468,33673,33879,34091,34297,34503,34722,34943,35171,35392,35614,35855,36097,36347,36598,36856,37116,37381,37648,37701,37755,37771,37761,37751,37710,37669,37612,37571,37530,37539,37549,37689,37830,38039,38249,38408,38364,38320,38320
IT,24,13327,13874,14445,14478,14512,16197,18077,18466,18863,19290,19727,20231,20747,21297,21989,22704,23142,23588,24105,24633,25133,25684,26248,26844,27438,28022,28619,29244,29883,30559,31012,31471,31676,31878,32081,32286,32496,32694,32893,33089,33287,33492,33698,33903,34109,34322,34528,34736,34955,35176,35405,35626,35849,36090,36333,36583,36835,37093,37354,37619,37886,37938,37990,38006,37995,37985,37944,37904,37848,37807,37766,37775,37784,37922,38061,38265,38471,38627,38584,38541,38541
IT,25,13583,14155,14752,14786,14819,16534,18448,18830,19220,19642,20074,20574,21086,21630,22317,23025,23456,23896,24407,24928,25421,25967,26525,27115,27704,28282,28872,29492,30125,30795,31245,31701,31907,32108,32312,32517,32727,32925,33124,33321,33519,33724,33931,34136,34343,34556,34763,34971,35191,35412,35642,35864,36087,36329,36572,36823,37074,37334,37594,37860,38127,38178,38228,38243,38232,38222,38182,38142,38086,38046,38006,38014,38023,38158,38294,38495,38697,38850,38808,38766,38766
IT,26,13842,14440,15064,15098,15131,16877,18825,19200,19583,19999,20425,20921,21429,21967,22648,23351,23775,24207,24712,25227,25714,26254,26805,27390,27973,28545,29129,29743,30370,31034,31481,31934,32140,32342,32545,32751,32961,33159,33358,33556,33755,33960,34167,34373,34580,34794,35001,35210,35430,35652,35882,36104,36328,36571,36815,37065,37318,37577,37838,38104,38372,38421,38470,38484,38473,38462,38422,38382,38328,38288,38248,38257,38265,38397,38530,38727,38925,39075,39034,38993,38993
IT,27,14106,14729,15380,15414,15448,17225,19207,19575,19950,20362,20781,21273,21777,22308,22985,23681,24099,24523,25022,25530,26011,26545,27090,27668,28245,28812,29390,29998,30618,31276,31720,32171,32376,32578,32782,32987,33198,33396,33596,33794,33993,34199,34406,34613,34820,35034,35242,35452,35673,35895,36125,36348,36573,36816,37060,37311,37564,37824,38085,38352,38620,38667,38714,38728,38716,38705,38666,38627,38573,38534,38494,38502,38510,38640,38770,38963,39156,39304,39263,39223,39223
IT,28,14373,15023,15701,15735,15769,17578,19594,19955,20323,20729,21142,21631,22130,22655,23326,24016,24426,24843,25336,25837,26312,26840,27378,27951,28522,29082,29654,30256,30870,31522,31963,32410,32616,32818,33022,33228,33438,33637,33837,34035,34235,34441,34649,34856,35064,35278,35487,35697,35919,36141,36372,36596,36821,37064,37309,37561,37814,38074,38336,38603,38871,38917,38962,38975,38963,38952,38913,38874,38821,38782,38744,38751,38759,38886,39013,39201,39391,39535,39496,39457,39457
IT,29,14645,15321,16028,16062,16096,17936,19987,20341,20702,21101,21509,21993,22488,23006,23671,24356,24759,25168,25654,26149,26617,27139,27671,28237,28802,29357,29922,30518,31126,31772,32209,32653,32859,33061,33265,33471,33682,33881,34081,34280,34480,34687,34895,35102,35311,35526,35735,35946,36168,36391,36622,36847,37073,37316,37562,37814,38067,38328,38590,38857,39126,39170,39214,39226,39214,39202,39164,39125,39073,39035,38997,39004,39011,39135,39259,39444,39629,39770,39732,39694,39694
IT,30,14921,15623,16359,16393,16427,18300,20386,20733,21085,21479,21880,22360,22851,23362,24022,24700,25096,25498,25977,26465,26926,27442,27968,28528,29086,29635,30194,30783,31385,32024,32459,32900,33105,33308,33512,33718,33929,34128,34329,34529,34729,34936,35144,35352,35561,35777,35987,36198,36421,36645,36876,37101,37328,37572,37818,38070,38324,38585,38848,39115,39384,39427,39469,39480,39468,39456,39418,39380,39329,39291,39253,39260,39267,39388,39509,39689,39871,40008,39971,39934,39934
IT,31,15201,15931,16695,16729,16764,18669,20792,21131,21475,21863,22257,22733,23220,23724,24378,25050,25438,25832,26304,26786,27240,27750,28269,28822,29375,29917,30469,31053,31648,32281,32712,33150,33355,33558,33763,33969,34179,34379,34581,34780,34981,35189,35397,35606,35815,36031,36242,36454,36677,36902,37134,37360,37587,37831,38078,38330,38585,38846,39110,39377,39647,39687,39728,39738,39726,39714,39676,39638,39588,39551,39513,39520,39526,39644,39763,39939,40116,40250,40214,40178,40178
IT,32,15486,16243,17037,17071,17105,19044,21203,21534,21871,22252,22640,23112,23593,24091,24739,25404,25785,26171,26637,27111,27559,28062,28574,29121,29667,30203,30749,31326,31914,32541,32969,33403,33609,33812,34017,34223,34434,34634,34836,35036,35237,35445,35654,35863,36073,36289,36501,36714,36937,37163,37395,37622,37849,38095,38341,38595,38849,39111,39375,39643,39913,39952,39991,40000,39987,39975,39938,39901,39851,39814,39778,39784,39790,39905,40020,40192,40364,40495,40460,40425,40425
IT,33,15776,16560,17384,17418,17453,19425,21621,21944,22272,22647,23029,23496,23973,24463,25105,25764,26137,26515,26974,27441,27882,28378,28884,29425,29964,30494,31033,31604,32185,32805,33230,33661,33867,34070,34275,34481,34692,34893,35095,35295,35497,35705,35915,36124,36335,36552,36764,36977,37202,37427,37660,37888,38116,38362,38609,38863,39118,39380,39644,39913,40183,40220,40258,40266,40253,40240,40203,40167,40118,40082,40046,40051,40057,40169,40281,40448,40616,40744,40710,40677,40677
IT,34,16070,16883,17736,17771,17806,19812,22045,22360,22680,23049,23423,23886,24358,24841,25477,26130,26494,26864,27317,27776,28210,28700,29199,29733,30266,30789,31321,31885,32460,33073,33495,33922,34128,34332,34536,34743,34954,35155,35358,35559,35761,35970,36179,36389,36601,36818,37031,37245,37470,37696,37929,38157,38387,38633,38881,39135,39391,39653,39918,40186,40457,40493,40528,40535,40522,40509,40473,40437,40389,40353,40318,40323,40328,40437,40546,40709,40872,40997,40964,40931,40931
IT,35,16369,17211,18095,18130,18165,20206,22476,22783,23095,23457,23824,24282,24749,25224,25855,26501,26857,27219,27664,28117,28543,29027,29518,30046,30572,31088,31614,32171,32739,33346,33764,34187,34394,34597,34802,35009,35220,35422,35625,35826,36029,36238,36448,36659,36870,37088,37302,37517,37742,37969,38203,38432,38662,38908,39156,39411,39667,39930,40195,40464,40735,40769,40803,40809,40796,40783,40747,40711,40664,40629,40594,40599,40604,40709,40815,40973,41132,41254,41222,41190,41190
IT,36,16674,17544,18460,18495,18530,20606,22914,23213,23516,23871,24231,24685,25146,25614,26238,26878,27226,27579,28017,28463,28882,29358,29843,30364,30883,31393,31911,32462,33023,33622,34037,34457,34663,34867,35072,35279,35490,35692,35896,36098,36301,36510,36721,36932,37144,37362,37577,37792,38019,38246,38481,38710,38941,39188,39437,39692,39948,40212,40477,40747,41018,41050,41082,41088,41074,41060,41025,40990,40943,40909,40874,40879,40883,40986,41088,41242,41396,41514,41484,41453,41453
IT,37,16983,17883,18831,18866,18902,21013,23360,23650,23944,24292,24645,25093,25550,26010,26628,27260,27601,27945,28376,28814,29226,29695,30172,30687,31199,31702,32213,32757,33310,33903,34315,34731,34937,35141,35347,35554,35765,35967,36171,36374,36578,36787,36998,37210,37423,37641,37856,38073,38300,38528,38763,38993,39224,39472,39721,39977,40234,40498,40764,41034,41305,41336,41366,41370,41356,41342,41307,41273,41227,41193,41159,41163,41167,41267,41366,41515,41665,41779,41750,41720,41720
IT,38,17298,18228,19208,19244,19279,21427,23813,24094,24379,24720,25066,25509,25960,26412,27024,27649,27981,28317,28741,29171,29575,30037,30507,31015,31520,32016,32519,33057,33603,34189,34596,35009,35216,35420,35625,35833,36044,36247,36451,36654,36858,37068,37280,37492,37705,37925,38140,38358,38585,38814,39049,39280,39513,39761,40010,40266,40524,40788,41055,41325,41597,41626,41654,41657,41643,41629,41594,41560,41515,41482,41449,41453,41456,41552,41648,41792,41937,42048,42020,41991,41991
IT,39,17619,18579,19592,19628,19664,21848,24274,24546,24822,25155,25493,25931,26376,26821,27426,28045,28368,28695,29111,29533,29930,30385,30848,31348,31846,32335,32831,33362,33900,34479,34883,35292,35498,35703,35909,36116,36328,36531,36735,36939,37144,37354,37566,37779,37993,38212,38429,38647,38875,39104,39340,39572,39805,40054,40304,40561,40819,41084,41350,41621,41894,41920,41947,41949,41935,41920,41886,41852,41809,41776,41744,41747,41750,41842,41935,42074,42214,42322,42294,42267,42267
IT,40,17946,18937,19983,20019,20056,22276,24743,25006,25272,25598,25928,26361,26800,27237,27835,28446,28761,29079,29488,29902,30291,30739,31194,31687,32178,32659,33148,33671,34203,34774,35174,35579,35786,35991,36197,36405,36616,36820,37024,37229,37434,37645,37857,38070,38285,38505,38723,38942,39170,39400,39637,39869,40103,40352,40603,40860,41119,41384,41651,41922,42195,42220,42244,42246,42231,42216,42183,42150,42107,42075,42043,42045,42048,42137,42226,42361,42496,42600,42574,42548,42548
IT,41,18278,19301,20381,20418,20454,22712,25220,25474,25730,26049,26371,26797,27231,27660,28251,28855,29161,29470,29871,30277,30658,31099,31546,32032,32515,32989,33471,33986,34510,35074,35471,35872,36079,36283,36489,36698,36909,37113,37318,37523,37729,37941,38153,38367,38582,38803,39021,39241,39470,39701,39938,40171,40406,40656,40907,41164,41424,41690,41957,42229,42502,42525,42547,42548,42533,42517,42485,42452,42410,42378,42347,42349,42352,42437,42523,42653,42782,42882,42858,42833,42833
IT,42,18617,19672,20787,20824,20861,23157,25705,25950,26197,26507,26821,27242,27669,28090,28674,29271,29568,29868,30260,30658,31032,31465,31904,32382,32858,33325,33799,34307,34823,35379,35772,36169,36376,36581,36787,36996,37207,37412,37618,37823,38029,38241,38454,38669,38884,39106,39325,39545,39775,40007,40244,40478,40714,40964,41216,41474,41734,42000,42268,42540,42814,42835,42855,42855,42839,42824,42791,42759,42718,42687,42657,42659,42660,42742,42825,42949,43074,43170,43146,43123,43123
IT,43,18963,20050,21200,21237,21274,23609,26200,26435,26671,26974,27279,27694,28115,28527,29105,29694,29982,30272,30657,31047,31412,31837,32268,32739,33207,33667,34132,34633,35141,35689,36079,36472,36679,36884,37090,37299,37511,37716,37922,38128,38335,38547,38761,38976,39192,39414,39634,39855,40086,40318,40556,40791,41027,41278,41531,41789,42049,42316,42585,42857,43132,43150,43169,43167,43151,43136,43104,43072,43032,43002,42972,42973,42974,43053,43131,43251,43370,43463,43440,43418,43418
IT,44,19315,20436,21621,21659,21696,24070,26704,26928,27155,27449,27746,28155,28569,28973,29543,30125,30403,30684,31060,31442,31798,32216,32639,33102,33563,34014,34472,34965,35465,36006,36391,36780,36987,37192,37399,37608,37820,38025,38232,38438,38646,38859,39073,39288,39505,39728,39948,40171,40402,40634,40873,41109,41346,41598,41851,42110,42371,42638,42907,43180,43455,43471,43488,43485,43469,43453,43422,43390,43351,43322,43292,43293,43294,43369,43444,43558,43672,43761,43739,43718,43718
IT,45,19674,20829,22051,22089,22127,24540,27217,27432,27647,27933,28221,28623,29032,29426,29989,30563,30832,31103,31471,31844,32192,32602,33017,33472,33925,34368,34818,35303,35795,36327,36708,37094,37301,37506,37713,37922,38134,38340,38547,38754,38962,39176,39390,39606,39824,40047,40269,40492,40724,40957,41196,41433,41671,41923,42177,42436,42698,42966,43235,43509,43784,43798,43813,43809,43792,43776,43745,43714,43676,43648,43619,43619,43620,43691,43762,43871,43979,44064,44044,44024,44024
IT,46,20041,21229,22489,22527,22565,25020,27741,27944,28149,28426,28705,29101,29503,29888,30444,31010,31269,31530,31890,32254,32593,32995,33401,33849,34293,34729,35170,35647,36131,36655,37032,37413,37620,37826,38033,38243,38455,38661,38869,39076,39285,39499,39714,39930,40149,40372,40595,40819,41051,41285,41525,41763,42002,42255,42509,42769,43031,43299,43569,43843,44119,44131,44143,44139,44122,44105,44075,44044,44007,43979,43952,43951,43951,44018,44086,44189,44292,44373,44354,44336,44336
IT,47,20415,21638,22936,22974,23013,25509,28274,28467,28661,28929,29199,29588,29982,30358,30907,31465,31714,31965,32316,32671,33002,33395,33793,34232,34669,35096,35529,35998,36473,36989,37362,37738,37946,38152,38359,38569,38781,38988,39196,39404,39613,39828,40043,40261,40479,40704,40927,41152,41385,41620,41861,42099,42339,42592,42847,43108,43370,43639,43910,44184,44460,44470,44480,44474,44457,44440,44411,44381,44345,44318,44290,44290,44289,44352,44416,44514,44611,44687,44670,44653,44653
IT,48,20796,22056,23392,23431,23470,26008,28819,29001,29183,29441,29702,30084,30471,30838,31378,31928,32168,32409,32751,33096,33419,33803,34192,34624,35051,35470,35895,36355,36822,37329,37698,38070,38278,38484,38692,38901,39114,39321,39530,39738,39948,40163,40379,40597,40817,41041,41266,41492,41726,41961,42202,42442,42683,42936,43192,43453,43716,43986,44257,44532,44808,44816,44824,44817,44799,44782,44753,44724,44689,44662,44636,44634,44633,44693,44752,44844,44936,45008,44993,44977,44977
IT,49,21186,22483,23858,23898,23937,26517,29375,29545,29716,29965,30215,30590,30970,31327,31860,32401,32630,32861,33194,33530,33843,34219,34600,35022,35441,35852,36268,36720,37178,37676,38041,38408,38616,38823,39030,39241,39453,39661,39870,40079,40290,40505,40721,40940,41160,41386,41611,41838,42073,42309,42551,42791,43033,43287,43543,43805,44069,44339,44610,44886,45163,45169,45174,45166,45148,45130,45102,45073,45039,45014,44988,44986,44984,45040,45095,45181,45268,45335,45321,45307,45307
IT,50,21585,22918,24334,24374,24414,27037,29942,30100,30260,30498,30739,31107,31479,31826,32350,32883,33102,33322,33646,33973,34277,34644,35015,35429,35839,36242,36648,37092,37540,38030,38390,38754,38961,39168,39376,39586,39799,40007,40217,40427,40638,40854,41071,41290,41511,41737,41964,42191,42427,42664,42906,43148,43390,43645,43902,44165,44429,44699,44971,45247,45525,45528,45532,45522,45504,45486,45458,45430,45397,45372,45347,45345,45342,45394,45445,45525,45606,45669,45656,45643,45643
IT,51,21993,23364,24820,24861,24902,27569,30521,30668,30815,31043,31274,31634,31998,32335,32851,33376,33583,33792,34107,34424,34719,35077,35439,35844,36246,36639,37036,37471,37911,38392,38747,39106,39313,39521,39729,39939,40152,40361,40571,40782,40993,41210,41427,41647,41869,42096,42323,42552,42788,43026,43269,43511,43755,44011,44268,44531,44796,45067,45340,45616,45894,45895,45896,45886,45867,45848,45821,45794,45762,45738,45713,45711,45708,45755,45802,45876,45951,46009,45998,45986,45986
IT,52,22409,23819,25318,25359,25400,28112,31113,31247,31382,31600,31820,32172,32527,32855,33362,33878,34075,34273,34578,34885,35170,35519,35872,36268,36660,37044,37433,37858,38289,38760,39111,39465,39673,39880,40089,40300,40512,40722,40932,41144,41356,41573,41791,42012,42234,42462,42690,42919,43157,43395,43639,43882,44127,44383,44641,44905,45171,45442,45716,45993,46271,46270,46268,46256,46238,46219,46192,46165,46135,46111,46088,46084,46081,46124,46167,46235,46303,46357,46347,46337,46337
IT,53,22836,24285,25827,25868,25910,28668,31718,31839,31961,32169,32377,32721,33069,33385,33884,34391,34577,34763,35058,35356,35631,35971,36313,36701,37084,37459,37837,38254,38675,39137,39483,39832,40040,40248,40456,40668,40881,41090,41301,41514,41727,41944,42163,42384,42607,42835,43065,43295,43533,43773,44017,44261,44507,44764,45023,45287,45554,45826,46100,46377,46657,46653,46648,46635,46616,46597,46571,46544,46515,46492,46470,46466,46462,46500,46539,46601,46662,46712,46703,46695,46695
IT,54,23273,24762,26347,26390,26433,29236,32337,32445,32554,32750,32948,33283,33622,33928,34418,34915,35090,35265,35550,35837,36102,36432,36765,37143,37516,37882,38251,38658,39069,39522,39863,40207,40415,40623,40832,41043,41257,41467,41679,41891,42105,42323,42542,42765,42988,43217,43448,43679,43918,44158,44403,44649,44896,45153,45412,45678,45945,46217,46492,46770,47050,47043,47037,47022,47003,46983,46957,46932,46904,46882,46860,46855,46851,46885,46919,46974,47030,47074,47068,47061,47061
IT,55,23720,25251,26881,26924,26967,29818,32970,33065,33160,33345,33531,33857,34187,34482,34963,35451,35614,35777,36052,36329,36583,36903,37227,37595,37959,38314,38673,39071,39472,39915,40251,40590,40799,41007,41216,41428,41641,41852,42064,42278,42492,42711,42930,43154,43378,43607,43839,44072,44311,44552,44798,45045,45293,45551,45811,46077,46344,46618,46893,47172,47452,47443,47434,47418,47398,47378,47353,47328,47301,47280,47259,47254,47249,47278,47308,47357,47405,47445,47440,47435,47435
IT,56,24178,25751,27427,27471,27515,30414,33619,33699,33781,33954,34127,34445,34765,35049,35521,35999,36150,36301,36565,36831,37075,37386,37699,38057,38411,38757,39106,39493,39884,40317,40649,40983,41191,41399,41609,41821,42034,42246,42459,42673,42888,43107,43327,43551,43777,44007,44239,44473,44714,44956,45202,45450,45699,45958,46218,46485,46753,47027,47303,47582,47863,47852,47840,47823,47802,47782,47758,47733,47708,47687,47667,47661,47656,47681,47706,47747,47789,47824,47821,47817,47817
IT,57,24648,26265,27987,28032,28077,31025,34283,34349,34416,34577,34738,35046,35357,35629,36091,36560,36698,36837,37091,37346,37579,37879,38182,38530,38874,39209,39548,39925,40306,40729,41055,41384,41592,41801,42011,42223,42437,42649,42862,43077,43293,43513,43734,43958,44184,44415,44649,44884,45125,45368,45615,45864,46114,46374,46635,46903,47172,47446,47723,48003,48284,48270,48255,48237,48216,48195,48171,48148,48124,48104,48085,48078,48072,48092,48112,48147,48182,48212,48210,48208,48208
IT,58,25131,26791,28561,28607,28653,31651,34963,35015,35067,35215,35364,35662,35962,36223,36676,37134,37260,37386,37629,37873,38095,38384,38676,39014,39347,39673,40001,40368,40738,41150,41471,41794,42003,42212,42422,42635,42848,43061,43275,43491,43708,43928,44149,44375,44602,44833,45068,45304,45547,45790,46039,46288,46540,46800,47062,47330,47600,47875,48152,48433,48715,48698,48681,48661,48639,48618,48595,48572,48550,48531,48512,48505,48498,48514,48529,48557,48585,48609,48609,48609,48609
IT,59,25626,27332,29151,29198,29244,32294,35661,35698,35734,35869,36005,36293,36583,36831,37274,37722,37835,37949,38180,38412,38623,38902,39183,39510,39833,40148,40465,40821,41181,41582,41897,42215,42424,42633,42844,43056,43270,43484,43698,43915,44132,44353,44575,44802,45029,45262,45498,45735,45978,46223,46472,46723,46975,47237,47500,47768,48039,48315,48592,48874,49157,49137,49116,49095,49073,49051,49029,49007,48986,48968,48950,48943,48935,48945,48956,48976,48997,49016,49018,49019,49019
IT,60,26135,27887,29757,29804,29851,32953,36377,36398,36419,36541,36662,36940,37219,37454,37887,38325,38425,38525,38745,38966,39165,39432,39702,40019,40330,40634,40941,41286,41634,42025,42334,42647,42856,43065,43276,43489,43703,43917,44132,44349,44568,44789,45012,45239,45468,45701,45938,46177,46421,46667,46916,47168,47422,47684,47948,48217,48489,48765,49044,49325,49609,49586,49563,49540,49518,49496,49474,49453,49433,49416,49399,49391,49383,49388,49393,49406,49420,49433,49436,49440,49440
IT,61,26658,28457,30379,30427,30476,33631,37113,37117,37122,37229,37337,37603,37871,38094,38517,38944,39030,39116,39324,39533,39720,39976,40234,40540,40841,41133,41428,41762,42099,42478,42783,43089,43298,43508,43719,43932,44146,44361,44577,44795,45014,45237,45460,45688,45917,46151,46390,46630,46875,47121,47372,47625,47880,48143,48408,48678,48950,49227,49506,49789,50073,50047,50021,49997,49974,49951,49931,49910,49891,49876,49860,49851,49842,49842,49842,49847,49853,49861,49866,49871,49871
IT,62,27196,29044,31019,31068,31118,34328,37869,37856,37844,37937,38030,38285,38541,38750,39162,39578,39651,39723,39919,40115,40290,40535,40781,41076,41364,41646,41929,42252,42577,42944,43243,43543,43752,43962,44174,44387,44602,44817,45034,45252,45472,45695,45920,46149,46379,46614,46853,47094,47341,47588,47840,48094,48350,48614,48879,49151,49423,49701,49981,50264,50549,50520,50491,50465,50442,50419,50399,50379,50362,50347,50332,50323,50313,50307,50302,50300,50298,50300,50307,50314,50314
IT,63,27750,29649,31677,31728,31779,35044,38646,38616,38586,38664,38742,38985,39229,39425,39825,40230,40288,40346,40529,40713,40876,41108,41342,41625,41902,42172,42443,42754,43067,43423,43715,44009,44219,44429,44641,44855,45069,45285,45502,45722,45943,46167,46392,46622,46853,47088,47329,47572,47819,48068,48320,48576,48833,49098,49364,49636,49910,50188,50469,50753,51038,51006,50974,50947,50923,50899,50880,50861,50845,50832,50818,50807,50797,50786,50775,50765,50755,50751,50760,50769,50769
IT,64,28320,30271,32356,32408,32460,35782,39445,39397,39350,39412,39474,39704,39936,40117,40507,40900,40943,40987,41157,41328,41477,41698,41919,42190,42455,42712,42971,43270,43571,43914,44200,44488,44698,44909,45121,45335,45550,45767,45984,46205,46427,46651,46877,47108,47340,47576,47819,48062,48311,48560,48813,49071,49329,49595,49862,50135,50409,50689,50970,51255,51541,51506,51471,51441,51417,51393,51375,51357,51342,51329,51317,51305,51294,51278,51261,51242,51224,51214,51225,51236,51236
IT,65,28909,30913,33055,33108,33161,36543,40269,40202,40136,40182,40228,40445,40663,40830,41208,41589,41617,41646,41803,41960,42096,42304,42513,42771,43024,43269,43515,43801,44089,44420,44700,44981,45191,45402,45615,45829,46044,46262,46480,46702,46924,47150,47376,47608,47841,48078,48322,48567,48816,49067,49321,49580,49840,50106,50374,50648,50923,51204,51486,51771,52058,52020,51981,51950,51925,51901,51883,51866,51853,51841,51830,51818,51806,51783,51761,51734,51707,51691,51704,51717,51717
IT,66,29517,31575,33777,33831,33886,37327,41117,41032,40946,40975,41004,41207,41411,41564,41929,42298,42311,42324,42467,42611,42734,42928,43124,43370,43609,43841,44074,44348,44623,44941,45214,45489,45699,45910,46123,46338,46553,46771,46991,47213,47437,47663,47890,48123,48357,48595,48840,49086,49337,49589,49844,50104,50365,50633,50902,51176,51452,51734,52017,52303,52590,52548,52506,52474,52448,52423,52407,52390,52379,52369,52358,52345,52332,52304,52275,52240,52204,52182,52197,52212,52212
IT,67,30144,32259,34522,34578,34634,38136,41993,41887,41781,41793,41804,41993,42183,42320,42673,43029,43026,43023,43152,43281,43390,43571,43753,43986,44212,44431,44651,44911,45173,45477,45744,46012,46222,46434,46647,46862,47077,47296,47516,47740,47964,48191,48419,48653,48888,49127,49374,49622,49873,50126,50382,50644,50907,51175,51445,51721,51998,52280,52563,52850,53139,53093,53048,53013,52988,52962,52946,52931,52921,52912,52902,52889,52875,52840,52805,52761,52716,52687,52704,52721,52721
IT,68,30794,32966,35292,35350,35407,38973,42898,42771,42644,42636,42629,42803,42978,43099,43440,43783,43763,43743,43858,43973,44067,44234,44402,44622,44834,45039,45245,45492,45740,46030,46290,46551,46761,46973,47187,47402,47618,47838,48059,48283,48509,48736,48965,49200,49436,49676,49924,50174,50427,50681,50938,51201,51465,51735,52005,52282,52560,52843,53127,53415,53705,53655,53606,53570,53543,53517,53502,53488,53480,53472,53464,53449,53435,53393,53352,53298,53245,53208,53228,53247,53247
IT,69,31466,33698,36089,36148,36208,39838,43832,43684,43535,43508,43482,43640,43799,43904,44231,44561,44524,44487,44587,44687,44766,44919,45072,45278,45476,45667,45859,46091,46325,46601,46854,47107,47318,47530,47744,47960,48176,48397,48618,48844,49070,49299,49528,49764,50002,50243,50493,50743,50998,51253,51511,51776,52041,52312,52584,52861,53140,53424,53709,53998,54288,54235,54183,54144,54117,54090,54077,54063,54057,54050,54043,54028,54012,53964,53917,53853,53790,53747,53768,53790,53790
IT,70,32163,34457,36915,36976,37037,40734,44800,44628,44457,44410,44363,44505,44648,44735,45049,45365,45310,45256,45340,45424,45488,45626,45764,45956,46140,46316,46493,46711,46930,47191,47436,47682,47893,48106,48320,48537,48753,48974,49197,49423,49651,49880,50110,50348,50586,50828,51080,51332,51588,51844,52103,52370,52637,52909,53181,53460,53740,54025,54311,54601,54892,54835,54778,54738,54710,54683,54670,54657,54653,54647,54642,54625,54609,54554,54500,54426,54353,54303,54327,54351,54351
IT,71,32886,35244,37772,37835,37897,41663,45802,45607,45412,45344,45276,45401,45526,45595,45895,46196,46124,46051,46119,46187,46235,46358,46481,46657,46826,46987,47149,47352,47555,47802,48039,48277,48488,48702,48916,49133,49349,49572,49795,50023,50251,50482,50713,50951,51191,51434,51687,51941,52198,52456,52716,52984,53253,53526,53800,54079,54360,54646,54933,55224,55516,55455,55394,55352,55324,55295,55284,55272,55270,55265,55261,55244,55226,55165,55103,55019,54936,54878,54904,54931,54931
IT,72,33637,36062,38662,38726,38791,42627,46842,46622,46402,46312,46222,46329,46435,46486,46771,47058,46966,46875,46926,46977,47009,47115,47222,47384,47537,47682,47829,48016,48203,48434,48663,48894,49105,49319,49533,49751,49967,50191,50415,50644,50873,51105,51337,51576,51817,52062,52316,52572,52830,53090,53351,53620,53891,54165,54440,54721,55003,55290,55578,55869,56162,56097,56032,55988,55959,55930,55920,55909,55909,55906,55902,55884,55866,55797,55728,55634,55540,55474,55503,55532,55532
IT,73,34419,36913,39587,39654,39721,43629,47922,47676,47430,47317,47204,47291,47378,47410,47680,47951,47840,47729,47763,47797,47811,47901,47992,48137,48274,48403,48533,48704,48875,49089,49311,49533,49744,49958,50174,50391,50608,50832,51058,51287,51518,51751,51984,52225,52467,52712,52969,53226,53486,53747,54009,54280,54553,54828,55104,55386,55669,55957,56246,56539,56833,56763,56694,56647,56618,56588,56579,56569,56571,56569,56568,56548,56529,56453,56376,56271,56166,56092,56123,56155,56155
IT,74,35234,37799,40551,40620,40689,44673,49046,48772,48499,48362,48224,48291,48358,48370,48623,48879,48747,48616,48632,48648,48644,48717,48791,48920,49040,49152,49265,49419,49573,49770,49983,50196,50408,50623,50838,51057,51274,51499,51725,51956,52188,52421,52656,52898,53141,53388,53646,53906,54167,54429,54693,54966,55240,55517,55794,56077,56362,56650,56941,57234,57529,57455,57381,57332,57302,57272,57264,57255,57259,57259,57258,57238,57218,57133,57049,56932,56816,56733,56768,56802,56802
IT,75,36084,38724,41556,41628,41700,45760,50216,49914,49613,49449,49286,49331,49377,49368,49605,49843,49691,49538,49536,49533,49511,49566,49622,49733,49836,49931,50026,50162,50299,50478,50682,50886,51098,51313,51530,51749,51966,52192,52419,52652,52885,53119,53354,53598,53843,54091,54351,54612,54875,55139,55404,55679,55955,56233,56511,56796,57081,57371,57662,57957,58253,58174,58096,58045,58014,57983,57976,57969,57975,57976,57977,57956,57934,57841,57749,57620,57492,57401,57438,57475,57475
IT,76,36973,39690,42607,42681,42756,46897,51438,51105,50774,50583,50393,50415,50438,50407,50627,50848,50674,50499,50477,50455,50414,50450,50487,50581,50665,50742,50819,50937,51055,51216,51410,51605,51817,52033,52250,52469,52687,52914,53142,53376,53611,53846,54082,54327,54573,54823,55085,55348,55613,55878,56144,56421,56700,56978,57259,57544,57831,58122,58415,58710,59007,58924,58841,58787,58755,58723,58717,58712,58720,58723,58725,58703,58680,58579,58478,58337,58196,58096,58136,58177,58177
IT,77,37905,40703,43707,43785,43862,48085,52715,52350,51988,51768,51549,51547,51546,51492,51694,51897,51699,51502,51460,51418,51356,51373,51390,51465,51531,51588,51646,51745,51844,51986,52170,52356,52568,52784,53001,53221,53439,53667,53897,54132,54368,54604,54842,55088,55336,55587,55851,56117,56382,56649,56917,57196,57477,57757,58038,58325,58613,58906,59199,59496,59794,59706,59618,59561,59529,59496,59492,59487,59498,59502,59506,59483,59459,59349,59239,59085,58931,58821,58865,58908,58908
IT,78,38883,41765,44861,44942,45023,49332,54054,53654,53258,53008,52759,52731,52704,52626,52809,52994,52772,52550,52487,52424,52341,52338,52335,52390,52436,52473,52511,52590,52669,52791,52965,53140,53352,53569,53787,54008,54226,54455,54686,54922,55160,55397,55636,55884,56133,56385,56652,56920,57187,57456,57725,58006,58289,58570,58853,59142,59431,59725,60020,60318,60617,60523,60430,60371,60337,60304,60301,60298,60311,60317,60323,60298,60273,60154,60034,59867,59700,59580,59627,59673,59673
IT,79,39912,42883,46075,46159,46243,50642,55458,55023,54592,54309,54027,53972,53917,53814,53978,54142,53895,53649,53563,53478,53372,53348,53324,53359,53383,53400,53417,53475,53533,53634,53798,53962,54174,54392,54610,54831,55050,55280,55512,55750,55989,56228,56468,56717,56968,57222,57491,57761,58030,58301,58571,58855,59140,59423,59707,59997,60288,60583,60879,61178,61479,61380,61281,61219,61185,61150,61149,61147,61163,61170,61178,61152,61126,60997,60868,60686,60505,60374,60424,60475,60475
IT,80,40997,44061,47354,47442,47530,52021,56937,56463,55994,55677,55361,55276,55191,55061,55205,55348,55075,54802,54693,54584,54456,54409,54363,54376,54379,54374,54368,54404,54440,54519,54672,54825,55038,55256,55475,55696,55915,56147,56380,56619,56860,57100,57341,57593,57845,58101,58372,58644,58915,59188,59460,59746,60034,60318,60604,60895,61188,61484,61782,62082,62384,62279,62175,62110,62074,62039,62039,62039,62057,62067,62076,62049,62021,61882,61743,61546,61350,61209,61262,61316,61316
IT,81,42146,45307,48706,48798,48891,53478,58496,57982,57473,57118,56766,56649,56533,56375,56496,56618,56316,56016,55882,55749,55596,55526,55456,55447,55427,55398,55370,55383,55395,55451,55592,55733,55946,56165,56384,56607,56826,57059,57293,57535,57777,58019,58261,58514,58768,59025,59299,59574,59847,60122,60396,60684,60974,61261,61548,61841,62135,62433,62732,63034,63337,63226,63115,63047,63011,62975,62976,62977,62999,63010,63022,62993,62964,62814,62664,62452,62240,62087,62144,62202,62202
IT,82,43364,46629,50140,50236,50333,55022,60147,59589,59037,58642,58250,58099,57949,57761,57860,57958,57627,57298,57138,56979,56800,56705,56611,56577,56533,56480,56427,56415,56404,56435,56563,56692,56905,57125,57345,57568,57787,58022,58258,58501,58745,58988,59232,59487,59743,60002,60278,60556,60831,61108,61384,61675,61967,62255,62545,62839,63135,63434,63735,64038,64343,64225,64108,64037,64000,63962,63965,63968,63993,64006,64020,63990,63959,63797,63636,63407,63180,63014,63076,63137,63137
IT,83,44660,48035,51664,51766,51868,56662,61899,61295,60696,60259,59824,59636,59449,59229,59303,59378,59015,58655,58468,58281,58075,57954,57833,57774,57704,57625,57547,57509,57471,57476,57592,57707,57921,58141,58362,58586,58805,59042,59279,59524,59770,60014,60260,60517,60775,61035,61315,61595,61873,62152,62429,62723,63019,63309,63600,63896,64194,64495,64797,65102,65408,65284,65160,65085,65046,65008,65013,65017,65045,65061,65077,65045,65013,64839,64666,64419,64174,63996,64062,64127,64127
IT,84,46046,49537,53292,53399,53507,58412,63766,63111,62463,61979,61498,61270,61042,60789,60837,60886,60490,60097,59880,59665,59430,59281,59132,59046,58949,58842,58736,58671,58606,58583,58685,58786,59000,59221,59443,59667,59887,60125,60364,60611,60859,61105,61352,61611,61871,62134,62416,62700,62980,63261,63541,63838,64136,64428,64721,65019,65319,65622,65925,66232,66540,66408,66277,66198,66159,66119,66126,66132,66164,66182,66200,66166,66133,65946,65760,65495,65231,65039,65109,65179,65179
IT,85,47533,51148,55037,55151,55265,60286,65764,65054,64352,63817,63287,63014,62743,62452,62473,62494,62063,61635,61387,61141,60875,60696,60517,60403,60276,60141,60005,59911,59816,59764,59850,59937,60151,60373,60595,60821,61041,61281,61521,61770,62020,62268,62517,62779,63041,63306,63591,63878,64160,64444,64726,65026,65328,65622,65917,66218,66519,66824,67129,67437,67747,67608,67469,67386,67345,67305,67313,67322,67357,67377,67398,67362,67327,67127,66927,66642,66359,66152,66227,66302,66302
IT,86,49137,52884,56918,57038,57159,62303,67911,67141,66381,65790,65205,64884,64565,64235,64227,64218,63749,63283,63002,62723,62423,62212,62002,61857,61699,61532,61365,61239,61113,61029,61100,61170,61385,61607,61831,62057,62278,62519,62761,63013,63265,63515,63766,64030,64295,64561,64850,65140,65426,65712,65996,66300,66605,66901,67199,67501,67805,68112,68419,68729,69041,68893,68746,68659,68617,68575,68586,68596,68635,68658,68682,68644,68607,68392,68178,67871,67567,67344,67424,67505,67505
IT,87,50876,54767,58955,59083,59212,64486,70231,69396,68571,67920,67275,66900,66528,66156,66115,66075,65565,65058,64741,64426,64091,63846,63601,63423,63231,63030,62830,62669,62510,62392,62445,62499,62714,62937,63161,63388,63610,63853,64097,64351,64606,64858,65110,65377,65645,65914,66206,66500,66789,67078,67364,67672,67980,68279,68579,68884,69190,69499,69809,70121,70434,70277,70121,70030,69986,69943,69956,69969,70012,70038,70064,70025,69985,69755,69525,69196,68868,68629,68714,68800,68800
IT,88,52775,56820,61176,61314,61451,66864,72754,71847,70951,70233,69521,69087,68655,68236,68161,68087,67532,66982,66626,66272,65898,65615,65334,65120,64891,64653,64417,64220,64023,63868,63903,63938,64153,64378,64603,64831,65053,65298,65545,65801,66059,66313,66567,66837,67107,67379,67676,67974,68265,68558,68847,69158,69471,69772,70075,70382,70691,71002,71314,71628,71944,71778,71612,71515,71470,71426,71441,71456,71504,71533,71563,71521,71479,71231,70984,70630,70278,70020,70112,70203,70203
IT,89,54863,59078,63617,63764,63912,69473,75518,74531,73556,72762,71976,71475,70977,70507,70394,70282,69679,69081,68682,68286,67870,67546,67224,66971,66703,66425,66148,65911,65674,65480,65494,65508,65724,65950,66176,66405,66628,66875,67124,67383,67644,67900,68157,68430,68703,68978,69279,69581,69876,70172,70464,70780,71097,71401,71707,72017,72329,72642,72957,73273,73591,73414,73238,73136,73090,73043,73061,73079,73132,73165,73197,73153,73109,72842,72577,72196,71817,71539,71637,71735,71735
IT,90,57182,61583,66322,66482,66642,72361,78572,77494,76431,75552,74682,74105,73532,73005,72851,72697,72041,71390,70945,70502,70040,69671,69304,69008,68696,68374,68053,67772,67492,67252,67244,67236,67453,67679,67907,68137,68361,68611,68862,69124,69388,69647,69907,70183,70460,70737,71043,71350,71649,71949,72244,72565,72886,73194,73503,73816,74131,74447,74764,75083,75404,75215,75027,74919,74871,74823,74844,74865,74923,74960,74996,74949,74902,74615,74329,73918,73509,73210,73315,73420,73420
IT,91,59785,64392,69355,69528,69702,75594,81983,80803,79639,78662,77696,77031,76372,75782,75582,75382,74666,73957,73460,72966,72451,72033,71617,71273,70912,70541,70171,69841,69511,69223,69190,69157,69374,69602,69831,70063,70287,70540,70793,71060,71327,71589,71851,72131,72412,72693,73004,73317,73620,73924,74223,74548,74876,75187,75499,75816,76134,76453,76773,77095,77419,77217,77016,76902,76851,76801,76826,76850,76914,76955,76995,76945,76895,76585,76277,75833,75391,75067,75180,75293,75293
IT,92,62747,67587,72800,72991,73181,79260,85844,84544,83264,82173,81097,80330,79570,78908,78655,78404,77622,76847,76291,75739,75166,74691,74220,73821,73406,72979,72555,72169,71785,71441,71380,71319,71537,71766,71996,72230,72455,72711,72968,73238,73509,73774,74040,74324,74609,74894,75211,75530,75838,76147,76450,76781,77114,77429,77746,78066,78388,78711,79034,79360,79687,79471,79255,79133,79081,79028,79056,79084,79155,79201,79246,79192,79139,78803,78469,77988,77509,77157,77279,77402,77402
IT,93,66178,71284,76783,76994,77205,83490,90286,88846,87429,86204,84997,84108,83229,82483,82171,81860,81002,80152,79529,78910,78271,77732,77196,76737,76258,75769,75282,74832,74385,73978,73885,73792,74010,74241,74473,74708,74934,75194,75455,75729,76005,76274,76544,76832,77122,77412,77736,78062,78375,78689,78997,79335,79675,79995,80316,80641,80967,81293,81621,81950,82281,82048,81816,81685,81630,81575,81607,81640,81719,81769,81820,81763,81705,81340,80977,80453,79932,79548,79681,79814,79814
IT,94,70244,75660,81493,81729,81966,88480,95512,93902,92320,90933,89566,88529,87504,86659,86278,85898,84950,84013,83311,82615,81897,81283,80674,80142,79590,79027,78467,77943,77423,76942,76811,76680,76900,77133,77367,77604,77831,78095,78360,78640,78921,79194,79468,79763,80058,80353,80685,81019,81339,81659,81972,82319,82667,82991,83318,83648,83979,84310,84642,84976,85311,85059,84808,84667,84608,84550,84588,84625,84713,84770,84827,84765,84703,84304,83907,83332,82761,82341,82486,82631,82631
IT,95,75218,81006,87240,87510,87780,94553,101848,100027,98239,96647,95081,93856,92647,91681,91216,90753,89698,88655,87859,87070,86259,85554,84856,84237,83597,82945,82297,81684,81076,80505,80329,80154,80374,80610,80846,81086,81314,81583,81853,82139,82427,82705,82985,83286,83589,83890,84232,84575,84902,85231,85550,85906,86264,86595,86927,87264,87602,87938,88276,88615,88955,88679,88405,88252,88190,88128,88171,88215,88314,88378,88443,88375,88308,87867,87429,86794,86164,85700,85859,86018,86018
IT,96,81595,87849,94582,94899,95216,102286,109882,107783,105724,103861,102031,100556,99102,97982,97412,96846,95656,94481,93566,92661,91732,90914,90103,89376,88625,87861,87104,86379,85659,84977,84745,84513,84734,84973,85212,85455,85685,85960,86237,86531,86827,87112,87398,87708,88019,88327,88682,89037,89374,89712,90039,90408,90778,91117,91457,91802,92147,92490,92835,93181,93528,93223,92919,92750,92684,92618,92668,92719,92832,92906,92980,92906,92831,92339,91850,91139,90434,89915,90092,90269,90269
IT,97,90414,97292,104693,105079,105467,112889,120833,118337,115893,113641,111433,109596,107789,106457,105746,105040,103668,102315,101242,100179,99092,98121,97160,96287,95387,94473,93568,92692,91824,90991,90682,90375,90598,90841,91084,91331,91563,91847,92132,92437,92743,93037,93332,93654,93976,94296,94666,95039,95388,95740,96077,96462,96848,97198,97549,97904,98260,98612,98966,99321,99677,99332,98989,98800,98728,98655,98716,98777,98909,98995,99082,98998,98915,98353,97795,96982,96177,95582,95784,95986,95986
IT,98,104569,112401,120819,121332,121848,129691,138040,134879,131791,128882,126037,123583,121177,119507,118578,117657,116006,114379,113060,111757,110425,109220,108027,106928,105800,104654,103521,102413,101317,100251,99826,99402,99627,99876,100126,100379,100614,100911,101209,101532,101855,102162,102471,102810,103151,103486,103882,104280,104649,105021,105374,105784,106195,106562,106930,107301,107673,108040,108408,108776,109147,108741,108337,108116,108034,107953,108029,108106,108266,108372,108479,108380,108282,107614,106949,105980,105020,104310,104550,104790,104790
IT,99,116882,125505,134763,135399,136037,144134,152714,148954,145287,141782,138361,135345,132394,130432,129321,128219,126335,124479,122955,121450,119914,118511,117124,115837,114517,113178,111855,110552,109264,108004,107480,106959,107186,107440,107695,107953,108191,108500,108809,109145,109483,109802,110122,110476,110831,111180,111597,112016,112403,112790,113158,113589,114021,114401,114783,115168,115554,115932,116312,116692,117074,116617,116162,115916,115826,115736,115826,115915,116099,116222,116345,116235,116125,115367,114614,113513,112423,111617,111888,112160,112160
IT,99.1,120105,128927,138398,139067,139739,147881,156497,152577,148754,145089,141513,138345,135247,133209,132051,130904,128961,127046,125470,123913,122325,120872,119437,118102,116732,115344,113973,112620,111284,109975,109426,108880,109108,109363,109619,109879,110117,110429,110741,111081,111421,111743,112067,112424,112783,113136,113558,113983,114373,114765,115136,115572,116010,116394,116779,117167,117557,117938,118321,118705,119089,118619,118151,117898,117806,117714,117807,117900,118090,118217,118345,118231,118118,117337,116562,115428,114305,113474,113754,114033,114033
IT,99.2,123774,132820,142526,143235,143948,152131,160779,156674,152673,148823,145069,141725,138459,136334,135125,133926,131916,129936,128301,126686,125040,123531,122040,120651,119226,117783,116357,114949,113557,112193,111616,111042,111270,111527,111785,112046,112285,112600,112915,113259,113604,113929,114256,114618,114981,115337,115766,116196,116592,116988,117363,117805,118249,118637,119026,119418,119811,120196,120582,120969,121358,120873,120390,120129,120035,119941,120038,120135,120331,120463,120596,120479,120362,119555,118755,117583,116423,115565,115853,116142,116142
IT,99.3,128023,137323,147299,148056,148816,157034,165706,161385,157176,153109,149147,145598,142133,139910,138640,137383,135296,133241,131539,129858,128145,126571,125017,123566,122079,120572,119084,117612,116158,114730,114121,113515,113744,114003,114262,114525,114765,115083,115402,115750,116100,116429,116759,117126,117494,117855,118290,118728,119129,119531,119910,120359,120810,121202,121596,121992,122390,122779,123169,123560,123952,123451,122951,122682,122585,122488,122589,122690,122895,123032,123170,123049,122928,122093,121263,120048,118846,117956,118255,118554,118554
IT,99.4,133058,142655,152943,153757,154576,162819,171502,166922,162464,158137,153925,150129,146427,144086,142747,141420,139244,137102,135321,133564,131772,130123,128494,126972,125411,123830,122270,120723,119196,117693,117047,116404,116633,116894,117155,117420,117662,117984,118307,118661,119016,119349,119684,120056,120430,120796,121240,121685,122092,122501,122886,123343,123801,124199,124598,125000,125403,125796,126190,126586,126983,126462,125943,125663,125563,125464,125570,125676,125889,126033,126177,126051,125926,125056,124193,122928,121675,120749,121060,121371,121371
IT,99.5,139219,149169,159830,160717,161609,169859,178531,173629,168863,164213,159691,155589,151591,149108,147685,146276,143992,141744,139869,138019,136133,134394,132676,131067,129418,127748,126100,124464,122849,121257,120565,119877,120108,120371,120635,120902,121145,121472,121800,122161,122522,122861,123201,123580,123960,124332,124786,125242,125656,126073,126464,126930,127398,127802,128208,128616,129025,129424,129824,130225,130627,130082,129540,129248,129145,129042,129153,129265,129490,129641,129793,129662,129531,128620,127716,126390,125078,124108,124433,124759,124759
IT,99.6,147116,157506,168629,169614,170604,178825,187441,182123,176955,171885,166959,162457,158075,155409,153881,152368,149950,147570,145577,143610,141606,139753,137924,136206,134446,132665,130907,129159,127434,125729,124981,124237,124468,124734,125001,125271,125516,125849,126184,126552,126922,127267,127614,128002,128391,128770,129236,129704,130129,130554,130953,131432,131912,132324,132738,133154,133571,133976,134383,134791,135200,134626,134054,133747,133639,133531,133651,133770,134008,134169,134331,134192,134054,133092,132137,130735,129349,128322,128666,129011,129011
IT,99.7,158037,169010,180745,181872,183005,191117,199588,193681,187949,182284,176791,171723,166800,163884,162214,160562,157962,155404,153252,151130,148966,146960,144981,143117,141208,139277,137372,135472,133599,131743,130918,130099,130332,130602,130873,131147,131394,131736,132079,132458,132839,133193,133549,133948,134349,134739,135221,135706,136143,136582,136991,137486,137983,138406,138830,139256,139684,140098,140514,140931,141350,140736,140125,139797,139683,139569,139699,139828,140085,140259,140433,140285,140137,139106,138083,136579,135091,133990,134359,134728,134728
IT,99.8,175568,187419,200070,201441,202822,210598,218672,211796,205136,198491,192062,186060,180245,176934,175046,173179,170300,167469,165072,162709,160300,158058,155848,153759,151620,149458,147327,145194,143092,141004,140062,139126,139361,139638,139914,140195,140445,140800,141157,141553,141950,142319,142688,143105,143523,143929,144437,144947,145404,145863,146288,146809,147331,147770,148210,148653,149098,149526,149956,150387,150820,150145,149473,149113,148990,148867,149012,149157,149442,149636,149830,149668,149505,148368,147239,145577,143935,142719,143125,143533,143533
IT,99.9,207864,223129,239514,240700,241892,245187,248528,240284,232313,224389,216735,209594,202687,198620,196199,193808,190294,186844,183872,180947,177963,175150,172381,169715,166978,164122,161314,158460,155657,152837,151477,150129,150276,150474,150672,150878,151050,151336,151623,151956,152289,152598,152908,153267,153627,153979,154439,154901,155309,155718,156098,156525,156954,157301,157649,158004,158360,158705,159051,159415,159780,159008,158241,157815,157639,157463,157566,157669,157897,158024,158150,157904,157657,156484,155319,153659,152017,150706,150818,150930,150930
IT,99.91,248504,269721,292749,293108,293468,287639,281926,272366,263130,254101,245382,237358,229597,224546,221324,218148,213711,209364,205543,201792,197960,194290,190689,187138,183480,179494,175594,171555,167608,163587,161511,159460,159416,159435,159454,159491,159489,159605,159722,159891,160060,160219,160378,160585,160792,161002,161318,161636,161907,162179,162434,162622,162811,162934,163056,163196,163335,163478,163622,163817,164013,163133,162257,161738,161464,161190,161177,161165,161225,161175,161125,160721,160317,159235,158160,156753,155358,154028,153444,152861,152861
IT,99.92,294249,322139,352672,352098,351524,335139,319518,308477,297818,287545,277627,268610,259887,253728,249604,245547,240069,234714,229936,225257,220469,215834,211296,206750,202055,196793,191668,186289,181061,175688,172802,169964,169704,169521,169339,169186,168989,168913,168837,168822,168807,168797,168787,168822,168857,168907,169062,169217,169334,169451,169566,169485,169404,169273,169143,169039,168935,168851,168768,168773,168778,167775,166778,166154,165769,165385,165242,165099,164971,164722,164473,163891,163311,162332,161359,160235,159120,157767,156395,155035,155035
IT,99.93,346572,382073,421211,419565,417926,389236,362516,349781,337493,325798,314508,304356,294531,287107,281949,276884,270216,263708,257836,252094,246215,240473,234866,229182,223300,216575,210053,203137,196448,189528,185715,181979,181471,181058,180646,180274,179854,179558,179264,179038,178812,178608,178404,178243,178081,177949,177919,177888,177829,177769,177724,177334,176944,176524,176104,175722,175340,174996,174653,174440,174228,173085,171949,171204,170693,170183,169891,169599,169256,168779,168302,167517,166736,165874,165017,164218,163422,162043,159766,157521,157521
IT,99.94,407690,452066,501272,498374,495493,452229,412743,398029,383839,370482,357590,346111,335001,326098,319732,313490,305430,297577,290424,283444,276289,269254,262398,255385,248117,239680,231529,222812,214422,205694,200795,196013,195217,194534,193853,193227,192546,191993,191443,190970,190499,190069,189639,189248,188857,188512,188264,188017,187751,187486,187253,186501,185753,184993,184236,183528,182822,182173,181527,181060,180594,179287,177990,177104,176445,175788,175321,174856,174261,173517,172776,171753,170736,170012,169290,168868,168447,167039,163698,160425,160425
IT,99.95,481186,536219,597547,593140,588767,527797,473140,456046,439570,424215,409396,396322,383665,372984,365164,357509,347774,338304,329611,321142,312453,303862,295506,286894,277960,267459,257354,246465,236036,225135,218926,212889,211746,210738,209735,208803,207807,206946,206088,205319,204552,203849,203149,202480,201814,201213,200705,200198,199683,199170,198712,197525,196344,195176,194015,192914,191819,190804,189794,189020,188250,186746,185253,184199,183361,182527,181851,181177,180280,179214,178155,176846,175547,174987,174429,174460,174490,173046,168420,163917,163917
IT,99.96,573412,641805,718357,712057,705812,622448,548930,528850,509504,491642,474405,459329,444732,431819,422175,412746,400909,389411,378784,368448,357834,347287,337052,326434,315409,302313,289761,276139,263159,249530,241674,234066,232487,231072,229664,228348,226959,225709,224466,223324,222187,221142,220102,219085,218074,217151,216315,215482,214655,213832,213092,211357,209636,207954,206286,204691,203108,201633,200167,199009,197857,196105,194368,193102,192040,190985,190045,189110,187833,186363,184905,183237,181583,181230,180877,181475,182074,180583,174333,168299,168299
IT,99.97,697440,783787,880824,871976,863217,749552,650854,626758,603553,582319,561831,544063,526856,510942,498843,487030,472364,458141,444912,432065,418863,405686,392924,379608,365770,349180,333342,316038,299633,282337,272261,262545,260381,258416,256466,254632,252714,250942,249182,247537,245903,244397,242900,241416,239940,238585,237307,236037,234790,233549,232430,229957,227510,225137,222788,220528,218291,216195,214118,212440,210776,208691,206626,205075,203712,202358,201064,199777,197990,195976,193983,191830,189701,189625,189549,190906,192272,190721,182269,174192,174192
IT,99.98,888427,1002405,1131005,1118231,1105602,945045,807805,777524,748378,721950,696456,674542,653318,632782,616901,601418,582396,563976,546739,530029,512840,495610,478959,461489,443321,421341,400451,377466,355800,332856,319354,306400,303334,300523,297737,295108,292374,289796,287240,284821,282423,280206,278007,275801,273612,271591,269633,267689,265794,263912,262207,258596,255035,251594,248199,244913,241671,238616,235600,233122,230670,228071,225501,223511,221684,219872,218030,216204,213630,210777,207961,205061,202202,202552,202902,205424,207976,206331,194457,183267,183267
IT,99.99,1048317,1185419,1340450,1324389,1308520,1108586,939201,903741,869621,838846,809160,783776,759188,734783,715735,697181,674511,652578,631985,612042,591516,570891,550986,530038,508245,481748,456633,428884,402821,375150,358774,343114,339293,335772,332288,328993,325577,322323,319102,316034,312997,310185,307398,304587,301801,299222,296694,294187,291749,289330,287136,282571,278078,273742,269473,265326,261244,257386,253584,250435,247325,244295,241303,238946,236730,234535,232234,229956,226724,223166,219664,216137,212667,213373,214081,217574,221123,219399,204635,190864,190864
IT,99.991,1088957,1231935,1393686,1376789,1360096,1150142,972598,935822,900437,868558,837807,811540,786097,760709,740856,721522,697924,675099,653652,632887,611513,590025,569293,547462,524746,497102,470913,441952,414772,385900,368793,352446,348433,344732,341070,337605,334016,330590,327200,323968,320768,317804,314868,311903,308966,306245,303572,300922,298346,295791,293473,288664,283935,279371,274880,270515,266219,262156,258155,254835,251558,248419,245320,242869,240554,238261,235844,233451,230052,226315,222638,218952,215327,216123,216923,220662,224465,222721,207218,192795,192795
IT,99.992,1134702,1284295,1453609,1435771,1418152,1196914,1010190,971934,935126,902002,870052,842792,816387,789892,769133,748920,724279,700448,678041,656351,634022,611563,589900,567074,543321,514384,486987,456662,428225,398000,380071,362950,358721,354817,350955,347300,343515,339896,336316,332898,329515,326381,323277,320139,317031,314151,311314,308503,305771,303064,300605,295523,290528,285707,280966,276355,271819,267526,263301,259788,256323,253061,249841,247285,244859,242456,239908,237386,233798,229859,225986,222121,218321,219219,220121,224137,228226,226459,210125,194969,194969
IT,99.993,1187025,1344182,1522147,1503233,1484555,1250406,1053188,1013237,974801,940255,906933,878538,851032,823271,801475,780257,754422,729443,705937,683189,659768,636198,613470,589506,564567,534150,505372,473486,443612,411840,392970,374964,370488,366352,362262,358389,354380,350540,346742,343112,339520,336191,332895,329558,326255,323193,320170,317175,314265,311382,308763,303368,298068,292954,287928,283034,278224,273668,269186,265454,261773,258370,255012,252336,249782,247254,244556,241886,238083,233913,229816,225745,221746,222760,223779,228112,232528,230736,213448,197455,197455
IT,99.994,1248143,1414138,1602209,1582038,1562121,1312885,1103415,1061484,1021147,984939,950015,920293,891501,862261,839255,816863,789634,763312,738523,714539,689842,664974,641003,615709,589384,557240,526848,493139,461586,428007,408036,388998,384234,379826,375469,371341,367072,362974,358921,355043,351206,347650,344129,340562,337031,333755,330514,327304,324186,321098,318292,312532,306876,301420,296060,290837,285706,280842,276060,272071,268139,264572,261052,258235,255533,252859,249985,247143,243088,238648,234289,229978,225746,226896,228053,232755,237554,235731,217327,200359,200359
IT,99.995,1321639,1498259,1698483,1676801,1655395,1388009,1163812,1119501,1076878,1038672,1001821,970504,940166,909147,884685,860882,831975,804039,777707,752237,726006,699577,674111,647218,619227,585005,552673,516771,483200,447447,426154,405874,400763,396029,391351,386917,382334,377925,373567,369390,365260,361429,357639,353793,349988,346456,342952,339484,336116,332782,329751,323552,317468,311599,305839,300219,294703,289468,284327,280029,275795,272030,268316,265330,262449,259599,256513,253464,249107,244342,239669,235068,230556,231870,233191,238337,243597,241738,221988,203851,203851
IT,99.996,1413865,1603819,1819293,1795714,1772440,1482269,1239602,1192305,1146812,1106098,1066830,1033511,1001233,967983,941694,916119,885108,855146,826877,799542,771387,742999,715657,686758,656676,619845,585080,546424,510323,471842,448888,427051,421505,416361,411281,406462,401485,396686,391945,387393,382895,378721,374592,370396,366248,362395,358561,354768,351087,347444,344131,337379,330760,324373,318109,311992,305992,300293,294701,290014,285402,281388,277431,274233,271127,268056,264706,261397,256660,251487,246419,241456,236593,238111,239639,245342,251180,249276,227832,208233,208233
IT,99.997,1537893,1745776,1981761,1955631,1929845,1609018,1341527,1290212,1240861,1196775,1154256,1118245,1083357,1047105,1018360,990403,956561,923875,893002,863160,832416,801394,771528,739932,707037,666698,628661,586302,546797,504650,479461,455530,449398,443704,438082,432747,427241,421917,416660,411605,406611,401974,397390,392725,388115,383828,379552,375323,371220,367161,363468,355974,348634,341551,334611,327825,321175,314851,308651,303442,298321,293973,289688,286206,282798,279430,275723,272064,266817,261095,255496,250045,244711,246504,248311,254761,261379,259413,235685,214126,214126
IT,99.998,1728880,1964373,2231942,2201883,2172230,1804172,1498478,1440978,1385685,1336407,1288881,1248724,1209818,1168945,1136416,1104791,1066591,1029711,994826,961124,926393,891314,857564,821813,784588,738846,695770,647707,602964,555169,526539,499385,492351,485809,479353,473222,466901,460769,454718,448887,443131,437782,432497,427108,421786,416834,411875,406975,402222,397524,393246,384608,376159,368002,360023,352204,344555,337267,330133,324119,318215,313352,308564,304642,300769,296944,292687,288491,282457,275890,269475,263272,257211,259428,261665,269263,277083,275023,247761,223201,223201
IT,99.999,2234883,2543517,2894772,2854305,2814404,2321126,1914304,1840417,1769383,1706347,1645556,1594416,1544865,1491748,1449193,1407852,1358103,1310111,1264599,1220669,1175377,1129548,1085507,1038749,990051,929989,873570,810386,751771,689014,651259,615574,606151,597360,588697,580458,571976,563703,555551,547662,539886,532649,525510,518202,510996,504279,497511,490834,484357,477967,472139,460467,449083,438080,427347,416792,406497,396653,387048,378899,370922,364695,358572,353488,348380,343346,337631,332012,323895,315082,306510,298310,290330,293667,297043,307676,318689,316380,279684,247244,247244
