gpercentile,PI,PC,SC1,SC2,SC45k,SC30k,SC15k
0,8063,12355,10222,10222,8894,8449,8004
1,8239,12406,10264,10264,8931,8484,8038
2,8483,12500,10342,10342,8998,8548,8098
3,8806,12722,10526,10526,9158,8700,8242
4,9219,12913,10684,10684,9296,8831,8366
5,9734,12918,10687,10687,9299,8834,8369
6,10066,13026,10777,10777,9377,8908,8439
7,10066,13409,11094,11094,9653,9170,8687
8,10066,13517,11183,11183,9731,9244,8758
9,10066,13528,11193,11193,9739,9252,8765
10,10066,13700,11335,11335,9862,9369,8876
11,10066,13793,11411,11411,9929,9432,8936
12,10070,13825,11438,11438,9952,9454,8957
13,10088,14108,11672,11672,10156,9648,9140
14,10129,14192,11742,11742,10217,9706,9195
15,10204,14234,11777,11777,10247,9734,9222
16,10280,14483,11982,11982,10426,9904,9383
17,10346,14615,12092,12092,10521,9995,9469
18,10943,14739,12194,12194,10610,10080,9549
19,11072,14777,12225,12225,10637,10105,9574
20,11706,14952,12370,12370,10763,10225,9687
21,11949,14976,12390,12390,10780,10241,9702
22,12376,15241,12609,12609,10971,10423,9874
23,12787,15247,12614,12614,10976,10427,9878
24,12950,15603,12909,12909,11232,10670,10109
25,13264,15638,12938,12938,11257,10694,10131
26,13578,15710,12997,12997,11309,10743,10178
27,13952,15735,13018,13018,11327,10761,10194
28,14155,16038,13269,13269,11545,10968,10390
29,14773,16096,13317,13317,11587,11008,10428
30,14774,16130,13345,13345,11611,11031,10450
31,15373,16579,13716,13716,11934,11338,10741
32,15885,17166,14202,14202,12357,11739,11121
33,16403,17741,14678,14678,12771,12132,11494
34,16672,17981,14876,14876,12944,12297,11650
35,16975,18308,15147,15147,13179,12520,11861
36,17273,18405,15228,15228,13249,12587,11924
37,17390,18599,15388,15388,13389,12719,12050
38,17943,18783,15540,15540,13521,12845,12169
39,17952,18877,15618,15618,13589,12910,12230
40,18066,18948,15676,15676,13640,12958,12276
41,18230,18977,15700,15700,13661,12978,12295
42,18528,19268,15941,15941,13870,13177,12483
43,18908,19442,16085,16085,13995,13296,12596
44,19235,19575,16195,16195,14091,13386,12682
45,19573,19933,16491,16491,14349,13632,12914
46,20240,20639,17076,17076,14857,14114,13372
47,20603,20962,17343,17343,15090,14335,13581
48,21189,21559,17836,17836,15519,14743,13967
49,21528,21839,18068,18068,15721,14935,14149
50,21768,22083,18270,18270,15896,15102,14307
51,22412,22654,18743,18743,16308,15492,14677
52,22820,23105,19116,19116,16632,15801,14969
53,23334,23479,19425,19425,16902,16057,15212
54,23931,24142,19973,19973,17379,16510,15641
55,24434,24619,20368,20368,17722,16836,15950
56,25201,25430,21039,21039,18306,17391,16475
57,25691,25972,21488,21488,18696,17761,16827
58,26042,26230,21701,21701,18882,17938,16994
59,26834,27029,22362,22362,19457,18484,17511
60,27291,27477,22733,22733,19780,18791,17802
61,28314,28430,23521,23521,20466,19443,18419
62,28706,28861,23878,23878,20776,19737,18699
63,29307,29491,24399,24399,21229,20168,19106
64,29878,30067,24876,24876,21644,20562,19480
65,30313,30373,25129,25129,21865,20771,19678
66,30916,30946,25603,25603,22277,21163,20049
67,31298,31160,25780,25780,22431,21310,20188
68,31762,31661,26194,26194,22791,21652,20512
69,32274,32080,26541,26541,23093,21939,20784
70,33208,32971,27278,27278,23734,22548,21361
71,33963,33680,27865,27865,24245,23033,21821
72,35136,34748,28748,28748,25014,23763,22512
73,36259,35780,29603,29603,25757,24469,23181
74,37385,36808,30453,30453,26497,25172,23847
75,38286,37630,31133,31133,27088,25734,24380
76,39123,38332,31713,31713,27593,26214,24834
77,40234,39348,32554,32554,28325,26909,25492
78,41341,40343,33377,33377,29041,27589,26137
79,42754,41622,34436,34436,29962,28464,26966
80,44188,42986,35564,35564,30944,29397,27849
81,45054,43722,36173,36173,31474,29900,28327
82,46200,44761,37033,37033,32222,30611,29000
83,47388,45798,37890,37890,32968,31320,29671
84,48546,46869,38777,38777,33739,32052,30365
85,49526,47722,39482,39482,34353,32636,30918
86,51110,49205,40709,40709,35421,33650,31879
87,53082,50970,42169,42169,36691,34857,33022
88,54932,52408,43360,43360,37727,35841,33954
89,56903,54188,44832,44832,39008,37058,35107
90,59166,56171,46472,46472,40435,38413,36392
91,61412,57965,47957,47957,41727,39640,37554
92,64197,60182,49791,49791,43323,41157,38990
93,68257,63470,52511,52511,45690,43405,41121
94,73062,67272,55656,55656,48426,46005,43584
95,81372,74007,61229,61229,53275,50611,47947
96,91930,82350,68132,68132,59281,56317,53353
97,106906,93351,77233,77233,67200,63840,60480
98,142372,109629,90700,90700,78918,74972,71026
99,188495,132165,109345,109345,95140,90383,85626
99.1,196498,136382,112835,112835,98177,93268,88359
99.2,207642,142080,117548,117548,102278,97164,92050
99.3,218622,146592,121282,121282,105527,100250,94974
99.4,233971,152726,126356,126356,109942,104444,98947
99.5,253769,162073,134089,134089,116670,110837,105003
99.6,273212,169039,139853,139853,121685,115601,109517
99.7,329010,195300,161579,161579,140589,133560,126530
99.8,433443,230897,191030,191030,166214,157903,149593
99.9,533963,270750,224003,224003,194903,185158,175413
99.91,557664,280005,231659,231659,201565,191487,181409
99.92,607421,301877,249755,249755,217310,206445,195579
99.93,650913,318864,263809,263809,229539,218062,206585
99.94,731486,352280,291455,291455,253594,240914,228234
99.95,827303,391347,323777,323777,281716,267631,253545
99.96,1049542,483831,400292,400292,348292,330877,313463
99.97,1189405,527268,436230,436230,379561,360583,341605
99.98,3092257,1283055,1061523,1061523,923625,877443,831262
99.99,6214048,2461776,2036725,2036725,1772143,1683535,1594928
99.991,6806632,2664681,2204597,2204597,1918207,1822296,1726386
99.992,7273753,2808137,2323284,2323284,2021475,1920402,1819328
99.993,7418796,2819377,2332583,2332583,2029566,1928088,1826610
99.994,7504041,2795033,2312442,2312442,2012042,1911440,1810838
99.995,7671772,2784259,2303528,2303528,2004286,1904072,1803858
99.996,8440345,2955476,2445184,2445184,2127540,2021163,1914786
99.997,10631953,3525248,2916578,2916578,2537697,2410812,2283928
99.998,12553877,3932719,3253695,3253695,2831021,2689470,2547919
99.999,22234405,2514723,2080531,2080531,1810258,1719745,1629232
