country,gpercentile,income_2025,income_2026,income_2027,income_2028,income_2029,income_2030,income_2031,income_2032,income_2033,income_2034,income_2035,income_2036,income_2037,income_2038,income_2039,income_2040,income_2041,income_2042,income_2043,income_2044,income_2045,income_2046,income_2047,income_2048,income_2049,income_2050,income_2051,income_2052,income_2053,income_2054,income_2055,income_2056,income_2057,income_2058,income_2059,income_2060,income_2061,income_2062,income_2063,income_2064,income_2065,income_2066,income_2067,income_2068,income_2069,income_2070,income_2071,income_2072,income_2073,income_2074,income_2075,income_2076,income_2077,income_2078,income_2079,income_2080,income_2081,income_2082,income_2083,income_2084,income_2085,income_2086,income_2087,income_2088,income_2089,income_2090,income_2091,income_2092,income_2093,income_2094,income_2095,income_2096,income_2097,income_2098,income_2099,income_2100
IT,0,5470,7586,8463,8765,9097,9457,9883,10321,10768,11225,11694,12070,12450,12840,13243,13654,14073,14506,14950,15407,15878,16361,16855,17362,17882,18417,18555,18694,18831,18970,19108,19246,19384,19523,19661,19801,19941,20081,20223,20365,20509,20655,20802,20950,21100,21250,21404,21562,21721,21882,22045,22215,22386,22560,22734,22910,22977,23045,23112,23180,23246,23313,23379,23446,23511,23577,23642,23708,23773,23838,23904,23969,24035,24102,24170,24239
IT,1,5494,7612,8491,8795,9131,9493,9922,10363,10813,11271,11744,12122,12505,12898,13303,13716,14139,14574,15020,15481,15954,16440,16938,17448,17971,18509,18648,18787,18926,19065,19204,19343,19482,19621,19760,19900,20041,20182,20324,20468,20612,20759,20907,21056,21206,21358,21513,21671,21831,21993,22157,22327,22500,22675,22850,23026,23094,23162,23230,23298,23364,23432,23499,23565,23631,23697,23763,23829,23895,23961,24026,24092,24158,24225,24293,24363
IT,2,5518,7638,8520,8827,9165,9529,9961,10404,10857,11318,11794,12175,12561,12955,13363,13780,14204,14642,15092,15556,16032,16520,17021,17535,18061,18602,18742,18882,19021,19161,19301,19440,19580,19720,19860,20001,20142,20284,20427,20571,20717,20864,21013,21163,21314,21466,21622,21781,21942,22105,22270,22441,22615,22790,22966,23143,23212,23280,23348,23416,23484,23552,23619,23685,23752,23819,23884,23951,24017,24083,24149,24216,24282,24350,24418,24488
IT,3,5543,7665,8550,8859,9198,9566,10000,10446,10902,11366,11844,12227,12616,13014,13424,13843,14271,14712,15164,15630,16110,16602,17106,17622,18152,18696,18837,18978,19117,19258,19399,19539,19679,19820,19961,20103,20245,20387,20531,20676,20822,20971,21120,21271,21423,21576,21732,21892,22054,22218,22384,22556,22730,22907,23084,23262,23331,23399,23468,23537,23604,23672,23740,23807,23874,23941,24007,24075,24141,24208,24274,24341,24408,24476,24545,24615
IT,4,5873,7992,8873,9178,9515,9878,10308,10751,11202,11662,12136,12511,12893,13283,13686,14097,14517,14950,15395,15854,16326,16809,17305,17813,18334,18871,19011,19151,19291,19431,19572,19712,19852,19992,20133,20274,20416,20559,20702,20847,20993,21141,21290,21440,21592,21745,21901,22060,22222,22386,22551,22723,22897,23073,23250,23428,23495,23561,23628,23694,23760,23827,23892,23958,24022,24088,24153,24217,24282,24347,24411,24476,24542,24608,24675,24744
IT,5,5948,8069,8952,9258,9596,9961,10393,10836,11290,11751,12227,12603,12986,13377,13782,14194,14615,15049,15495,15955,16428,16913,17410,17920,18442,18980,19121,19262,19402,19543,19684,19825,19965,20106,20248,20389,20532,20675,20819,20965,21111,21260,21410,21561,21712,21866,22023,22183,22346,22510,22676,22849,23023,23200,23377,23556,23623,23690,23757,23823,23889,23955,24021,24086,24151,24217,24282,24346,24411,24476,24541,24606,24671,24737,24805,24873
IT,6,6122,8242,9124,9430,9768,10132,10563,11007,11459,11921,12396,12770,13150,13539,13941,14351,14771,15202,15646,16104,16575,17058,17553,18060,18580,19115,19256,19398,19539,19680,19821,19963,20103,20244,20386,20528,20671,20814,20958,21104,21251,21400,21550,21702,21854,22008,22165,22325,22488,22653,22819,22992,23167,23344,23522,23701,23767,23833,23899,23965,24030,24096,24161,24225,24290,24354,24418,24483,24547,24611,24675,24739,24804,24869,24936,25004
IT,7,6369,8487,9368,9672,10008,10370,10799,11241,11691,12150,12623,12993,13368,13752,14149,14556,14970,15397,15836,16289,16755,17233,17723,18225,18740,19271,19412,19554,19694,19836,19977,20118,20259,20400,20542,20685,20827,20971,21115,21260,21407,21556,21706,21858,22010,22164,22321,22482,22645,22809,22975,23149,23324,23501,23679,23858,23923,23987,24052,24117,24181,24245,24309,24372,24435,24499,24562,24625,24687,24750,24814,24876,24940,25004,25070,25136
IT,8,6737,8852,9728,10029,10359,10718,11142,11578,12024,12478,12945,13306,13673,14049,14438,14835,15241,15659,16089,16533,16991,17459,17940,18432,18938,19458,19600,19741,19881,20022,20164,20304,20445,20586,20727,20869,21011,21155,21299,21443,21590,21739,21888,22039,22191,22345,22502,22662,22824,22988,23154,23327,23502,23678,23856,24035,24096,24160,24222,24285,24346,24408,24470,24532,24593,24654,24714,24775,24836,24897,24958,25018,25080,25142,25205,25270
IT,9,7186,9295,10166,10460,10786,11137,11556,11985,12424,12871,13332,13681,14037,14402,14779,15165,15560,15966,16385,16817,17262,17719,18187,18668,19160,19668,19808,19950,20090,20230,20371,20511,20651,20791,20932,21073,21215,21357,21500,21645,21791,21938,22088,22238,22389,22542,22698,22858,23019,23182,23348,23520,23694,23869,24046,24224,24284,24344,24403,24463,24523,24582,24641,24699,24757,24816,24874,24932,24990,25048,25107,25164,25223,25282,25343,25405
IT,10,7733,9834,10698,10985,11302,11645,12055,12476,12907,13344,13795,14130,14472,14822,15186,15557,15936,16328,16732,17149,17579,18020,18472,18936,19413,19904,20044,20184,20323,20463,20603,20742,20881,21021,21160,21301,21441,21583,21725,21868,22013,22160,22308,22457,22607,22759,22914,23073,23233,23395,23559,23730,23903,24078,24254,24430,24486,24543,24599,24655,24711,24766,24822,24877,24932,24987,25041,25096,25151,25205,25260,25315,25370,25426,25483,25542
IT,11,8196,10292,11150,11431,11741,12078,12482,12896,13319,13749,14193,14517,14847,15186,15537,15897,16264,16645,17036,17441,17859,18287,18727,19178,19641,20119,20258,20398,20537,20676,20816,20954,21093,21231,21371,21510,21650,21791,21933,22076,22220,22365,22513,22661,22810,22961,23116,23274,23434,23595,23758,23928,24101,24274,24449,24625,24678,24732,24785,24838,24891,24944,24997,25049,25101,25153,25205,25257,25308,25361,25413,25464,25517,25570,25625,25680
IT,12,8699,10790,11641,11915,12219,12549,12944,13351,13767,14189,14623,14935,15252,15578,15917,16263,16618,16984,17362,17754,18157,18572,18998,19434,19884,20346,20485,20624,20762,20901,21039,21177,21315,21453,21592,21730,21870,22009,22150,22292,22435,22581,22727,22874,23023,23173,23327,23483,23642,23803,23965,24134,24306,24478,24652,24827,24877,24928,24978,25028,25078,25127,25177,25226,25275,25323,25373,25422,25470,25519,25568,25616,25666,25716,25767,25820
IT,13,9288,11370,12213,12479,12774,13094,13481,13879,14284,14696,15120,15416,15718,16028,16351,16682,17020,17371,17733,18108,18495,18892,19300,19720,20151,20596,20734,20872,21009,21147,21285,21422,21559,21695,21833,21971,22108,22247,22387,22528,22670,22814,22959,23106,23253,23402,23554,23709,23867,24026,24188,24356,24525,24697,24870,25043,25090,25136,25183,25229,25275,25321,25367,25412,25457,25503,25547,25592,25637,25683,25728,25772,25818,25865,25912,25962
IT,14,9869,11945,12780,13037,13324,13636,14014,14402,14797,15199,15613,15894,16180,16475,16783,17098,17421,17756,18102,18460,18830,19211,19602,20005,20419,20846,20983,21120,21256,21393,21530,21667,21802,21938,22074,22211,22348,22485,22625,22764,22905,23048,23192,23338,23484,23631,23782,23937,24093,24251,24411,24578,24746,24917,25088,25261,25304,25346,25389,25431,25474,25516,25557,25599,25641,25682,25724,25765,25806,25848,25889,25930,25973,26015,26059,26104
IT,15,10448,12516,13343,13592,13870,14174,14543,14922,15308,15700,16103,16369,16641,16920,17212,17512,17819,18139,18469,18810,19165,19530,19904,20289,20686,21096,21231,21368,21504,21640,21776,21911,22045,22181,22316,22452,22587,22724,22862,23001,23141,23282,23425,23569,23714,23861,24011,24164,24320,24476,24635,24801,24968,25138,25308,25479,25518,25557,25595,25634,25673,25711,25750,25788,25826,25864,25901,25939,25976,26015,26052,26089,26128,26167,26208,26249
IT,16,10839,12903,13725,13970,14244,14542,14906,15281,15662,16048,16446,16704,16966,17237,17520,17811,18109,18419,18739,19073,19417,19772,20137,20512,20899,21298,21434,21570,21706,21841,21977,22112,22246,22381,22516,22651,22786,22923,23060,23198,23338,23479,23622,23766,23911,24057,24206,24359,24514,24670,24829,24994,25161,25330,25499,25670,25706,25743,25780,25817,25853,25889,25925,25961,25997,26032,26067,26103,26138,26174,26209,26245,26281,26318,26356,26396
IT,17,11144,13205,14026,14268,14539,14834,15196,15567,15945,16328,16723,16974,17230,17495,17772,18056,18349,18653,18967,19294,19632,19980,20339,20707,21087,21479,21616,21752,21887,22023,22159,22293,22428,22562,22697,22832,22968,23104,23241,23379,23519,23660,23803,23947,24091,24237,24387,24539,24694,24851,25009,25174,25341,25510,25680,25851,25885,25920,25955,25990,26025,26060,26094,26128,26162,26196,26230,26264,26297,26332,26365,26399,26434,26469,26507,26544
IT,18,11496,13554,14371,14609,14877,15169,15526,15893,16267,16646,17036,17280,17529,17786,18056,18332,18617,18913,19219,19538,19868,20208,20559,20919,21290,21674,21810,21947,22082,22217,22353,22487,22622,22756,22891,23026,23161,23297,23434,23572,23712,23852,23995,24138,24282,24428,24578,24730,24885,25041,25199,25364,25531,25699,25868,26039,26072,26105,26138,26171,26204,26236,26269,26301,26333,26365,26397,26429,26461,26494,26525,26557,26590,26623,26658,26694
IT,19,11850,13905,14718,14954,15217,15505,15859,16222,16592,16966,17352,17588,17830,18079,18341,18610,18887,19175,19474,19785,20107,20439,20781,21133,21496,21871,22007,22143,22278,22413,22549,22684,22817,22952,23086,23222,23357,23492,23629,23766,23906,24046,24188,24332,24476,24621,24770,24923,25077,25233,25391,25555,25722,25890,26060,26230,26261,26292,26323,26354,26384,26415,26446,26476,26506,26536,26566,26596,26626,26657,26686,26717,26747,26779,26812,26846
IT,20,12190,14242,15053,15285,15545,15829,16180,16540,16905,17276,17658,17887,18121,18364,18618,18880,19149,19431,19722,20026,20340,20665,21000,21343,21698,22065,22201,22338,22472,22608,22743,22878,23012,23146,23281,23415,23550,23685,23822,23959,24099,24239,24381,24524,24668,24814,24963,25114,25269,25424,25582,25747,25913,26081,26250,26420,26449,26478,26507,26537,26566,26594,26623,26652,26680,26708,26736,26765,26793,26821,26849,26878,26907,26936,26968,27000
IT,21,12453,14504,15313,15543,15801,16084,16433,16790,17155,17523,17903,18127,18357,18595,18845,19103,19368,19644,19931,20230,20540,20860,21190,21529,21879,22241,22377,22513,22649,22784,22920,23055,23189,23323,23458,23592,23727,23863,24000,24138,24276,24417,24560,24702,24847,24992,25141,25293,25448,25603,25761,25927,26093,26261,26430,26601,26629,26656,26684,26712,26740,26767,26795,26822,26849,26876,26903,26930,26957,26984,27011,27038,27066,27095,27125,27156
IT,22,12684,14733,15542,15771,16028,16310,16658,17015,17377,17745,18123,18344,18570,18805,19052,19307,19568,19841,20125,20420,20726,21043,21369,21705,22051,22410,22546,22683,22819,22955,23090,23226,23359,23494,23629,23764,23900,24035,24173,24311,24450,24591,24733,24877,25021,25166,25316,25468,25623,25779,25938,26102,26270,26438,26607,26778,26805,26832,26859,26885,26912,26939,26966,26992,27018,27043,27069,27095,27121,27147,27174,27200,27226,27255,27283,27314
IT,23,12941,14989,15796,16024,16280,16560,16906,17261,17622,17988,18364,18581,18804,19034,19277,19527,19784,20053,20332,20623,20926,21238,21559,21891,22233,22587,22724,22861,22996,23132,23268,23404,23539,23673,23808,23943,24079,24215,24352,24490,24630,24771,24914,25057,25202,25347,25497,25650,25805,25961,26120,26285,26452,26621,26791,26962,26987,27012,27038,27064,27089,27115,27140,27165,27190,27215,27239,27264,27289,27314,27339,27364,27390,27416,27444,27473
IT,24,13117,15166,15973,16201,16457,16737,17084,17439,17800,18167,18543,18758,18979,19208,19449,19698,19954,20222,20500,20790,21091,21401,21721,22051,22392,22745,22882,23019,23156,23292,23429,23565,23700,23835,23970,24106,24242,24379,24516,24655,24795,24936,25080,25224,25369,25515,25665,25818,25974,26130,26290,26456,26623,26793,26964,27135,27159,27185,27209,27235,27259,27285,27309,27333,27357,27382,27406,27431,27455,27480,27504,27528,27553,27579,27607,27635
IT,25,13224,15274,16083,16313,16571,16852,17200,17557,17920,18289,18667,18883,19105,19335,19578,19827,20084,20353,20632,20923,21225,21537,21859,22190,22532,22885,23024,23162,23298,23436,23574,23710,23846,23982,24118,24254,24392,24529,24667,24806,24947,25089,25233,25378,25524,25671,25822,25976,26133,26290,26450,26617,26785,26955,27127,27299,27324,27349,27374,27399,27424,27449,27473,27497,27522,27546,27570,27595,27619,27644,27668,27692,27717,27743,27771,27799
IT,26,13426,15476,16284,16514,16772,17054,17402,17758,18121,18489,18867,19081,19301,19529,19768,20016,20271,20538,20814,21103,21404,21713,22033,22362,22701,23053,23191,23330,23467,23605,23743,23880,24016,24153,24289,24427,24564,24701,24840,24980,25121,25264,25408,25553,25700,25847,25999,26153,26310,26468,26628,26795,26965,27135,27307,27480,27504,27528,27552,27577,27601,27625,27649,27672,27696,27720,27743,27766,27790,27814,27838,27861,27886,27911,27938,27965
IT,27,13616,15665,16474,16704,16962,17244,17592,17948,18312,18679,19058,19270,19488,19714,19952,20198,20452,20717,20992,21279,21577,21885,22203,22530,22869,23218,23357,23497,23635,23773,23911,24048,24186,24322,24460,24597,24735,24873,25012,25152,25294,25437,25582,25728,25875,26023,26174,26329,26487,26646,26806,26975,27144,27316,27488,27661,27685,27708,27731,27755,27779,27802,27825,27849,27871,27894,27917,27940,27963,27986,28009,28032,28056,28081,28107,28134
IT,28,14093,16138,16942,17166,17418,17693,18036,18386,18743,19104,19475,19676,19884,20098,20326,20560,20803,21056,21319,21594,21881,22177,22483,22798,23123,23460,23599,23738,23876,24013,24151,24289,24425,24561,24698,24835,24972,25109,25248,25388,25529,25671,25816,25961,26108,26255,26406,26561,26717,26876,27036,27203,27373,27543,27715,27888,27909,27929,27950,27971,27991,28011,28032,28053,28073,28092,28112,28133,28153,28173,28194,28214,28235,28257,28280,28305
IT,29,14579,16619,17417,17636,17882,18151,18487,18832,19182,19536,19900,20090,20285,20489,20705,20928,21159,21400,21652,21915,22190,22474,22767,23069,23381,23706,23845,23983,24120,24258,24395,24532,24667,24803,24940,25076,25213,25350,25488,25627,25767,25910,26054,26198,26344,26491,26642,26795,26952,27109,27269,27436,27604,27774,27946,28118,28135,28153,28171,28189,28206,28224,28242,28259,28277,28294,28311,28328,28346,28363,28381,28398,28417,28436,28457,28478
IT,30,14737,16777,17577,17795,18043,18314,18651,18996,19347,19703,20068,20257,20452,20655,20870,21093,21323,21564,21816,22079,22353,22637,22930,23232,23544,23868,24007,24147,24285,24422,24561,24698,24834,24971,25108,25245,25382,25520,25659,25798,25940,26082,26227,26372,26519,26666,26817,26972,27129,27287,27448,27615,27784,27956,28127,28301,28318,28335,28353,28370,28388,28405,28423,28440,28456,28473,28490,28507,28524,28541,28558,28576,28593,28613,28633,28654
IT,31,15197,17233,18027,18242,18483,18749,19080,19420,19765,20114,20473,20652,20837,21030,21234,21446,21667,21897,22137,22390,22653,22926,23207,23498,23799,24110,24250,24388,24526,24664,24802,24938,25075,25211,25347,25484,25621,25759,25897,26036,26177,26319,26463,26608,26754,26901,27052,27207,27363,27521,27681,27848,28016,28187,28359,28532,28545,28560,28575,28590,28605,28619,28635,28649,28663,28677,28692,28706,28720,28735,28750,28764,28779,28796,28814,28832
IT,32,15206,17245,18043,18261,18508,18777,19113,19458,19807,20161,20525,20709,20897,21095,21304,21521,21746,21982,22227,22485,22753,23031,23318,23614,23920,24238,24378,24519,24657,24796,24935,25073,25210,25348,25485,25623,25761,25900,26039,26180,26322,26465,26611,26757,26905,27053,27205,27360,27518,27677,27839,28007,28178,28349,28523,28696,28711,28727,28742,28759,28774,28790,28805,28820,28835,28850,28865,28880,28895,28911,28926,28942,28958,28975,28994,29013
IT,33,15257,17300,18102,18323,18572,18845,19184,19532,19886,20243,20611,20798,20990,21190,21404,21624,21852,22091,22340,22601,22874,23155,23446,23747,24057,24379,24520,24661,24801,24941,25081,25220,25358,25496,25636,25774,25914,26053,26194,26335,26478,26623,26769,26917,27065,27215,27368,27525,27683,27844,28007,28176,28348,28521,28695,28871,28886,28902,28918,28934,28950,28966,28982,28998,29013,29028,29044,29060,29076,29092,29107,29124,29140,29158,29177,29197
IT,34,15453,17496,18298,18519,18769,19042,19382,19730,20084,20442,20810,20995,21186,21386,21597,21816,22043,22281,22528,22789,23060,23340,23630,23928,24237,24558,24700,24842,24982,25123,25263,25403,25542,25681,25820,25960,26100,26240,26381,26523,26666,26812,26959,27107,27256,27406,27560,27717,27877,28038,28201,28372,28544,28718,28893,29069,29083,29099,29114,29130,29145,29161,29176,29191,29206,29221,29236,29251,29266,29282,29297,29312,29328,29345,29364,29383
IT,35,15543,17588,18392,18617,18869,19145,19488,19838,20195,20557,20928,21115,21308,21509,21723,21944,22174,22414,22664,22926,23200,23483,23775,24077,24389,24712,24855,24998,25139,25281,25422,25563,25703,25843,25983,26124,26264,26405,26548,26690,26835,26981,27130,27279,27429,27580,27735,27893,28054,28216,28380,28552,28725,28900,29076,29254,29269,29284,29300,29315,29331,29347,29362,29378,29393,29408,29423,29438,29453,29470,29485,29501,29517,29534,29553,29573
IT,36,15696,17743,18548,18774,19028,19305,19649,20002,20360,20723,21096,21283,21476,21678,21892,22113,22342,22583,22834,23097,23370,23654,23947,24249,24561,24885,25028,25172,25314,25457,25599,25741,25881,26022,26163,26304,26445,26587,26730,26874,27019,27167,27316,27465,27616,27768,27924,28083,28245,28407,28573,28745,28919,29096,29273,29450,29466,29481,29496,29512,29527,29542,29558,29573,29587,29602,29617,29632,29647,29663,29678,29693,29710,29727,29746,29765
IT,37,16490,18527,19321,19536,19778,20043,20375,20715,21060,21409,21768,21935,22107,22288,22480,22681,22889,23107,23336,23577,23828,24089,24359,24637,24925,25225,25368,25510,25651,25793,25934,26074,26213,26352,26492,26631,26771,26912,27053,27196,27340,27486,27633,27781,27930,28081,28235,28392,28552,28714,28877,29048,29221,29395,29571,29747,29757,29767,29776,29787,29797,29807,29818,29828,29838,29848,29857,29868,29877,29888,29899,29909,29920,29932,29946,29960
IT,38,16620,18659,19455,19672,19916,20183,20517,20860,21207,21559,21920,22087,22260,22442,22636,22837,23047,23267,23497,23739,23991,24254,24525,24805,25095,25396,25540,25683,25825,25967,26109,26250,26391,26531,26671,26812,26953,27094,27236,27379,27524,27670,27819,27968,28119,28269,28425,28584,28744,28907,29071,29243,29417,29592,29769,29946,29956,29966,29975,29986,29996,30006,30017,30027,30037,30046,30056,30066,30076,30087,30097,30107,30119,30131,30144,30159
IT,39,17189,19221,20012,20222,20459,20719,21045,21380,21720,22064,22417,22571,22731,22899,23079,23268,23463,23670,23886,24114,24352,24600,24857,25122,25397,25683,25826,25969,26111,26252,26393,26534,26674,26813,26953,27093,27233,27374,27516,27659,27803,27948,28096,28245,28394,28545,28699,28858,29017,29179,29343,29514,29687,29862,30037,30214,30220,30227,30233,30241,30247,30254,30262,30268,30274,30281,30287,30294,30301,30308,30315,30322,30330,30339,30349,30360
IT,40,17355,19389,20180,20391,20630,20892,21220,21557,21898,22243,22597,22751,22911,23080,23261,23449,23644,23851,24068,24296,24535,24783,25040,25306,25581,25868,26012,26155,26297,26440,26583,26724,26864,27005,27145,27286,27427,27569,27712,27855,28000,28147,28295,28444,28595,28746,28902,29060,29221,29384,29549,29721,29894,30070,30247,30425,30430,30437,30443,30450,30457,30463,30470,30476,30482,30488,30495,30501,30507,30515,30522,30528,30536,30544,30555,30566
IT,41,17706,19738,20528,20737,20973,21233,21559,21892,22231,22574,22925,23073,23228,23390,23565,23747,23937,24137,24348,24570,24803,25044,25295,25555,25823,26103,26247,26391,26534,26677,26819,26961,27102,27242,27383,27524,27665,27807,27950,28093,28239,28385,28534,28683,28834,28985,29141,29300,29461,29624,29789,29962,30135,30312,30489,30667,30671,30675,30680,30685,30690,30695,30699,30704,30708,30713,30718,30723,30728,30733,30738,30743,30750,30756,30765,30774
IT,42,17791,19826,20619,20831,21071,21333,21662,22000,22342,22689,23044,23195,23353,23518,23696,23881,24074,24278,24491,24717,24953,25199,25452,25715,25988,26272,26417,26562,26706,26850,26994,27136,27278,27420,27562,27704,27846,27989,28133,28278,28424,28572,28722,28873,29024,29177,29334,29494,29657,29821,29987,30161,30336,30513,30692,30872,30876,30881,30885,30891,30896,30901,30907,30911,30916,30921,30927,30932,30937,30943,30949,30954,30960,30968,30977,30986
IT,43,18449,20477,21262,21466,21697,21951,22272,22600,22933,23270,23615,23750,23891,24041,24203,24372,24548,24735,24933,25142,25361,25589,25826,26071,26326,26591,26736,26881,27023,27167,27310,27452,27593,27734,27876,28016,28158,28300,28443,28587,28732,28880,29028,29178,29329,29481,29637,29796,29958,30121,30286,30459,30634,30810,30988,31166,31166,31167,31168,31170,31171,31172,31174,31174,31175,31176,31177,31178,31180,31182,31183,31185,31188,31191,31196,31202
IT,44,19092,21113,21890,22087,22310,22555,22868,23188,23512,23839,24175,24295,24420,24555,24701,24855,25015,25188,25369,25561,25764,25976,26196,26424,26662,26909,27053,27198,27340,27483,27626,27767,27907,28048,28188,28328,28469,28611,28753,28896,29041,29187,29335,29484,29634,29785,29940,30099,30260,30422,30586,30758,30932,31107,31284,31462,31458,31455,31452,31449,31447,31445,31442,31439,31436,31434,31431,31428,31426,31424,31422,31420,31419,31419,31420,31422
IT,45,19177,21201,21982,22182,22409,22657,22974,23298,23626,23956,24296,24420,24549,24686,24836,24993,25157,25332,25518,25714,25921,26137,26360,26593,26835,27086,27232,27377,27521,27665,27808,27951,28092,28234,28376,28517,28659,28801,28945,29090,29236,29383,29532,29682,29834,29986,30143,30303,30465,30629,30794,30968,31143,31320,31498,31677,31674,31671,31668,31666,31664,31662,31660,31657,31655,31653,31651,31649,31646,31645,31643,31642,31641,31641,31643,31646
IT,46,19232,21260,22045,22249,22480,22734,23054,23383,23715,24051,24396,24523,24657,24799,24953,25114,25284,25463,25654,25855,26066,26287,26516,26754,27001,27258,27405,27552,27696,27842,27987,28131,28274,28416,28560,28702,28846,28989,29134,29280,29427,29576,29727,29879,30031,30185,30343,30505,30669,30833,31001,31176,31353,31531,31711,31891,31889,31887,31885,31884,31882,31880,31879,31877,31876,31874,31872,31871,31869,31869,31867,31867,31867,31868,31870,31874
IT,47,19477,21506,22291,22496,22727,22981,23303,23631,23965,24301,24646,24772,24903,25043,25196,25356,25523,25701,25889,26089,26299,26518,26745,26981,27226,27482,27630,27777,27923,28069,28215,28359,28503,28646,28790,28934,29078,29222,29368,29514,29663,29812,29963,30116,30269,30424,30583,30745,30909,31076,31244,31419,31597,31776,31957,32138,32135,32132,32130,32127,32125,32123,32121,32118,32116,32113,32111,32109,32107,32106,32103,32102,32101,32101,32103,32106
IT,48,19605,21636,22425,22632,22867,23123,23448,23780,24116,24457,24805,24933,25066,25209,25363,25525,25695,25876,26067,26268,26481,26703,26933,27172,27421,27679,27828,27976,28123,28270,28417,28563,28708,28853,28998,29142,29287,29433,29580,29727,29877,30027,30180,30334,30488,30645,30804,30968,31133,31301,31470,31647,31826,32007,32189,32372,32368,32366,32364,32362,32359,32357,32355,32353,32351,32348,32346,32344,32342,32341,32339,32337,32337,32337,32340,32343
IT,49,19897,21929,22716,22924,23158,23414,23739,24070,24407,24746,25095,25219,25350,25489,25641,25799,25966,26144,26331,26530,26740,26959,27186,27421,27666,27922,28071,28220,28368,28516,28663,28810,28955,29101,29246,29391,29537,29683,29831,29979,30128,30280,30433,30588,30743,30900,31060,31224,31390,31559,31729,31907,32086,32268,32451,32635,32630,32626,32622,32620,32616,32613,32610,32606,32603,32600,32596,32593,32590,32588,32585,32583,32582,32581,32582,32584
IT,50,20033,22067,22859,23069,23306,23565,23893,24228,24567,24910,25262,25389,25521,25662,25816,25977,26147,26327,26517,26719,26931,27152,27382,27621,27869,28127,28278,28428,28577,28726,28875,29022,29168,29315,29462,29608,29755,29903,30052,30201,30352,30505,30659,30815,30971,31129,31291,31456,31624,31793,31965,32145,32325,32508,32692,32878,32873,32869,32866,32863,32860,32857,32854,32850,32847,32844,32840,32838,32835,32833,32831,32828,32827,32827,32827,32830
IT,51,20374,22408,23198,23407,23643,23901,24228,24561,24900,25242,25592,25714,25842,25979,26128,26285,26450,26625,26811,27008,27216,27433,27658,27892,28135,28389,28540,28691,28840,28990,29140,29287,29435,29582,29729,29876,30024,30171,30320,30470,30622,30775,30930,31086,31243,31401,31564,31730,31898,32068,32241,32421,32602,32786,32970,33156,33151,33145,33140,33136,33131,33127,33123,33118,33113,33108,33104,33100,33096,33092,33088,33085,33082,33081,33080,33081
IT,52,20420,22458,23253,23468,23709,23972,24304,24643,24988,25335,25692,25819,25953,26095,26250,26413,26583,26764,26955,27158,27373,27596,27828,28068,28318,28578,28731,28884,29035,29186,29337,29486,29635,29783,29932,30080,30229,30379,30530,30681,30835,30989,31145,31303,31463,31622,31786,31955,32125,32296,32471,32652,32836,33021,33208,33396,33390,33386,33382,33379,33374,33371,33368,33363,33359,33356,33352,33349,33346,33344,33340,33337,33336,33335,33336,33337
IT,53,20924,22958,23749,23959,24197,24456,24783,25118,25458,25800,26152,26270,26394,26526,26672,26825,26986,27157,27339,27532,27736,27949,28171,28401,28640,28890,29042,29195,29346,29498,29649,29798,29947,30096,30244,30393,30542,30691,30842,30994,31147,31301,31458,31616,31775,31935,32099,32267,32437,32609,32783,32965,33148,33333,33520,33708,33700,33693,33687,33680,33674,33668,33662,33655,33649,33643,33637,33631,33625,33620,33615,33609,33605,33602,33600,33599
IT,54,20925,22966,23762,23979,24222,24488,24823,25164,25511,25861,26220,26345,26476,26615,26768,26928,27097,27276,27465,27667,27879,28100,28330,28569,28816,29075,29230,29385,29537,29690,29843,29994,30145,30295,30446,30597,30747,30898,31051,31204,31359,31515,31674,31834,31994,32156,32322,32493,32665,32838,33015,33198,33384,33571,33761,33950,33944,33938,33933,33927,33923,33918,33913,33908,33903,33897,33892,33888,33884,33880,33875,33872,33868,33866,33866,33867
IT,55,21150,23191,23990,24208,24454,24722,25057,25402,25750,26102,26463,26588,26719,26859,27012,27172,27340,27520,27710,27911,28124,28346,28576,28815,29063,29322,29478,29634,29787,29942,30096,30248,30400,30551,30703,30854,31006,31158,31312,31466,31622,31780,31939,32100,32262,32425,32593,32764,32937,33112,33289,33475,33661,33850,34040,34231,34225,34218,34212,34207,34201,34197,34191,34186,34180,34175,34169,34164,34159,34155,34151,34146,34143,34141,34140,34140
IT,56,21218,23265,24068,24291,24542,24815,25157,25506,25861,26219,26586,26716,26852,26997,27156,27321,27495,27681,27876,28084,28302,28530,28767,29013,29268,29534,29691,29848,30004,30159,30314,30469,30622,30775,30928,31082,31235,31389,31544,31700,31858,32017,32179,32341,32505,32670,32839,33011,33187,33363,33543,33730,33919,34110,34301,34495,34489,34483,34479,34474,34469,34464,34460,34455,34450,34446,34441,34437,34433,34430,34426,34423,34420,34419,34419,34420
IT,57,21270,23322,24131,24360,24616,24895,25242,25599,25960,26324,26698,26834,26976,27127,27291,27463,27644,27836,28038,28252,28478,28713,28956,29210,29472,29745,29904,30063,30220,30378,30535,30691,30846,31000,31155,31310,31465,31621,31778,31936,32095,32257,32420,32585,32750,32917,33088,33262,33440,33618,33800,33989,34179,34372,34566,34762,34756,34752,34748,34744,34740,34737,34733,34730,34726,34722,34719,34715,34713,34710,34708,34705,34704,34703,34704,34706
IT,58,21652,23703,24512,24739,24995,25273,25619,25975,26334,26698,27071,27202,27339,27485,27645,27812,27988,28175,28373,28583,28803,29034,29273,29520,29779,30046,30206,30366,30524,30682,30840,30997,31152,31307,31463,31619,31775,31931,32088,32247,32407,32569,32733,32898,33064,33232,33403,33579,33757,33936,34118,34308,34500,34693,34888,35085,35078,35072,35066,35060,35055,35050,35045,35040,35034,35030,35025,35020,35015,35012,35008,35004,35001,34999,34999,34999
IT,59,21819,23873,24685,24917,25176,25457,25808,26167,26531,26898,27276,27409,27549,27698,27860,28031,28210,28400,28600,28813,29037,29271,29513,29764,30026,30297,30459,30620,30779,30939,31098,31256,31413,31570,31727,31884,32041,32199,32358,32518,32679,32843,33008,33175,33343,33512,33685,33862,34041,34223,34406,34598,34791,34987,35183,35382,35375,35369,35363,35358,35353,35348,35343,35338,35333,35327,35323,35318,35314,35311,35307,35303,35300,35299,35299,35299
IT,60,22018,24076,24890,25125,25387,25672,26026,26389,26756,27128,27508,27644,27785,27936,28100,28272,28453,28646,28848,29063,29289,29525,29770,30024,30287,30562,30724,30887,31048,31209,31369,31528,31687,31845,32004,32162,32321,32480,32640,32801,32965,33129,33296,33464,33634,33804,33979,34157,34339,34521,34706,34900,35095,35292,35490,35690,35683,35677,35671,35666,35661,35655,35651,35646,35640,35636,35631,35626,35622,35618,35614,35611,35608,35606,35606,35607
IT,61,22362,24421,25236,25471,25734,26019,26373,26736,27104,27476,27857,27989,28128,28276,28438,28607,28785,28974,29175,29387,29610,29844,30085,30336,30597,30869,31033,31196,31358,31520,31682,31842,32001,32160,32320,32479,32639,32799,32960,33123,33287,33452,33620,33789,33959,34131,34306,34486,34668,34852,35039,35233,35429,35627,35827,36027,36019,36012,36005,35999,35992,35986,35980,35974,35968,35961,35955,35951,35944,35940,35935,35930,35927,35924,35922,35923
IT,62,22464,24527,25348,25588,25857,26148,26508,26877,27251,27629,28017,28154,28298,28452,28619,28794,28978,29173,29379,29597,29827,30067,30315,30573,30841,31119,31285,31450,31614,31778,31941,32103,32265,32425,32587,32748,32909,33070,33234,33398,33564,33732,33901,34072,34245,34418,34596,34777,34962,35148,35336,35533,35731,35931,36133,36336,36329,36322,36316,36310,36305,36299,36294,36288,36283,36277,36272,36268,36263,36259,36255,36251,36248,36246,36246,36246
IT,63,22598,24666,25492,25737,26010,26307,26673,27047,27427,27811,28205,28346,28495,28653,28825,29004,29193,29394,29605,29829,30064,30308,30563,30826,31100,31384,31552,31719,31884,32050,32215,32379,32541,32704,32867,33030,33193,33357,33522,33687,33855,34025,34197,34369,34543,34719,34899,35082,35268,35456,35647,35845,36045,36248,36452,36657,36650,36644,36639,36633,36628,36623,36619,36613,36609,36604,36599,36596,36591,36588,36585,36581,36578,36577,36578,36579
IT,64,22788,24860,25689,25939,26216,26517,26887,27266,27650,28040,28438,28582,28734,28895,29070,29253,29445,29649,29864,30091,30330,30578,30836,31104,31381,31670,31839,32007,32175,32342,32508,32674,32838,33003,33167,33332,33497,33662,33829,33996,34166,34336,34510,34684,34860,35038,35219,35404,35592,35782,35975,36175,36377,36582,36788,36996,36989,36983,36977,36972,36967,36962,36958,36953,36948,36944,36939,36935,36931,36928,36925,36922,36919,36919,36919,36921
IT,65,23265,25337,26165,26413,26689,26988,27357,27734,28117,28504,28901,29039,29184,29339,29507,29684,29870,30067,30276,30497,30730,30972,31223,31484,31755,32036,32206,32376,32544,32712,32880,33046,33211,33376,33541,33707,33872,34038,34205,34374,34544,34715,34890,35065,35242,35419,35602,35788,35977,36167,36361,36562,36765,36970,37178,37385,37377,37369,37361,37354,37347,37340,37334,37327,37320,37314,37308,37302,37296,37291,37286,37280,37277,37274,37273,37273
IT,66,23538,25612,26443,26694,26972,27274,27646,28027,28414,28804,29204,29343,29489,29644,29814,29991,30179,30377,30587,30809,31043,31286,31539,31802,32074,32357,32529,32700,32869,33039,33208,33376,33543,33709,33876,34042,34210,34377,34546,34715,34887,35060,35236,35413,35591,35771,35955,36143,36333,36525,36720,36923,37128,37335,37544,37754,37745,37736,37729,37721,37713,37707,37700,37693,37685,37678,37672,37666,37660,37654,37649,37644,37639,37637,37635,37635
IT,67,24116,26187,27016,27264,27540,27839,28207,28584,28967,29354,29751,29881,30017,30164,30324,30493,30671,30861,31061,31274,31498,31733,31977,32229,32491,32765,32937,33109,33279,33449,33619,33788,33955,34122,34289,34456,34623,34791,34961,35131,35303,35477,35653,35830,36010,36189,36374,36562,36753,36946,37142,37345,37551,37759,37968,38179,38166,38155,38145,38135,38125,38115,38106,38096,38086,38077,38068,38059,38050,38043,38035,38027,38020,38014,38011,38008
IT,68,24255,26332,27167,27421,27703,28007,28383,28768,29157,29551,29955,30090,30233,30385,30552,30727,30911,31106,31314,31533,31764,32005,32256,32516,32786,33067,33241,33415,33587,33759,33932,34102,34271,34440,34610,34779,34949,35118,35290,35463,35636,35813,35991,36171,36351,36534,36720,36911,37105,37300,37498,37704,37912,38122,38335,38548,38536,38526,38516,38507,38497,38489,38480,38471,38462,38453,38445,38437,38429,38422,38415,38408,38402,38397,38394,38392
IT,69,24683,26760,27596,27850,28133,28438,28815,29199,29590,29985,30389,30521,30660,30809,30973,31144,31325,31517,31721,31937,32166,32404,32651,32908,33175,33452,33628,33803,33976,34150,34323,34494,34665,34835,35006,35176,35347,35518,35691,35865,36040,36217,36397,36578,36760,36944,37132,37324,37519,37715,37915,38122,38332,38544,38757,38971,38959,38947,38936,38925,38914,38904,38894,38883,38873,38863,38853,38844,38835,38827,38818,38810,38803,38797,38792,38789
IT,70,25004,27085,27923,28181,28467,28775,29155,29543,29937,30336,30743,30876,31015,31165,31328,31500,31682,31876,32080,32298,32527,32766,33015,33272,33540,33819,33997,34174,34349,34524,34699,34872,35044,35216,35388,35560,35732,35905,36080,36255,36432,36611,36793,36975,37159,37344,37534,37728,37925,38123,38324,38534,38746,38959,39174,39391,39378,39365,39354,39343,39331,39321,39310,39299,39288,39278,39268,39258,39249,39240,39231,39222,39214,39208,39203,39200
IT,71,25338,27422,28263,28524,28813,29125,29507,29899,30297,30699,31110,31243,31383,31533,31697,31870,32052,32247,32452,32670,32901,33141,33391,33650,33919,34199,34378,34557,34734,34911,35087,35262,35436,35609,35784,35957,36132,36306,36482,36659,36838,37018,37202,37386,37571,37759,37951,38146,38345,38545,38748,38960,39174,39389,39607,39826,39811,39799,39786,39774,39763,39752,39740,39729,39718,39706,39696,39686,39675,39666,39658,39648,39640,39633,39628,39624
IT,72,25798,27882,28724,28987,29277,29589,29973,30367,30765,31168,31581,31710,31846,31993,32154,32324,32503,32694,32897,33112,33339,33576,33823,34079,34345,34622,34802,34983,35161,35340,35518,35694,35870,36045,36220,36395,36570,36746,36923,37101,37282,37464,37648,37834,38022,38210,38403,38601,38800,39002,39207,39420,39636,39853,40072,40293,40277,40263,40249,40235,40222,40209,40197,40185,40172,40159,40148,40136,40124,40114,40104,40093,40084,40075,40069,40064
IT,73,26231,28318,29162,29426,29718,30032,30419,30814,31215,31620,32034,32161,32296,32440,32600,32767,32945,33134,33335,33549,33774,34010,34255,34509,34774,35049,35232,35414,35594,35774,35953,36131,36308,36485,36661,36839,37015,37193,37372,37552,37733,37917,38103,38291,38479,38670,38865,39063,39265,39469,39676,39891,40108,40327,40548,40771,40754,40738,40723,40709,40694,40681,40667,40653,40639,40626,40613,40600,40587,40576,40564,40552,40542,40533,40526,40519
IT,74,26688,28777,29623,29888,30182,30498,30887,31283,31686,32093,32510,32635,32766,32909,33066,33232,33407,33595,33794,34005,34229,34463,34706,34959,35222,35496,35679,35863,36045,36226,36408,36587,36766,36944,37122,37300,37479,37658,37838,38020,38203,38389,38577,38766,38956,39148,39345,39546,39750,39955,40163,40380,40599,40821,41044,41268,41250,41232,41216,41201,41185,41170,41155,41140,41125,41110,41096,41082,41068,41056,41043,41031,41019,41009,41000,40993
IT,75,27120,29212,30061,30329,30625,30944,31336,31736,32141,32552,32972,33094,33225,33368,33523,33689,33863,34050,34249,34460,34683,34916,35159,35412,35674,35948,36134,36319,36502,36686,36869,37051,37231,37411,37591,37771,37952,38132,38315,38498,38683,38870,39061,39251,39444,39638,39837,40039,40245,40452,40663,40882,41103,41326,41552,41779,41760,41742,41724,41707,41691,41674,41659,41643,41627,41611,41596,41582,41567,41554,41540,41526,41514,41503,41493,41485
IT,76,27682,29774,30624,30893,31190,31509,31902,32302,32709,33119,33540,33658,33785,33921,34073,34234,34404,34586,34780,34987,35206,35434,35673,35921,36179,36448,36635,36823,37008,37193,37377,37560,37742,37924,38105,38287,38469,38651,38835,39020,39207,39395,39587,39780,39973,40169,40369,40574,40781,40990,41203,41423,41646,41872,42099,42327,42306,42287,42267,42249,42230,42212,42195,42177,42159,42142,42125,42108,42092,42077,42061,42046,42032,42019,42008,41998
IT,77,28158,30253,31106,31377,31677,32000,32395,32799,33208,33623,34046,34164,34288,34424,34575,34734,34903,35084,35278,35484,35702,35931,36168,36416,36673,36941,37131,37320,37507,37694,37881,38066,38250,38433,38617,38800,38984,39168,39354,39541,39730,39921,40114,40309,40505,40703,40905,41111,41321,41532,41747,41970,42195,42423,42652,42884,42861,42840,42820,42800,42780,42761,42743,42724,42705,42687,42669,42651,42634,42617,42601,42585,42570,42556,42544,42533
IT,78,28684,30782,31636,31911,32213,32538,32936,33342,33755,34171,34598,34713,34835,34969,35117,35274,35441,35621,35813,36016,36233,36460,36696,36942,37197,37464,37656,37847,38037,38225,38414,38601,38787,38973,39158,39343,39529,39715,39903,40092,40283,40476,40670,40867,41066,41265,41470,41679,41890,42104,42321,42546,42774,43004,43236,43469,43445,43423,43401,43380,43358,43339,43319,43298,43278,43258,43239,43221,43202,43184,43166,43149,43133,43118,43105,43093
IT,79,29249,31349,32206,32483,32787,33114,33514,33924,34339,34758,35187,35299,35418,35549,35695,35849,36014,36191,36380,36582,36797,37021,37254,37498,37752,38016,38210,38403,38595,38786,38976,39166,39354,39541,39728,39916,40103,40291,40481,40672,40865,41060,41257,41456,41656,41858,42065,42276,42489,42705,42925,43152,43382,43615,43849,44084,44059,44035,44012,43989,43966,43944,43923,43901,43880,43859,43838,43818,43798,43779,43760,43741,43723,43706,43692,43679
IT,80,29699,31804,32666,32948,33257,33590,33996,34411,34831,35257,35692,35805,35927,36060,36206,36364,36530,36710,36902,37106,37324,37551,37788,38034,38291,38558,38754,38951,39144,39338,39532,39723,39914,40104,40294,40484,40674,40865,41057,41250,41446,41644,41843,42045,42248,42453,42662,42876,43093,43312,43534,43765,43997,44233,44471,44710,44684,44659,44635,44612,44588,44566,44544,44522,44500,44478,44456,44437,44416,44397,44377,44358,44340,44323,44308,44294
IT,81,30317,32425,33289,33574,33886,34222,34631,35049,35472,35900,36338,36449,36567,36696,36841,36996,37160,37337,37526,37729,37943,38168,38402,38647,38901,39166,39365,39564,39760,39956,40152,40345,40538,40730,40922,41114,41307,41500,41694,41890,42088,42288,42490,42694,42899,43107,43319,43534,43754,43975,44200,44433,44669,44907,45147,45389,45362,45335,45309,45284,45259,45235,45212,45188,45165,45141,45118,45096,45074,45053,45032,45012,44992,44974,44957,44942
IT,82,30895,33007,33876,34165,34481,34821,35235,35657,36086,36519,36962,37071,37189,37318,37462,37616,37780,37958,38146,38349,38564,38789,39023,39268,39523,39789,39990,40192,40390,40589,40788,40984,41180,41375,41569,41764,41959,42154,42352,42550,42750,42953,43158,43365,43573,43783,43997,44216,44438,44663,44890,45127,45366,45607,45850,46095,46066,46038,46011,45985,45959,45934,45909,45884,45860,45835,45811,45788,45765,45743,45721,45699,45679,45659,45642,45626
IT,83,31586,33701,34573,34865,35184,35527,35944,36369,36801,37238,37684,37790,37904,38030,38171,38322,38483,38658,38844,39043,39256,39478,39711,39953,40206,40469,40673,40877,41078,41280,41480,41679,41878,42074,42272,42469,42667,42864,43064,43265,43468,43673,43881,44090,44301,44513,44730,44952,45177,45404,45635,45874,46116,46361,46607,46855,46824,46794,46765,46737,46709,46683,46656,46629,46602,46576,46551,46525,46501,46477,46453,46430,46408,46387,46368,46350
IT,84,32173,34294,35172,35469,35795,36144,36567,37000,37439,37882,38336,38442,38558,38686,38828,38981,39144,39321,39509,39711,39926,40152,40386,40631,40887,41154,41361,41567,41773,41977,42181,42383,42584,42784,42984,43185,43386,43587,43789,43993,44200,44408,44619,44832,45046,45261,45482,45707,45936,46167,46401,46644,46890,47138,47388,47640,47608,47577,47547,47518,47490,47462,47435,47407,47380,47352,47326,47301,47275,47251,47226,47202,47179,47158,47138,47120
IT,85,32886,35012,35894,36197,36527,36881,37309,37747,38191,38640,39099,39204,39319,39444,39586,39738,39900,40076,40264,40465,40679,40904,41139,41384,41639,41906,42116,42326,42534,42742,42949,43155,43358,43562,43765,43968,44172,44376,44582,44789,44999,45210,45424,45640,45857,46077,46300,46529,46761,46995,47233,47480,47729,47981,48235,48490,48456,48424,48393,48362,48332,48303,48273,48244,48216,48187,48159,48133,48105,48080,48054,48028,48004,47982,47960,47941
IT,86,33539,35672,36561,36871,37209,37570,38006,38453,38905,39362,39829,39936,40053,40181,40325,40480,40645,40823,41015,41219,41438,41666,41905,42153,42413,42683,42897,43111,43323,43535,43745,43954,44162,44369,44576,44783,44990,45198,45408,45618,45831,46046,46265,46484,46705,46928,47156,47389,47625,47864,48106,48356,48610,48867,49125,49385,49350,49317,49284,49253,49222,49191,49162,49132,49102,49073,49045,49017,48990,48963,48937,48910,48885,48862,48841,48821
IT,87,34419,36556,37450,37764,38106,38472,38913,39364,39821,40283,40755,40858,40971,41096,41237,41388,41551,41727,41915,42117,42333,42559,42795,43041,43298,43566,43784,44001,44217,44432,44646,44858,45069,45279,45490,45700,45911,46122,46335,46549,46765,46984,47205,47428,47653,47879,48111,48347,48588,48830,49075,49331,49588,49848,50111,50375,50337,50302,50267,50234,50200,50168,50136,50104,50073,50041,50010,49981,49950,49922,49894,49866,49839,49814,49791,49769
IT,88,35779,37913,38804,39115,39453,39815,40253,40699,41152,41610,42077,42164,42259,42367,42490,42625,42770,42930,43100,43286,43484,43693,43911,44139,44378,44628,44849,45069,45286,45504,45720,45935,46148,46361,46573,46786,46999,47212,47427,47643,47862,48082,48306,48532,48759,48988,49222,49460,49703,49948,50196,50453,50714,50977,51242,51509,51466,51424,51384,51346,51306,51269,51231,51194,51157,51120,51084,51048,51013,50980,50946,50913,50881,50851,50822,50795
IT,89,36728,38869,39767,40084,40430,40799,41244,41698,42159,42625,43100,43185,43280,43386,43509,43643,43788,43947,44118,44303,44501,44710,44929,45158,45398,45648,45873,46098,46320,46542,46763,46982,47199,47416,47633,47850,48067,48284,48503,48724,48946,49172,49400,49630,49862,50095,50334,50577,50824,51074,51327,51590,51855,52123,52393,52665,52621,52577,52535,52494,52453,52413,52374,52334,52295,52257,52219,52182,52146,52111,52075,52039,52006,51974,51944,51915
IT,90,37904,40051,40953,41276,41626,42000,42451,42911,43377,43848,44329,44408,44497,44598,44716,44844,44985,45139,45305,45486,45680,45884,46099,46324,46560,46805,47035,47264,47491,47717,47942,48165,48387,48608,48829,49050,49271,49493,49716,49941,50168,50398,50630,50864,51101,51339,51582,51830,52082,52336,52594,52862,53132,53406,53681,53958,53910,53863,53817,53773,53730,53686,53644,53602,53560,53518,53477,53437,53398,53360,53321,53283,53247,53212,53179,53148
IT,91,39536,41682,42584,42906,43255,43627,44077,44536,45001,45471,45950,46012,46083,46168,46269,46381,46505,46643,46792,46956,47134,47322,47520,47728,47947,48175,48409,48642,48872,49102,49331,49559,49784,50009,50233,50458,50682,50907,51134,51363,51593,51827,52063,52301,52541,52783,53030,53282,53537,53796,54058,54330,54604,54882,55162,55444,55390,55337,55285,55234,55184,55136,55088,55040,54992,54944,54897,54852,54807,54763,54719,54675,54633,54593,54555,54518
IT,92,41477,43621,44520,44839,45185,45553,46000,46455,46917,47382,47857,47896,47945,48007,48086,48176,48277,48393,48521,48663,48818,48984,49159,49344,49539,49745,49982,50219,50454,50688,50921,51151,51381,51609,51838,52065,52294,52522,52753,52986,53220,53456,53697,53939,54182,54428,54679,54935,55195,55457,55724,56000,56279,56562,56846,57132,57069,57009,56950,56892,56835,56778,56723,56667,56612,56557,56503,56450,56398,56348,56296,56245,56197,56149,56104,56060
IT,93,43842,45981,46875,47187,47526,47887,48327,48775,49228,49686,50152,50160,50179,50210,50259,50318,50390,50475,50573,50684,50809,50943,51088,51241,51404,51576,51818,52061,52299,52538,52774,53009,53242,53474,53706,53938,54170,54402,54636,54872,55110,55350,55595,55840,56087,56337,56592,56853,57116,57383,57654,57935,58218,58505,58793,59084,59012,58941,58873,58805,58738,58672,58607,58542,58477,58413,58350,58287,58226,58166,58106,58046,57988,57931,57877,57824
IT,94,46817,48946,49828,50129,50455,50803,51231,51666,52105,52549,52999,52964,52940,52929,52936,52953,52982,53025,53079,53148,53229,53319,53419,53528,53644,53771,54018,54264,54507,54749,54990,55229,55466,55702,55937,56173,56408,56644,56881,57121,57362,57607,57854,58104,58355,58608,58867,59131,59399,59670,59945,60230,60517,60809,61102,61397,61311,61228,61146,61065,60985,60907,60829,60751,60674,60597,60521,60446,60372,60300,60227,60155,60085,60016,59950,59884
IT,95,50718,52829,53692,53972,54278,54603,55009,55420,55836,56253,56677,56580,56494,56422,56366,56321,56288,56269,56261,56266,56283,56309,56343,56386,56436,56494,56746,56996,57243,57489,57734,57977,58217,58456,58695,58934,59172,59411,59652,59894,60138,60386,60636,60889,61144,61400,61662,61930,62201,62476,62754,63043,63335,63631,63928,64227,64123,64021,63920,63822,63724,63628,63532,63436,63341,63247,63154,63062,62970,62880,62791,62701,62614,62528,62444,62362
IT,96,56015,58096,58928,59174,59444,59733,60103,60476,60852,61228,61608,61421,61244,61080,60934,60798,60674,60562,60461,60372,60295,60226,60164,60107,60058,60015,60271,60525,60776,61027,61275,61521,61765,62007,62248,62489,62730,62971,63215,63459,63706,63956,64209,64464,64721,64980,65245,65516,65790,66067,66349,66641,66936,67235,67535,67838,67707,67580,67454,67329,67206,67084,66963,66842,66722,66603,66484,66367,66251,66137,66022,65907,65796,65685,65578,65472
IT,97,64182,66203,66971,67152,67353,67571,67869,68168,68466,68724,68748,68368,68009,67669,67354,67056,66773,66510,66262,66030,65811,65601,65400,65205,65015,64829,65278,65536,65789,66041,66290,66537,66782,67024,67266,67506,67747,67988,68231,68475,68722,68971,69223,69478,69735,69993,70258,70528,70802,71079,71361,71653,71948,72248,72548,72851,72677,72507,72338,72171,72005,71842,71679,71516,71354,71194,71034,70875,70717,70562,70406,70251,70099,69948,69800,69653
IT,98,79222,79793,79986,79531,79032,78479,77926,77290,76561,75728,74784,74424,74077,73746,73431,73127,72832,72545,72266,71991,71720,71447,71169,70884,70591,70288,70752,71234,71733,72252,72791,73350,73933,74539,75172,75791,76023,76255,76488,76723,76959,77199,77442,77687,77933,78181,78436,78696,78960,79228,79500,79782,80068,80358,80648,80941,80683,80428,80174,79924,79674,79427,79181,78935,78691,78447,78205,77965,77725,77488,77251,77014,76780,76548,76319,76091
IT,99,92866,90974,90445,89235,87950,86576,85165,83759,82439,81115,79790,79166,78548,77938,77338,77097,76891,76682,76466,76241,76003,75749,75474,75176,74850,74497,74943,75408,75891,76393,76916,77459,78024,78613,79228,79871,80546,81253,81998,82785,83619,84303,84535,84767,85001,85237,85479,85727,85978,86234,86493,86764,87037,87314,87593,87872,87535,87201,86869,86540,86212,85888,85564,85241,84919,84598,84279,83963,83647,83334,83020,82707,82398,82090,81785,81482
IT,99.1,95739,93254,92558,91175,89708,88257,86892,85527,84160,82788,81416,80775,80141,79513,78894,78278,77662,77440,77254,77057,76845,76611,76354,76069,75753,75405,75848,76309,76788,77287,77806,78345,78906,79491,80102,80741,81410,82112,82853,83633,84459,85335,86217,86449,86682,86917,87158,87405,87656,87910,88169,88439,88712,88988,89266,89545,89191,88841,88494,88150,87807,87468,87129,86790,86453,86118,85784,85451,85120,84793,84464,84137,83812,83489,83170,82852
IT,99.2,99656,96289,95320,93766,92234,90718,89283,87849,86414,84975,83535,82869,82208,81552,80904,80256,79607,78958,78306,78035,77854,77647,77409,77139,76832,76485,76922,77377,77850,78343,78856,79389,79944,80522,81126,81758,82420,83114,83845,84616,85432,86297,87218,88201,88707,88938,89176,89419,89666,89917,90172,90438,90707,90980,91254,91529,91153,90781,90412,90044,89679,89317,88956,88596,88236,87879,87523,87168,86815,86466,86115,85766,85419,85075,84734,84394
IT,99.3,105162,100016,98944,97286,95652,94036,92501,90969,89436,87900,86364,85661,84961,84264,83570,82875,82176,81473,80762,80044,79315,78908,78699,78446,78147,77799,78226,78672,79135,79618,80121,80645,81190,81758,82352,82972,83621,84303,85021,85778,86578,87426,88329,89291,90320,91427,91674,91910,92149,92391,92638,92896,93157,93422,93688,93955,93544,93138,92735,92335,91936,91540,91146,90753,90360,89970,89581,89193,88807,88425,88042,87660,87281,86904,86530,86158
IT,99.4,112545,104777,103568,101777,100010,98263,96599,94939,93279,91617,89957,89211,88463,87714,86965,86209,85444,84671,83883,83083,82266,81427,80564,79988,79707,79361,79774,80206,80656,81125,81615,82124,82654,83208,83786,84390,85023,85687,86385,87121,87899,88724,89600,90534,91532,92605,93786,94965,95219,95449,95683,95927,96175,96425,96677,96930,96473,96020,95571,95124,94679,94238,93797,93358,92920,92483,92048,91616,91184,90757,90329,89901,89476,89054,88636,88218
IT,99.5,122017,110745,109482,107640,105822,104020,102305,100588,98865,97131,95390,94260,93135,92018,91096,90274,89438,88584,87709,86812,85891,84939,83953,82930,81868,81162,81556,81970,82402,82853,83323,83813,84325,84858,85415,85998,86607,87247,87919,88627,89375,90167,91008,91903,92859,93885,95142,96396,97642,98882,99443,99670,99899,100131,100363,100597,100079,99566,99056,98550,98045,97543,97043,96544,96046,95550,95056,94565,94074,93587,93100,92614,92130,91650,91172,90696
IT,99.6,137683,121027,119719,117790,115852,113901,112015,110105,108171,106209,104226,102857,101490,100126,98766,97401,96031,94655,93457,92409,91320,90182,88990,87743,86438,85071,85287,85513,85745,85986,86234,86490,86752,87022,87496,88041,88612,89210,89839,90499,91197,91934,92716,93547,94433,95381,96756,98122,99479,100825,102161,103448,104726,105380,105573,105767,105144,104527,103913,103302,102693,102088,101485,100882,100282,99682,99086,98491,97898,97309,96719,96131,95545,94962,94383,93806
IT,99.7,160432,135660,134009,131763,129528,127302,125252,123140,120966,118736,116456,114770,113081,111388,109691,107981,106256,104514,102749,100958,99140,97286,95820,94292,92672,90956,91096,91249,91411,91586,91770,91965,92170,92385,92611,92846,93092,93348,93615,93891,94178,94474,94781,95180,95957,96786,98347,99892,101422,102937,104435,105872,107296,108707,110102,111483,111914,111425,110658,109894,109133,108377,107621,106867,106115,105365,104617,103872,103128,102389,101649,100910,100175,99442,98714,97987
IT,99.8,227201,177904,175131,171679,168157,164554,160969,157407,154252,151071,147863,145704,143384,140916,138315,135581,132722,129830,127032,124158,121202,118153,115001,111740,108366,104868,104662,104457,104246,104176,104158,104158,104178,104217,104276,104353,104448,104560,104689,104836,104997,105174,105365,105569,105783,106008,106459,106973,107545,108173,108856,109568,110741,112532,114291,116017,116699,117333,117918,118453,118940,119377,119765,118936,117713,116491,115273,114058,112845,111636,110427,109220,108017,106816,105620,104426
IT,99.9,274190,205637,202674,198980,195162,191209,187224,183092,178808,174368,169775,166201,162575,159971,157160,154116,150853,147384,143712,139850,135805,131968,128085,124037,119817,115412,115114,114816,114513,114209,113901,113588,113272,112953,112631,112308,111983,111657,111632,111694,111779,111883,112007,112147,112302,112469,112788,113184,113650,114182,114782,115415,116108,116858,117661,118515,118545,119455,120292,121057,121748,122368,122916,123393,123800,124136,123030,121486,119943,118406,116868,115332,113801,112272,110749,109227
IT,99.91,287478,212944,209962,206231,202357,198328,194252,190008,185593,181004,176244,172466,168627,164826,161971,158847,155473,151863,148024,143968,139705,135304,131201,126914,122434,117748,117422,117094,116761,116427,116088,115746,115399,115049,114697,114343,113987,113629,113272,113040,113101,113182,113284,113404,113538,113686,113969,114330,114765,115269,115843,116451,117121,117849,118632,119467,119272,119699,120584,121388,122112,122758,123324,123813,124224,124559,124023,122379,120737,119101,117464,115830,114199,112572,110949,109328
IT,99.92,302004,220671,217695,213948,210035,205947,201790,197444,192905,188169,183240,179246,175184,171050,167104,163912,160433,156684,152674,148418,143926,139201,134561,130022,125266,120283,119924,119564,119199,118833,118463,118087,117709,117326,116940,116552,116163,115771,115380,114990,114600,114564,114644,114741,114855,114983,115226,115550,115951,116426,116972,117553,118198,118903,119666,120482,120277,120031,120864,121717,122481,123158,123749,124254,124673,125009,125111,123359,121609,119864,118120,116377,114638,112903,111172,109444
IT,99.93,323478,231593,228674,224952,221028,216893,212657,208195,203505,198584,193433,189132,184750,180284,175729,171185,167582,163654,159416,154883,150072,144984,139630,134528,129381,123968,123563,123158,122747,122334,121917,121495,121068,120638,120204,119768,119330,118888,118448,118008,117568,117129,116692,116635,116720,116820,117004,117275,117628,118059,118564,119109,119719,120392,121125,121914,121700,121437,121200,122131,122962,123693,124325,124859,125295,125635,125882,124771,122860,120955,119051,117148,115249,113354,111463,109575
IT,99.94,350476,244478,241718,238106,234245,230124,225853,221309,216487,211383,206002,201340,196578,191714,186741,181648,176428,172168,167682,162839,157656,152141,146305,140160,134453,128525,128064,127603,127135,126665,126192,125712,125228,124739,124247,123752,123253,122752,122252,121750,121248,120747,120248,119747,119245,119015,119126,119332,119626,120003,120461,120959,121529,122165,122864,123623,123405,123131,122798,122543,123470,124280,124975,125555,126022,126379,126624,126534,124422,122316,120210,118106,116006,113910,111818,109728
IT,99.95,380669,257771,255300,251920,248230,244218,239999,235444,230550,225315,219739,214703,209546,204264,198852,193294,187587,181718,176658,171515,165959,160003,153660,146947,140006,133533,133011,132489,131961,131431,130895,130354,129808,129257,128701,128141,127579,127013,126446,125879,125311,124742,124175,123605,123035,122462,121606,121493,121723,122044,122452,122903,123430,124029,124695,125423,125215,124938,124594,124182,123914,124830,125611,126258,126774,127158,127414,127544,126182,123850,121519,119190,116865,114544,112227,109912
IT,99.96,426953,275857,274061,271254,268033,264383,260421,256018,251169,245872,240130,234584,228880,223014,216980,210759,204348,197734,190903,184341,178298,171737,164680,157149,149162,140992,140383,139773,139157,138538,137913,137282,136645,136003,135355,134703,134046,133385,132723,132058,131392,130724,130057,129386,128712,128036,126969,125996,125110,124874,125212,125596,126066,126615,127239,127931,127759,127501,127158,126730,126217,125621,126389,127165,127776,128227,128518,128653,128634,126151,123475,120801,118131,115465,112803,110144
IT,99.97,502397,299397,299301,297997,296077,293522,290447,286726,282354,277328,271652,265435,258994,252323,245410,238238,230802,223084,215068,206748,198116,190069,182012,173286,163922,153947,153001,152060,151117,150175,149232,148285,147351,146572,145787,144995,144197,143392,142585,141774,140960,140142,139323,138498,137669,136834,135412,134106,132909,131812,130814,129892,129675,130165,130740,131395,131346,131177,130888,130484,129962,129327,128578,128220,129054,129668,130068,130256,130237,129840,126600,123362,120130,116900,113677,110455
IT,99.98,639214,362725,359603,355670,351522,347136,342657,337904,332856,327891,323405,316491,309203,301531,293463,284976,276060,266695,256861,246547,235743,224426,212581,201046,189558,177082,175755,174444,173138,171842,170550,169261,167974,166688,165403,164117,162831,161543,160255,158965,157673,156379,155177,154108,153029,151941,149847,147916,146137,144500,143000,141603,140324,139154,138085,137109,136136,136312,136297,136094,135704,135133,134381,133452,132349,131389,132148,132577,132682,132471,131951,127924,123670,119421,115176,110935
IT,99.99,773338,418002,414744,410622,406224,401523,396670,391467,385887,379904,373491,363944,354037,344849,336195,326930,317043,306510,295305,283416,270829,257519,243468,228665,213294,198750,197052,195382,193728,192094,190474,188863,187263,185669,184081,182497,180916,179336,177760,176183,174606,173026,171444,169856,168257,166649,163505,160368,157986,155807,153809,151949,150243,148682,147253,145947,144316,142565,140695,140125,140049,139709,139110,138256,137152,135803,134215,134146,134530,134464,133959,132328,127074,121823,116578,111336
IT,99.991,813180,433077,429843,425729,421323,416593,411692,406418,400743,394638,388073,378283,368093,357493,348053,338656,328572,317776,306242,293957,280907,267065,252412,236937,220628,204992,203185,201409,199653,197921,196205,194502,192811,191129,189455,187787,186123,184461,182803,181146,179488,177828,176167,174498,172820,171131,167868,164612,161362,158950,156803,154806,152974,151299,149767,148367,146727,144954,143048,141044,141096,140857,140332,139528,138447,137098,135486,134480,134976,134978,134499,133549,128067,122519,116977,111438
IT,99.992,860355,450130,446963,442898,438520,433794,428873,423553,417802,411589,404880,394846,384365,373424,362005,352104,341841,330785,318909,306198,292638,278201,262867,246624,229461,212271,210333,208432,206557,204709,202882,201071,199275,197491,195717,193951,192191,190435,188684,186934,185184,183433,181680,179919,178149,176367,172968,169575,166188,162804,160222,158062,156084,154275,152622,151113,149474,147685,145749,143668,142194,142094,141675,140943,139906,138568,136938,135023,135444,135543,135105,134146,129239,123339,117444,111552
IT,99.993,914080,468499,465459,461500,457205,452534,447642,442317,436530,430242,423418,413162,402404,391128,379315,366936,356450,345164,332961,319822,305733,290665,274597,257518,239415,220415,218329,216287,214276,212299,210346,208415,206502,204605,202720,200846,198980,197118,195265,193413,191562,189711,187857,185997,184125,182242,178692,175149,171609,168072,164542,161606,159461,157503,155716,154087,152464,150675,148717,146596,144313,143341,143066,142440,141470,140164,138529,136575,135901,136129,135756,134801,130573,124272,117976,111684
IT,99.994,982991,490421,487623,483879,479768,475248,470469,465218,459457,453148,446251,435802,424774,413150,400906,388016,374463,362927,350398,336798,322112,306308,289365,271270,252013,231576,228898,226208,223948,221806,219696,217613,215554,213515,211493,209485,207488,205499,203519,201543,199568,197593,195617,193633,191638,189631,185896,182167,178439,174714,170993,167268,163548,161389,159434,157654,156081,154312,152350,150198,147859,145338,144634,144175,143322,142081,140464,138480,136365,136789,136526,135595,132269,125454,118644,111837
IT,99.995,1072175,522601,517154,510759,506631,502436,497933,492905,487308,481098,474229,463681,452447,440505,427833,414399,400186,385164,371992,357943,342617,325982,308016,288704,268035,245994,243110,240212,237291,234354,231427,229153,226912,224697,222505,220332,218174,216028,213894,211765,209640,207516,205391,203258,201114,198956,194996,191038,187080,183121,179167,175201,171242,167288,163831,161869,160399,158697,156765,154608,152229,149634,146825,146117,145464,144353,142798,140809,138397,137496,137417,136552,134451,126969,119494,112022
IT,99.996,1194506,567693,562088,555493,548492,541047,533358,527304,522165,516322,509718,499313,488057,475929,462902,448942,434028,418128,401204,385430,369475,351923,332753,311950,289500,265391,262237,259068,255873,252658,249421,246159,242877,239573,236983,234599,232237,229891,227563,225243,222929,220619,218308,215990,213659,211313,207068,202820,198568,194312,190056,185783,181513,177246,172981,168719,165660,164123,162301,160200,157824,155180,152272,149107,147940,147090,145691,143760,141309,138353,138449,137739,136095,129027,120639,112253
IT,99.997,1378407,630015,624437,617805,610694,603058,595104,586555,577371,567508,556917,547202,536485,524618,511566,497292,481771,464966,446836,427357,407094,388651,368107,345448,320660,293732,290204,286656,283076,279474,275844,272185,268501,264789,261054,257298,253522,249726,246895,244327,241770,239218,236668,234111,231541,228953,224331,219698,215054,210397,205733,201042,196345,191647,186946,182242,177836,173324,169496,167616,165370,162770,159821,156530,152906,150382,149378,147672,145282,142229,139598,139256,137692,132085,122323,112565
IT,99.998,1732117,731435,726799,720987,714557,707445,699851,691479,682273,672168,661097,644697,627333,608981,591476,578209,563027,545883,526726,505529,482267,456894,429925,405001,376854,345482,341333,337157,332940,328689,324400,320069,315703,311297,306857,302384,297878,293343,288786,284204,279599,274975,270334,265671,262645,259729,254562,249361,244126,238858,233562,228208,222832,217438,212024,206595,201521,196278,190864,185286,179543,174866,172194,168988,165263,161030,156305,153448,151579,148682,144783,141296,140238,137354,125443,113044
IT,99.999,28219398,4303098,4275761,4243866,4207655,4166735,4121984,4071940,4016219,3954395,3885983,3786114,3679408,3565678,3444683,3316185,3180041,3035951,2883652,2722996,2716447,2722625,2679881,2588361,2448333,2291233,2274345,2255334,2234142,2210820,2185380,2157855,2128332,2096850,2063497,2028365,1991539,1953113,1913225,1871950,1829389,1785647,1740848,1695041,1648325,1600797,1550981,1501464,1452243,1403324,1358297,1330537,1297948,1260965,1220000,1175472,1137283,1096844,1054189,1009381,962456,913480,875513,854327,825352,788818,744955,693995,636154,584774,522761,450369,367969,290972,201735,114314
