gpercentile,IT25,cash_GR35,IT35,SCmat,SC,PC,PI,SC45k,SC15k,SI,SN,SG,MC
0,5759,1374,10743,10314,9813,11861,7740,8919,8027,5787,8558,7042,9303
1,5885,1398,10788,10357,9854,11910,7910,8956,8061,5914,8577,7190,9342
2,6059,1433,10870,10435,9928,12000,8144,9024,8122,6089,8620,7397,9413
3,6290,1481,11063,10620,10105,12213,8453,9184,8266,6320,8752,7673,9580
4,6585,1463,11229,10780,10256,12397,8850,9322,8390,6617,8867,7953,9724
5,6953,1525,11233,10783,10260,12401,9345,9325,8393,6987,8920,8144,9727
6,7190,1532,11327,10874,10346,12505,9663,9403,8463,7225,8946,8155,9809
7,7190,1473,11660,11193,10650,12873,9663,9680,8712,7225,9305,8166,10097
8,7190,1392,11754,11284,10736,12977,9663,9758,8783,7225,9464,8186,10179
9,7190,1305,11764,11293,10745,12987,9663,9766,8790,7225,9553,8214,10187
10,7190,1213,11913,11437,10881,13152,9663,9890,8901,7225,9773,8216,10316
11,7190,1145,11994,11514,10955,13241,9663,9957,8961,7225,9909,8271,10386
12,7193,1079,12021,11541,10980,13272,9668,9980,8982,7228,9995,8333,10410
13,7206,1012,12268,11777,11205,13543,9685,10185,9166,7241,10280,8380,10623
14,7235,956,12341,11848,11272,13625,9724,10246,9221,7270,10399,8417,10687
15,7288,910,12378,11883,11306,13665,9796,10276,9248,7324,10474,8497,10719
16,7343,884,12594,12090,11503,13903,9869,10455,9410,7379,10696,8570,10906
17,7390,865,12709,12200,11608,14030,9932,10551,9496,7426,10818,8624,11005
18,7816,887,12817,12304,11706,14149,10505,10640,9576,7855,10896,8665,11099
19,7909,871,12849,12335,11736,14186,10629,10668,9601,7947,10941,8743,11127
20,8362,895,13001,12481,11875,14353,11238,10794,9714,8403,11058,9220,11259
21,8535,894,13022,12501,11894,14377,11472,10811,9730,8577,11078,9394,11277
22,8840,909,13253,12723,12105,14631,11881,11003,9902,8883,11269,9714,11477
23,9134,921,13258,12728,12110,14637,12276,11007,9906,9178,11274,10020,11481
24,9250,920,13568,13025,12393,14979,12432,11264,10138,9295,11552,10136,11749
25,9475,935,13598,13054,12420,15012,12734,11289,10160,9521,11566,10375,11776
26,9699,942,13661,13114,12477,15081,13035,11341,10207,9746,11617,10607,11830
27,9966,955,13683,13135,12497,15106,13394,11359,10223,10015,11625,10887,11849
28,10111,936,13946,13388,12738,15396,13589,11578,10420,10160,11883,11015,12077
29,10552,944,13997,13437,12784,15452,14182,11620,10458,10604,11922,11458,12121
30,10553,934,14026,13465,12811,15485,14183,11645,10480,10604,11958,11466,12146
31,10981,943,14416,13840,13168,15916,14758,11968,10772,11034,12307,11895,12484
32,11347,974,14927,14330,13634,16479,15250,12392,11153,11402,12745,12291,12926
33,11716,1002,15427,14810,14091,17031,15746,12807,11527,11773,13176,12689,13359
34,11908,1005,15636,15010,14281,17262,16005,12981,11683,11967,13363,12885,13540
35,12125,1018,15920,15283,14541,17575,16296,13217,11895,12184,13611,13114,13786
36,12338,1026,16005,15364,14618,17669,16582,13287,11958,12398,13682,13335,13860
37,12421,983,16173,15526,14772,17855,16694,13427,12084,12482,13875,13380,14005
38,12817,1006,16333,15680,14919,18032,17226,13560,12204,12879,14000,13774,14144
39,12823,973,16415,15759,14993,18122,17234,13628,12265,12885,14104,13798,14215
40,12904,970,16476,15817,15049,18190,17344,13679,12311,12968,14163,13854,14268
41,13021,959,16501,15841,15072,18218,17501,13700,12330,13085,14196,13962,14290
42,13235,971,16755,16084,15303,18497,17787,13910,12519,13299,14417,14186,14509
43,13506,955,16906,16230,15442,18664,18152,14035,12632,13572,14569,14444,14640
44,13739,939,17021,16341,15547,18792,18466,14131,12718,13806,14689,14664,14740
45,13981,951,17333,16640,15832,19136,18790,14390,12951,14049,14963,14918,15010
46,14457,981,17947,17229,16393,19814,19430,14900,13410,14528,15497,15424,15542
47,14716,986,18228,17499,16649,20123,19779,15133,13619,14788,15749,15689,15785
48,15135,1007,18747,17997,17123,20696,20341,15564,14007,15209,16203,16129,16234
49,15377,1008,18990,18231,17346,20965,20667,15766,14189,15452,16425,16373,16445
50,15549,1013,19202,18434,17539,21199,20897,15942,14348,15625,16614,16550,16629
51,16009,1025,19699,18911,17993,21748,21516,16354,14719,16087,17056,17023,17059
52,16300,1041,20091,19288,18351,22181,21907,16680,15012,16380,17400,17331,17398
53,16667,1039,20417,19600,18648,22540,22401,16950,15255,16749,17699,17698,17680
54,17094,1066,20993,20153,19174,23176,22974,17428,15685,17178,18201,18151,18179
55,17453,1077,21407,20551,19553,23634,23456,17773,15995,17538,18570,18521,18538
56,18001,1107,22113,21228,20198,24413,24193,18358,16522,18089,19187,19100,19149
57,18351,1126,22584,21681,20628,24933,24664,18750,16875,18441,19600,19469,19557
58,18601,1121,22808,21896,20833,25181,25000,18936,17042,18692,19809,19716,19751
59,19167,1146,23503,22563,21467,25947,25761,19512,17561,19261,20421,20308,20353
60,19494,1155,23893,22938,21824,26378,26200,19836,17853,19589,20769,20644,20691
61,20224,1180,24722,23733,22581,27293,27181,20524,18472,20323,21503,21401,21409
62,20504,1191,25097,24093,22923,27707,27557,20836,18752,20604,21835,21692,21733
63,20933,1209,25644,24618,23423,28311,28135,21290,19161,21036,22319,22140,22207
64,21342,1222,26145,25099,23881,28864,28683,21706,19535,21446,22765,22562,22641
65,21652,1214,26411,25355,24124,29158,29101,21927,19734,21758,23015,22867,22872
66,22083,1224,26910,25833,24579,29708,29679,22341,20107,22191,23461,23309,23303
67,22356,1209,27096,26012,24749,29914,30046,22495,20246,22465,23644,23570,23464
68,22687,1220,27531,26430,25146,30394,30491,22856,20571,22798,24032,23913,23841
69,23053,1219,27896,26780,25479,30797,30983,23159,20843,23166,24366,24279,24157
70,23720,1238,28670,27523,26187,31652,31880,23802,21422,23836,25056,24967,24827
71,24259,1249,29287,28116,26750,32333,32604,24314,21883,24378,25609,25519,25362
72,25097,1269,30216,29007,27599,33358,33730,25085,22577,25220,26439,26379,26166
73,25899,1288,31113,29869,28418,34349,34808,25831,23247,26026,27242,27202,26943
74,26704,1305,32007,30727,29235,35336,35890,26573,23915,26834,28043,28027,27717
75,27347,1316,32722,31413,29887,36125,36755,27166,24449,27481,28686,28683,28336
76,27945,1317,33332,31998,30445,36798,37558,27672,24905,28082,29242,29285,28864
77,28738,1332,34215,32847,31252,37774,38624,28406,25565,28879,30036,30095,29630
78,29530,1343,35081,33678,32042,38729,39688,29124,26212,29674,30816,30901,30379
79,30538,1362,36193,34746,33058,39958,41044,30048,27043,30688,31814,31932,31342
80,31563,1387,37379,35884,34141,41266,42421,31032,27929,31718,32875,32984,32369
81,32181,1385,38019,36498,34726,41973,43252,31564,28407,32339,33461,33604,32924
82,33000,1394,38923,37366,35551,42971,44352,32314,29083,33161,34279,34434,33706
83,33849,1398,39824,38231,36375,43966,45492,33062,29756,34014,35098,35291,34487
84,34676,1406,40756,39126,37226,44994,46605,33836,30452,34846,35941,36130,35293
85,35376,1403,41498,39838,37903,45813,47545,34451,31006,35549,36621,36831,35936
86,36507,1420,42787,41075,39081,47237,49066,35522,31970,36686,37784,37983,37052
87,37916,1437,44321,42548,40482,48931,50959,36796,33116,38101,39170,39414,38381
88,39237,1431,45573,43750,41625,50312,52734,37835,34051,39429,40318,40736,39464
89,40645,1444,47120,45235,43039,52021,54627,39119,35207,40844,41720,42163,40805
90,42262,1455,48844,46890,44613,53924,56800,40551,36495,42468,43285,43797,42297
91,43866,1448,50404,48388,46038,55646,58956,41846,37661,44080,44716,45403,43649
92,45855,1442,52332,50239,47799,57775,61629,43446,39102,46079,46482,47397,45318
93,48755,1451,55191,52984,50411,60931,65526,45820,41238,48993,49086,50319,47794
94,52187,1454,58497,56157,53430,64581,70140,48565,43708,52443,52102,53771,50657
95,58123,1495,64354,61779,58780,71046,78117,53427,48084,58407,57414,59773,55728
96,65664,1529,71609,68744,65406,79056,88253,59450,53505,65986,64009,67382,62011
97,76362,1183,81175,77928,74144,89617,102630,67392,60653,76735,73063,77816,70295
98,101694,-8189,95329,91516,87072,105243,136677,79143,71229,102192,94552,94713,82552
99,134640,-19468,114926,110329,104971,126878,180956,95412,85871,135299,122753,117517,99522
99.1,140356,-21107,118593,113850,108321,130927,188638,98457,88611,141043,127600,121763,102698
99.2,148316,-23422,123547,118606,112846,136396,199336,102570,92313,149042,134239,127648,106988
99.3,156159,-26240,127472,122373,116431,140729,209877,105828,95245,156923,140397,132956,110387
99.4,167122,-30277,132805,127493,121302,146616,224612,110255,99230,167940,148957,140285,115005
99.5,181264,-34184,140933,135296,128726,155590,243618,117003,105303,182151,159949,150927,122044
99.6,195152,-38628,146991,141111,134259,162278,262284,122032,109829,196107,169541,160825,127290
99.7,235007,-49703,169826,163033,155116,187488,315850,140990,126891,236157,200514,190759,147064
99.8,309602,-77096,200780,192749,183389,221661,416105,166688,150020,311118,253807,240699,173869
99.9,381402,-101226,235435,226018,215043,259920,512605,195460,175914,383269,307501,290811,203880
99.91,398332,-106372,243482,233743,222393,268805,535358,202140,181926,400281,319551,303123,210849
99.92,433872,-116676,262502,252002,239765,289802,583124,217930,196137,435996,346335,329426,227319
99.93,464938,-126377,277273,266182,253257,306110,624876,230194,207174,467214,368687,351783,240110
99.94,522490,-144022,306331,294077,279797,338189,702227,254317,228886,525048,411345,393500,265273
99.95,590931,-165540,340302,326690,310826,375693,794211,282520,254268,593823,462028,442621,294691
99.96,749673,-215391,420722,403893,384281,464477,1007561,349286,314357,753342,581016,556608,364333
99.97,849575,-254504,458494,440154,418781,506177,1141828,380644,342580,853733,651240,621273,397042
99.98,2208755,-713075,1115700,1071072,1019062,1231733,2968567,926260,833634,2219566,1670373,1568255,966163
99.99,4438606,-1502376,2140674,2055047,1955256,2363305,5965486,1777199,1599480,4460332,3327501,3088087,1853761
99.991,4861880,-1665144,2317114,2224429,2116413,2558093,6534367,1923680,1731312,4885678,3637327,3364763,2006552
99.992,5195538,-1804354,2441858,2344184,2230352,2695811,6982803,2027244,1824519,5220969,3878419,3572902,2114577
99.993,5299140,-1869604,2451632,2353567,2239280,2706602,7122044,2035358,1831822,5325078,3946945,3617412,2123041
99.994,5360029,-1929450,2430463,2333245,2219945,2683232,7203879,2017784,1816005,5386265,3982272,3623938,2104710
99.995,5479837,-2023874,2421095,2324251,2211387,2672888,7364901,2010006,1809005,5506660,4059960,3658087,2096597
99.996,6028818,-2304871,2569979,2467180,2347376,2837257,8102732,2133611,1920250,6058328,4452607,3953097,2225526
99.997,7594252,-3052446,3065433,2942815,2799915,3384238,10206675,2544939,2290445,7631424,5587968,4843371,2654574
99.998,8967055,-3768231,3419756,3282965,3123548,3775410,12051722,2839099,2555189,9010946,6565387,5569107,2961408
99.999,15881718,-10307234,2186716,2099247,1997310,2414134,21345029,1815423,1633881,15959455,11411765,6545000,1893632
