name,value
ratio_IT,0.691234
extra_tax_rate_IT,0.048559
decarb_SD,1
decarb_ID,0.99
decarb_FD,0.97
temp_beef_reduction_C,0.24
temp_flights_reduction_C,0.155
temp_ps_coef_a,67.25
temp_ps_coef_b,2.06
temp_ps_coef_c,0.0004875
gdp_pc_GIT_28h,30
gdp_pc_GIT_32h,45
gdp_pc_GIT_36h,60
gdp_pc_GIT_40h,90
gdp_pc_GIT_44h,120
gdp_pc_noGIT_28h,25
gdp_pc_noGIT_32h,37.5
gdp_pc_noGIT_36h,50
gdp_pc_noGIT_40h,75
gdp_pc_noGIT_44h,100
pop_sc_2100_B,9.41
pop_pi_2100_B,10.18
gdp_pc_IT_SC_2025,41345.9
gdp_pc_IT_PI_2035,57502.6
hours_pc_IT_SC_2035,539.71
hours_pc_IT_PI_2035,624.06
si_scale_2035,1.202794
noem_Intercept,1.80845076
noem_gdp,0.00071636
noem_decarbID,0.33388702
noem_decarbSD,2.07608162
noem_gdp_decarbID,0.00117927
noem_gdp_decarbSD,0.00018292
noem_decarbFD_sectoral_change,-0.3924598
noem_decarbID_sectoral_change,-0.4862577
noem_decarbSD_sectoral_change,-1.29226619
avg_IT2035_IT25,23420
avg_IT2035_cash_GR35,246
avg_IT2035_IT35,26821
avg_IT2035_SCmat,26016
avg_IT2035_SC,24753
avg_IT2035_PC,29918
avg_IT2035_PI,31804
avg_IT2035_SC45k,22498
avg_IT2035_SC15k,20249
avg_IT2035_SI,25997
avg_IT2035_SN,25759
avg_IT2035_SG,24968
avg_IT2035_B90kC,24139
avg_IT2035_B90kMat,25371
avg_IT2035_Bmat,22515
avg_IT2035_B120kC,26553
avg_IT2035_B,21422
avg_IT2035_B45kC,19311
avg_IT2035_B90kC_SD,24885
avg_World2100_PI,61540
avg_World2100_PC,71831
avg_World2100_SC,35915
avg_World2100_SCmat,35915
avg_World2100_SC45k,26937
avg_World2100_SC15k,8979
avg_World2100_B90kC,53873
avg_World2100_SI,30770
avg_World2100_SN,29989
avg_World2100_SG,38317
avg_World2100_B120kC,71831
avg_World2100_B45kC,26937
