bracket,IT_SC,IT_SG,IT_SN,IT_SI,World_SC,World_SG,World_SN,World_SI
p0p5,23847,27898,36841,13844,23847,6490,3660,740
p5p10,24500,28383,37889,16060,24500,14624,5717,1637
p10p15,25189,29810,38996,21728,25189,22087,6660,2513
p15p20,25918,32508,40167,27680,25918,23951,7960,3473
p20p25,26693,34335,41413,31455,26693,24254,9733,4552
p25p30,27520,35731,42741,34210,27520,25038,12272,5864
p30p35,28407,37850,44164,37640,28407,25993,16202,7418
p35p40,29361,39763,45697,40462,29361,26751,20681,9102
p40p45,30395,42950,47358,44858,30395,27369,23390,10889
p45p50,31523,45478,49171,48329,31523,27843,25628,12767
p50p55,32765,47375,51165,50954,32765,28272,28225,14787
p55p60,34145,48950,53382,53152,34145,28844,31057,17157
p60p65,35698,50757,55877,55694,35698,29439,34205,19988
p65p70,37475,53401,58731,59479,37475,31136,37069,23657
p70p75,39551,56565,62065,64046,39551,33459,40182,28319
p75p80,42047,60591,66073,69918,42047,36812,43634,34469
p80p85,45178,65254,71104,76755,45178,42947,47913,43127
p85p90,49390,71351,77869,86025,49390,51687,53775,55262
p90p95,55876,82752,88287,104002,55876,66917,63057,77180
p95p99,68072,119465,107876,155162,68072,116851,81112,146982
p99p100,91861,359421,146087,466817,91861,494714,119309,624578
